-- MySQL dump 10.13  Distrib 8.0.30, for Linux (x86_64)
--
-- Host: localhost    Database: waraqa
-- ------------------------------------------------------
-- Server version	8.0.30-0ubuntu0.20.04.2

/*!40101 SET @OLD_CHARACTER_SET_CLIENT=@@CHARACTER_SET_CLIENT */;
/*!40101 SET @OLD_CHARACTER_SET_RESULTS=@@CHARACTER_SET_RESULTS */;
/*!40101 SET @OLD_COLLATION_CONNECTION=@@COLLATION_CONNECTION */;
/*!50503 SET NAMES utf8mb4 */;
/*!40103 SET @OLD_TIME_ZONE=@@TIME_ZONE */;
/*!40103 SET TIME_ZONE='+00:00' */;
/*!40014 SET @OLD_UNIQUE_CHECKS=@@UNIQUE_CHECKS, UNIQUE_CHECKS=0 */;
/*!40014 SET @OLD_FOREIGN_KEY_CHECKS=@@FOREIGN_KEY_CHECKS, FOREIGN_KEY_CHECKS=0 */;
/*!40101 SET @OLD_SQL_MODE=@@SQL_MODE, SQL_MODE='NO_AUTO_VALUE_ON_ZERO' */;
/*!40111 SET @OLD_SQL_NOTES=@@SQL_NOTES, SQL_NOTES=0 */;

--
-- Table structure for table `admins`
--

DROP TABLE IF EXISTS `admins`;
/*!40101 SET @saved_cs_client     = @@character_set_client */;
/*!50503 SET character_set_client = utf8mb4 */;
CREATE TABLE `admins` (
  `id` int NOT NULL AUTO_INCREMENT,
  `name` varchar(50) DEFAULT NULL,
  `picture` varchar(100) DEFAULT NULL,
  `email` varchar(50) NOT NULL,
  `password` varchar(255) NOT NULL,
  `phone` int DEFAULT NULL,
  `token` int DEFAULT NULL,
  `createdAt` timestamp NOT NULL DEFAULT CURRENT_TIMESTAMP,
  PRIMARY KEY (`id`)
) ENGINE=InnoDB AUTO_INCREMENT=8 DEFAULT CHARSET=utf8mb3;
/*!40101 SET character_set_client = @saved_cs_client */;

--
-- Dumping data for table `admins`
--

LOCK TABLES `admins` WRITE;
/*!40000 ALTER TABLE `admins` DISABLE KEYS */;
INSERT INTO `admins` VALUES (1,'Mohamed Ismail','https://res.cloudinary.com/djhd6qba5/image/upload/v1653127020/Waraqa/mirurhydcw7biba5w4gu.png','admin@gmail.com','$2a$10$rFyl/GVzazj76HmvXkayuOQ81btDmYwHMKMFN1QreB5CNBLlvv8I2',11,NULL,'0000-00-00 00:00:00'),(2,'Mohamed Ismail','https://res.cloudinary.com/djhd6qba5/image/upload/v1661585716/Waraqa/ntpafgighp57atuqt5az.jpg','waraqaweb@gmail.com','$2a$10$Qeqoi9fL/GjSLUd0K6YlNeGPSc2O9e998l0o9/xgvrBpqXzB3igvO',1200324956,NULL,'2022-04-09 03:03:27'),(3,'Mohamed Ismail',NULL,'mo7amed2225@gmail.com','$2a$10$K8fPsoEZROp4sEz8k80Lt.oVSjwMMmYpBlfJghW5dyq4PsqPqwlGe',NULL,NULL,'2022-04-09 14:37:18'),(4,'Ahmed Ismail',NULL,'a7med0122@gmail.com','$2a$10$IlkWNBTybr5rvdJQCqv9we6iFGsVbDYUe.aTXD2chkHD6uWt0UDKy',NULL,NULL,'2022-04-12 02:07:41'),(5,'Lamiaa Ali',NULL,'lamiaaali1997@gmail.com','$2a$10$fBcTAP/CmulqO4O3GJ13iugrZ6cibihH2EP4TM3sMp1lvQstnnGxK',NULL,NULL,'2022-04-12 02:08:43'),(6,'taky',NULL,'taky@admin.com','$2a$10$wQFJe6y1aqKCJCRKcsYZmO7r6oN7Mih6bmlI7bxd3LWUBomvJz32O',NULL,NULL,'2022-07-10 11:33:51'),(7,'Taky Gad','https://res.cloudinary.com/djhd6qba5/image/upload/v1661009902/Waraqa/qwwiulr6ylvs3w5yhq75.jpg','takyehab@gmail.com','$2a$10$5buNR3jv95FbFFxmZk/sIe3/EYrsIVBuJgctAo9H0JA3ILQGvTAxa',123,NULL,'2022-08-20 15:24:15');
/*!40000 ALTER TABLE `admins` ENABLE KEYS */;
UNLOCK TABLES;

--
-- Table structure for table `classes`
--

DROP TABLE IF EXISTS `classes`;
/*!40101 SET @saved_cs_client     = @@character_set_client */;
/*!50503 SET character_set_client = utf8mb4 */;
CREATE TABLE `classes` (
  `id` int NOT NULL AUTO_INCREMENT,
  `scheduleID` int DEFAULT NULL,
  `invoiceID` int DEFAULT NULL,
  `guardianID` int DEFAULT NULL,
  `teacherID` int DEFAULT NULL,
  `studentID` int DEFAULT NULL,
  `subject` varchar(100) NOT NULL,
  `classTitle` varchar(50) DEFAULT NULL,
  `startingDate` timestamp NULL DEFAULT NULL,
  `duration` int DEFAULT NULL,
  `guests` varchar(255) DEFAULT NULL,
  `description` varchar(255) DEFAULT NULL,
  `timeZone` varchar(100) NOT NULL,
  `countForTeacher` tinyint NOT NULL DEFAULT '1',
  `countForStudent` tinyint NOT NULL DEFAULT '1',
  `countOnInvoice` int DEFAULT '1',
  `teacherReschedule` timestamp NULL DEFAULT NULL,
  `studentReschedule` timestamp NULL DEFAULT NULL,
  `reportReminded` tinyint NOT NULL DEFAULT '0',
  `status` tinyint(1) NOT NULL DEFAULT '0' COMMENT '0:Default(active), 1:Attended, 2: Cancelled by student, 3:Cancelled by teacher, 4: Missed by student, 5: Missed by teacher, 6: Cancelled by admin',
  `previousAssignment` tinyint(1) DEFAULT NULL COMMENT '1:Done, 2:Incomplete, 3:Missed, 4:Not assigned',
  `classPerformance` tinyint(1) DEFAULT NULL,
  `newAssignment` varchar(255) DEFAULT NULL,
  `supervisorNotes` varchar(255) DEFAULT NULL,
  `createdAt` timestamp NOT NULL DEFAULT CURRENT_TIMESTAMP,
  PRIMARY KEY (`id`),
  KEY `ctrel` (`teacherID`),
  KEY `csrel` (`studentID`),
  KEY `icsrel` (`invoiceID`),
  KEY `screl` (`scheduleID`),
  KEY `gcrel` (`guardianID`),
  CONSTRAINT `csrel` FOREIGN KEY (`studentID`) REFERENCES `students` (`id`),
  CONSTRAINT `ctrel` FOREIGN KEY (`teacherID`) REFERENCES `teachers` (`id`),
  CONSTRAINT `gcrel` FOREIGN KEY (`guardianID`) REFERENCES `guardians` (`id`) ON UPDATE CASCADE,
  CONSTRAINT `icsrel` FOREIGN KEY (`invoiceID`) REFERENCES `guardianinvoices` (`id`) ON UPDATE CASCADE,
  CONSTRAINT `screl` FOREIGN KEY (`scheduleID`) REFERENCES `scheduledclasses` (`id`) ON UPDATE CASCADE
) ENGINE=InnoDB AUTO_INCREMENT=3402 DEFAULT CHARSET=utf8mb3;
/*!40101 SET character_set_client = @saved_cs_client */;

--
-- Dumping data for table `classes`
--

LOCK TABLES `classes` WRITE;
/*!40000 ALTER TABLE `classes` DISABLE KEYS */;
INSERT INTO `classes` VALUES (28,3,2,NULL,9,22,'Foundation level','Class','2022-09-13 21:30:00',30,'','','Africa/Cairo',1,1,1,NULL,NULL,0,1,4,NULL,'----',NULL,'2022-08-27 09:21:20'),(32,3,2,NULL,9,22,'Foundation level','Class','2022-09-14 21:30:00',30,'','','Africa/Cairo',1,1,1,NULL,NULL,0,1,4,NULL,'----','حالات تفخيم الراء ','2022-08-27 09:21:20'),(95,8,77,NULL,19,120,'Ljazah program','Class','2022-09-14 11:30:00',60,'','','Africa/Cairo',1,1,2,NULL,NULL,0,1,1,5,NULL,NULL,'2022-08-27 10:07:35'),(100,8,77,NULL,19,120,'Ljazah program','Class','2022-09-17 11:30:00',60,'','','Africa/Cairo',1,1,2,NULL,NULL,0,1,1,5,NULL,NULL,'2022-08-27 10:07:35'),(144,13,78,NULL,4,41,'Intermediate arabic','Class','2022-09-15 16:30:00',60,'','','Africa/Cairo',1,1,1,NULL,NULL,1,5,NULL,NULL,NULL,NULL,'2022-08-28 16:19:58'),(145,13,78,NULL,4,41,'Intermediate arabic','Class','2022-09-22 16:30:00',60,'','','Africa/Cairo',1,1,1,NULL,NULL,0,2,NULL,NULL,NULL,NULL,'2022-08-28 16:19:58'),(146,13,NULL,NULL,4,41,'Intermediate arabic','Class','2022-09-29 16:30:00',60,'','','Africa/Cairo',1,1,1,NULL,NULL,1,2,NULL,NULL,NULL,NULL,'2022-08-28 16:19:58'),(149,14,71,NULL,4,102,'Upper-intermediate arabic','Class','2022-09-14 14:00:00',60,'','','Africa/Cairo',1,1,1,NULL,NULL,1,5,NULL,NULL,NULL,NULL,'2022-08-28 16:21:39'),(150,14,71,NULL,4,102,'Upper-intermediate arabic','Class','2022-09-21 14:00:00',60,'','','Africa/Cairo',1,1,1,NULL,NULL,0,1,1,2,NULL,NULL,'2022-08-28 16:21:39'),(151,14,71,NULL,4,102,'Upper-intermediate arabic','Class','2022-09-28 14:00:00',60,'','','Africa/Cairo',1,1,1,NULL,NULL,0,1,1,3,NULL,NULL,'2022-08-28 16:21:39'),(155,15,94,NULL,6,87,'Intermediate arabic','Class','2022-09-11 16:00:00',60,'','','Africa/Cairo',1,1,1,NULL,NULL,0,1,3,2,NULL,NULL,'2022-08-28 16:42:43'),(214,19,71,NULL,10,104,'Foundation level','Class','2022-09-18 21:30:00',45,'','','Africa/Cairo',1,1,1,NULL,NULL,1,5,NULL,NULL,NULL,NULL,'2022-08-28 17:09:14'),(215,19,71,NULL,10,104,'Foundation level','Class','2022-09-25 21:30:00',45,'','','Africa/Cairo',1,1,1,NULL,NULL,1,5,NULL,NULL,NULL,NULL,'2022-08-28 17:09:14'),(219,19,71,NULL,10,104,'Foundation level','Class','2022-09-19 21:00:00',45,'','','Africa/Cairo',1,1,1,NULL,NULL,1,5,NULL,NULL,NULL,NULL,'2022-08-28 17:09:14'),(220,19,71,NULL,10,104,'Foundation level','Class','2022-09-26 21:00:00',45,'','','Africa/Cairo',1,1,1,NULL,NULL,1,5,NULL,NULL,NULL,NULL,'2022-08-28 17:09:14'),(223,19,NULL,NULL,10,104,'Foundation level','Class','2022-09-14 21:00:00',45,'','','Africa/Cairo',1,1,1,NULL,NULL,0,2,NULL,NULL,NULL,NULL,'2022-08-28 17:09:14'),(224,19,71,NULL,10,104,'Foundation level','Class','2022-09-21 21:00:00',45,'','','Africa/Cairo',1,1,1,NULL,NULL,1,5,NULL,NULL,NULL,NULL,'2022-08-28 17:09:14'),(234,21,NULL,NULL,10,98,'Pre-reading level','Class','2022-09-19 20:00:00',30,'','','Africa/Cairo',1,1,1,NULL,NULL,1,5,NULL,NULL,NULL,NULL,'2022-08-28 17:11:00'),(235,21,NULL,NULL,10,98,'Pre-reading level','Class','2022-09-26 20:00:00',30,'','','Africa/Cairo',1,1,1,NULL,NULL,1,5,NULL,NULL,NULL,NULL,'2022-08-28 17:11:00'),(278,26,104,NULL,7,17,'Tajweed basics','Class','2022-09-15 14:00:00',45,'','','Africa/Cairo',1,1,1,NULL,NULL,0,1,1,5,'Recite from Al Duha till Al Lail',NULL,'2022-08-28 17:17:50'),(279,26,104,NULL,7,17,'Tajweed basics','Class','2022-09-22 14:00:00',45,'','','Africa/Cairo',1,1,1,NULL,NULL,0,1,1,5,'Recite Al Insaan ',NULL,'2022-08-28 17:17:50'),(280,26,104,NULL,7,17,'Tajweed basics','Class','2022-09-29 14:00:00',45,'','','Africa/Cairo',1,1,1,NULL,NULL,0,1,1,4,'Recitation from suret Al Shams till Abasa',NULL,'2022-08-28 17:17:50'),(283,27,104,NULL,7,16,'Tajweed basics','Class','2022-09-15 14:45:00',45,'','','Africa/Cairo',1,1,1,NULL,NULL,0,1,1,4,'Recite from Al Maoon to Al Duha',NULL,'2022-08-28 17:18:21'),(284,27,104,NULL,7,16,'Tajweed basics','Class','2022-09-22 14:45:00',45,'','','Africa/Cairo',1,1,1,NULL,NULL,0,1,1,5,'Recite suret Al Isaan ',NULL,'2022-08-28 17:18:21'),(285,27,104,NULL,7,16,'Tajweed basics','Class','2022-09-29 14:45:00',45,'','','Africa/Cairo',1,1,1,NULL,NULL,0,1,1,4,'Recite suret Al Qiyamah ',NULL,'2022-08-28 17:18:21'),(294,29,83,NULL,11,106,'Intermediate arabic','Class','2022-09-18 18:00:00',60,'','','Africa/Cairo',1,1,1,NULL,NULL,1,5,NULL,NULL,NULL,NULL,'2022-08-28 17:25:58'),(295,29,83,NULL,11,106,'Intermediate arabic','Class','2022-09-29 18:00:00',60,'','','Africa/Cairo',1,1,1,'2022-09-29 18:00:00',NULL,0,1,1,5,NULL,NULL,'2022-08-28 17:25:58'),(298,30,71,NULL,11,102,'Intermediate arabic','Class','2022-09-14 18:00:00',60,'','','Africa/Cairo',1,1,1,NULL,NULL,1,5,NULL,NULL,NULL,NULL,'2022-08-28 17:26:47'),(299,30,71,NULL,11,102,'Intermediate arabic','Class','2022-09-21 18:00:00',60,'','','Africa/Cairo',1,1,1,NULL,NULL,0,1,1,5,'قراءة سورة عم',NULL,'2022-08-28 17:26:47'),(303,31,NULL,NULL,11,42,'Pre-reading level','Class','2022-09-16 14:00:00',60,'','','Africa/Cairo',1,1,1,NULL,NULL,1,5,NULL,NULL,NULL,NULL,'2022-08-28 17:27:45'),(308,32,22,NULL,11,32,'Pre-reading level','Class','2022-09-15 11:00:00',60,'','','Africa/Cairo',1,1,2,NULL,NULL,0,1,3,4,'The same',NULL,'2022-08-28 17:29:53'),(343,34,NULL,NULL,6,125,'Intermediate arabic','Class','2022-09-15 10:00:00',45,'','','Africa/Cairo',1,1,1,NULL,NULL,1,5,NULL,NULL,NULL,NULL,'2022-08-30 08:00:59'),(352,35,24,NULL,5,114,'Foundation level','Class','2022-09-18 14:30:00',30,'','','Africa/Cairo',1,1,1,NULL,NULL,0,1,2,4,'حروف ه و ء ى\nوكلمة سمكة',NULL,'2022-08-30 08:18:42'),(356,35,24,NULL,5,114,'Foundation level','Class','2022-09-17 14:30:00',30,'','','Africa/Cairo',1,1,1,NULL,NULL,0,1,1,4,'حفظ سورة الزلزلة حتي الاية رقم 4',NULL,'2022-08-30 08:18:42'),(360,36,NULL,NULL,5,88,'Intermediate arabic','Class','2022-09-13 17:00:00',30,'','','Africa/Cairo',1,1,1,NULL,NULL,1,5,NULL,NULL,NULL,NULL,'2022-08-30 08:20:33'),(365,36,NULL,NULL,5,88,'Intermediate arabic','Class','2022-09-17 09:00:00',30,'','','Africa/Cairo',1,1,1,NULL,NULL,0,2,NULL,NULL,NULL,NULL,'2022-08-30 08:20:33'),(369,37,88,NULL,5,36,'Intermediate arabic','Class','2022-09-18 15:30:00',30,'','','Africa/Cairo',1,1,1,NULL,NULL,0,1,1,5,'اجزاء الجسم',NULL,'2022-08-30 08:22:16'),(370,37,88,NULL,5,36,'Intermediate arabic','Class','2022-09-25 15:30:00',30,'','','Africa/Cairo',1,1,1,NULL,NULL,0,1,1,4,'اجزاء الجسم',NULL,'2022-08-30 08:22:16'),(373,37,88,NULL,5,36,'Intermediate arabic','Class','2022-09-17 15:30:00',30,'','','Africa/Cairo',1,1,1,NULL,NULL,0,1,1,4,'اجزاء الجسم',NULL,'2022-08-30 08:22:16'),(374,37,88,NULL,5,36,'Intermediate arabic','Class','2022-09-24 15:30:00',30,'','','Africa/Cairo',1,1,1,NULL,NULL,0,1,1,3,NULL,NULL,'2022-08-30 08:22:16'),(377,38,81,NULL,5,82,'Intermediate arabic','Class','2022-09-18 16:00:00',45,'','','Africa/Cairo',1,1,1,NULL,NULL,0,2,NULL,NULL,NULL,NULL,'2022-08-30 08:23:19'),(378,38,81,NULL,5,82,'Intermediate arabic','Class','2022-09-25 16:00:00',45,'','','Africa/Cairo',1,1,1,NULL,NULL,0,4,NULL,NULL,NULL,NULL,'2022-08-30 08:23:19'),(381,38,81,NULL,5,82,'Intermediate arabic','Class','2022-09-17 16:00:00',45,'','','Africa/Cairo',1,1,1,NULL,NULL,0,4,NULL,NULL,NULL,NULL,'2022-08-30 08:23:19'),(382,38,81,NULL,5,82,'Intermediate arabic','Class','2022-09-24 16:00:00',45,'','','Africa/Cairo',1,1,1,NULL,NULL,0,1,1,4,NULL,NULL,'2022-08-30 08:23:19'),(385,39,81,NULL,5,83,'Intermediate arabic','Class','2022-09-18 16:45:00',45,'','','Africa/Cairo',1,1,1,NULL,NULL,0,2,NULL,NULL,NULL,NULL,'2022-08-30 08:24:00'),(386,39,NULL,NULL,5,83,'Intermediate arabic','Class','2022-09-25 16:45:00',45,'','','Africa/Cairo',1,1,1,NULL,NULL,0,2,NULL,NULL,NULL,NULL,'2022-08-30 08:24:00'),(389,39,81,NULL,5,83,'Intermediate arabic','Class','2022-09-17 16:45:00',45,'','','Africa/Cairo',1,1,1,NULL,NULL,0,4,NULL,NULL,NULL,NULL,'2022-08-30 08:24:00'),(390,39,81,NULL,5,83,'Intermediate arabic','Class','2022-09-24 16:45:00',45,'','','Africa/Cairo',1,1,1,NULL,NULL,0,1,1,4,NULL,NULL,'2022-08-30 08:24:00'),(393,40,86,NULL,5,70,'Intermediate arabic','Class','2022-09-18 17:30:00',30,'','','Africa/Cairo',1,1,1,NULL,NULL,0,1,2,3,NULL,NULL,'2022-08-30 08:25:43'),(394,40,86,NULL,5,70,'Intermediate arabic','Class','2022-09-25 17:30:00',30,'','','Africa/Cairo',1,1,1,NULL,NULL,0,1,3,3,NULL,NULL,'2022-08-30 08:25:43'),(397,41,86,NULL,5,72,'Intermediate arabic','Class','2022-09-18 18:00:00',30,'','','Africa/Cairo',1,1,1,NULL,NULL,0,1,2,3,'حفظ سورة الهمزة',NULL,'2022-08-30 08:26:12'),(398,41,86,NULL,5,72,'Intermediate arabic','Class','2022-09-25 18:00:00',30,'','','Africa/Cairo',1,1,1,NULL,NULL,0,1,3,3,NULL,NULL,'2022-08-30 08:26:12'),(401,42,87,NULL,5,45,'Tajweed basics','Class','2022-09-18 18:30:00',30,'','','Africa/Cairo',1,1,1,NULL,NULL,0,1,1,4,NULL,NULL,'2022-08-30 08:27:40'),(402,42,87,NULL,5,45,'Tajweed basics','Class','2022-09-25 18:30:00',30,'','','Africa/Cairo',1,1,1,NULL,NULL,0,1,1,4,NULL,NULL,'2022-08-30 08:27:40'),(405,42,87,NULL,5,45,'Tajweed basics','Class','2022-09-17 18:30:00',30,'','','Africa/Cairo',1,1,1,NULL,NULL,0,1,1,5,NULL,NULL,'2022-08-30 08:27:40'),(406,42,87,NULL,5,45,'Tajweed basics','Class','2022-09-24 18:30:00',30,'','','Africa/Cairo',1,1,1,NULL,NULL,0,1,1,4,NULL,NULL,'2022-08-30 08:27:40'),(409,43,87,NULL,5,46,'Tajweed basics','Class','2022-09-18 19:00:00',30,'','','Africa/Cairo',1,1,1,NULL,NULL,0,1,1,4,NULL,NULL,'2022-08-30 08:29:09'),(410,43,87,NULL,5,46,'Tajweed basics','Class','2022-09-25 19:00:00',30,'','','Africa/Cairo',1,1,1,NULL,NULL,0,1,1,4,NULL,NULL,'2022-08-30 08:29:09'),(413,43,87,NULL,5,46,'Tajweed basics','Class','2022-09-17 19:00:00',30,'','','Africa/Cairo',1,1,1,NULL,NULL,0,1,1,3,NULL,NULL,'2022-08-30 08:29:09'),(414,43,87,NULL,5,46,'Tajweed basics','Class','2022-09-24 19:00:00',30,'','','Africa/Cairo',1,1,1,NULL,NULL,0,1,1,4,NULL,NULL,'2022-08-30 08:29:09'),(431,45,82,NULL,5,93,'Pre-reading level','Class','2022-09-19 18:30:00',45,'','','Africa/Cairo',1,1,1,NULL,NULL,0,2,NULL,NULL,NULL,NULL,'2022-08-30 08:32:18'),(432,45,82,NULL,5,93,'Pre-reading level','Class','2022-09-26 18:30:00',45,'','','Africa/Cairo',1,1,1,NULL,NULL,0,2,NULL,NULL,NULL,NULL,'2022-08-30 08:32:18'),(435,45,82,NULL,5,93,'Pre-reading level','Class','2022-09-14 10:00:00',45,'','','Africa/Cairo',1,1,1,NULL,NULL,1,5,NULL,NULL,NULL,NULL,'2022-08-30 08:32:18'),(436,45,82,NULL,5,93,'Pre-reading level','Class','2022-09-21 10:00:00',45,'','','Africa/Cairo',1,1,1,NULL,NULL,0,2,NULL,NULL,NULL,NULL,'2022-08-30 08:32:18'),(437,45,NULL,NULL,5,93,'Pre-reading level','Class','2022-09-28 10:00:00',45,'','','Africa/Cairo',1,1,1,NULL,NULL,1,5,NULL,NULL,NULL,NULL,'2022-08-30 08:32:18'),(440,46,NULL,NULL,5,29,'Pre-reading level','Class','2022-09-14 19:00:00',30,'','','Africa/Cairo',1,1,1,NULL,NULL,1,5,NULL,NULL,NULL,NULL,'2022-08-30 08:33:19'),(441,46,NULL,NULL,5,29,'Pre-reading level','Class','2022-09-21 19:00:00',30,'','','Africa/Cairo',1,1,1,NULL,NULL,1,2,NULL,NULL,NULL,NULL,'2022-08-30 08:33:19'),(442,46,NULL,NULL,5,29,'Pre-reading level','Class','2022-09-28 19:00:00',30,'','','Africa/Cairo',1,1,1,NULL,NULL,1,5,NULL,NULL,NULL,NULL,'2022-08-30 08:33:19'),(445,47,73,NULL,5,18,'Foundation level','Class','2022-09-19 18:00:00',30,'','','Africa/Cairo',1,1,1,NULL,NULL,0,2,NULL,NULL,NULL,NULL,'2022-08-30 08:35:50'),(449,47,NULL,NULL,5,18,'Foundation level','Class','2022-09-13 18:00:00',30,'','','Africa/Cairo',1,1,1,NULL,NULL,1,5,NULL,NULL,NULL,NULL,'2022-08-30 08:35:50'),(450,47,73,NULL,5,18,'Foundation level','Class','2022-09-20 18:00:00',30,'','','Africa/Cairo',1,1,1,NULL,NULL,0,4,NULL,NULL,NULL,NULL,'2022-08-30 08:35:50'),(454,47,NULL,NULL,5,18,'Foundation level','Class','2022-09-14 18:00:00',30,'','','Africa/Cairo',1,1,1,NULL,NULL,0,4,NULL,NULL,NULL,NULL,'2022-08-30 08:35:50'),(455,47,73,NULL,5,18,'Foundation level','Class','2022-09-21 18:00:00',30,'','','Africa/Cairo',1,1,1,NULL,NULL,0,2,NULL,NULL,NULL,NULL,'2022-08-30 08:35:50'),(471,20,NULL,NULL,10,97,'Pre-reading level','Class','2022-09-19 20:30:00',30,'','','Africa/Cairo',1,1,1,NULL,NULL,1,5,NULL,NULL,NULL,NULL,'2022-08-30 08:50:07'),(472,20,NULL,NULL,10,97,'Pre-reading level','Class','2022-09-26 20:30:00',30,'','','Africa/Cairo',1,1,1,NULL,NULL,1,5,NULL,NULL,NULL,NULL,'2022-08-30 08:50:07'),(475,50,3,NULL,11,126,'Foundation level','Class','2022-09-18 21:30:00',30,'','','Africa/Cairo',1,1,1,NULL,NULL,1,5,NULL,NULL,NULL,NULL,'2022-08-30 09:08:18'),(476,50,3,NULL,11,126,'Foundation level','Class','2022-09-25 21:30:00',30,'','','Africa/Cairo',1,1,1,NULL,NULL,1,1,2,4,NULL,NULL,'2022-08-30 09:08:18'),(479,50,3,NULL,11,126,'Foundation level','Class','2022-09-14 21:30:00',30,'','','Africa/Cairo',1,1,1,NULL,NULL,0,1,1,3,NULL,NULL,'2022-08-30 09:08:18'),(480,50,3,NULL,11,126,'Foundation level','Class','2022-09-21 21:30:00',30,'','','Africa/Cairo',1,1,1,NULL,NULL,1,5,NULL,NULL,NULL,NULL,'2022-08-30 09:08:18'),(481,50,3,NULL,11,126,'Foundation level','Class','2022-09-28 21:30:00',30,'','','Africa/Cairo',1,1,1,NULL,NULL,1,5,NULL,NULL,NULL,NULL,'2022-08-30 09:08:18'),(492,51,NULL,NULL,11,65,'Basic arabic','Class','2022-09-13 18:00:00',30,'','','Africa/Cairo',1,1,1,NULL,NULL,0,1,3,3,'حفظ الآيات الجديدة ',NULL,'2022-08-30 09:12:29'),(497,51,NULL,NULL,11,65,'Basic arabic','Class','2022-09-14 18:00:00',30,'','','Africa/Cairo',1,1,1,NULL,NULL,1,5,NULL,NULL,NULL,NULL,'2022-08-30 09:12:29'),(502,51,NULL,NULL,11,65,'Basic arabic','Class','2022-09-15 18:00:00',30,'','','Africa/Cairo',1,1,1,NULL,NULL,0,1,4,NULL,NULL,NULL,'2022-08-30 09:12:29'),(507,51,NULL,NULL,11,65,'Basic arabic','Class','2022-09-16 18:00:00',30,'','','Africa/Cairo',1,1,1,NULL,NULL,1,5,NULL,NULL,NULL,NULL,'2022-08-30 09:12:29'),(512,51,NULL,NULL,11,65,'Basic arabic','Class','2022-09-17 18:00:00',30,'','','Africa/Cairo',1,1,1,NULL,NULL,1,5,NULL,NULL,NULL,NULL,'2022-08-30 09:12:29'),(524,52,NULL,NULL,11,64,'Basic arabic','Class','2022-09-13 18:30:00',30,'','','Africa/Cairo',1,1,1,NULL,NULL,0,1,1,4,'حفظ الآيات الجديدة',NULL,'2022-08-30 09:13:12'),(529,52,NULL,NULL,11,64,'Basic arabic','Class','2022-09-14 18:30:00',30,'','','Africa/Cairo',1,1,1,NULL,NULL,1,5,NULL,NULL,NULL,NULL,'2022-08-30 09:13:12'),(534,52,NULL,NULL,11,64,'Basic arabic','Class','2022-09-15 18:30:00',30,'','','Africa/Cairo',1,1,1,NULL,NULL,0,1,2,3,'حفظ الآيات الجديدة ',' اللغة العربية نصف صفحة 219 -220 - 221','2022-08-30 09:13:12'),(539,52,NULL,NULL,11,64,'Basic arabic','Class','2022-09-16 18:30:00',30,'','','Africa/Cairo',1,1,1,NULL,NULL,1,5,NULL,NULL,NULL,NULL,'2022-08-30 09:13:12'),(544,52,NULL,NULL,11,64,'Basic arabic','Class','2022-09-17 18:30:00',30,'','','Africa/Cairo',1,1,1,NULL,NULL,1,5,NULL,NULL,NULL,NULL,'2022-08-30 09:13:12'),(561,54,NULL,NULL,7,78,'Indiputable facts of religion','Class','2022-09-18 17:00:00',45,'','','Africa/Cairo',1,1,1,NULL,NULL,1,5,NULL,NULL,NULL,NULL,'2022-08-30 09:30:40'),(562,54,NULL,NULL,7,78,'Indiputable facts of religion','Class','2022-09-25 17:00:00',45,'','','Africa/Cairo',1,1,1,NULL,NULL,1,5,NULL,NULL,NULL,NULL,'2022-08-30 09:30:40'),(565,28,76,NULL,7,23,'Tajweed basics','Class','2022-09-18 20:30:00',30,'','','Africa/Cairo',1,1,1,NULL,NULL,0,4,NULL,NULL,NULL,NULL,'2022-08-30 09:32:57'),(566,28,98,NULL,7,23,'Tajweed basics','Class','2022-09-25 20:30:00',30,'','','Africa/Cairo',1,1,1,NULL,NULL,0,1,1,3,'Iqlaab and recite till suret Quraysh ',NULL,'2022-08-30 09:32:57'),(569,28,76,NULL,7,23,'Tajweed basics','Class','2022-09-17 20:30:00',30,'','','Africa/Cairo',1,1,1,NULL,NULL,0,4,NULL,NULL,NULL,NULL,'2022-08-30 09:32:57'),(570,28,76,NULL,7,23,'Tajweed basics','Class','2022-09-24 20:30:00',30,'','','Africa/Cairo',1,1,1,NULL,NULL,0,1,1,4,'Recite from Al Kawther till Quraysh ',NULL,'2022-08-30 09:32:57'),(609,57,23,NULL,8,8,'Tajweed basics','Class','2022-09-18 15:15:00',45,'','','Africa/Cairo',1,1,1,NULL,NULL,0,1,1,4,NULL,NULL,'2022-08-31 07:20:47'),(610,57,23,NULL,8,8,'Tajweed basics','Class','2022-09-25 15:15:00',45,'','','Africa/Cairo',1,1,1,NULL,NULL,0,1,1,4,'Reading',NULL,'2022-08-31 07:20:47'),(612,57,NULL,NULL,8,8,'Tajweed basics','Class','2022-09-13 15:15:00',45,'','','Africa/Cairo',1,1,1,NULL,NULL,1,5,NULL,NULL,NULL,NULL,'2022-08-31 07:20:47'),(613,57,23,NULL,8,8,'Tajweed basics','Class','2022-09-20 15:15:00',45,'','','Africa/Cairo',1,1,1,NULL,NULL,0,1,1,4,'reading',NULL,'2022-08-31 07:20:47'),(614,57,23,NULL,8,8,'Tajweed basics','Class','2022-09-27 15:15:00',45,'','','Africa/Cairo',1,1,1,NULL,NULL,0,1,1,4,'Reading',NULL,'2022-08-31 07:20:47'),(617,57,23,NULL,8,8,'Tajweed basics','Class','2022-09-15 15:15:00',45,'','','Africa/Cairo',1,1,1,NULL,NULL,0,1,1,4,'Reading',NULL,'2022-08-31 07:20:47'),(618,57,23,NULL,8,8,'Tajweed basics','Class','2022-09-22 15:15:00',45,'','','Africa/Cairo',1,1,1,NULL,NULL,0,1,1,NULL,'Reading',NULL,'2022-08-31 07:20:47'),(619,57,23,NULL,8,8,'Tajweed basics','Class','2022-09-29 15:15:00',45,'','','Africa/Cairo',1,1,1,NULL,NULL,1,5,NULL,NULL,NULL,NULL,'2022-08-31 07:20:47'),(621,58,9,NULL,8,122,'Tajweed basics','Class','2022-09-13 21:30:00',30,'','','Africa/Cairo',1,1,1,NULL,NULL,0,1,1,4,'Reading',NULL,'2022-08-31 07:22:38'),(622,58,93,NULL,8,122,'Tajweed basics','Class','2022-09-20 21:30:00',30,'','','Africa/Cairo',1,1,1,NULL,NULL,0,1,1,4,'reading',NULL,'2022-08-31 07:22:38'),(623,58,93,NULL,8,122,'Tajweed basics','Class','2022-09-27 21:30:00',30,'','','Africa/Cairo',1,1,1,NULL,NULL,1,5,NULL,NULL,NULL,NULL,'2022-08-31 07:22:38'),(626,58,93,NULL,8,122,'Tajweed basics','Class','2022-09-15 21:30:00',30,'','','Africa/Cairo',1,1,1,NULL,NULL,1,1,1,4,NULL,NULL,'2022-08-31 07:22:38'),(627,58,93,NULL,8,122,'Tajweed basics','Class','2022-09-22 21:30:00',30,'','','Africa/Cairo',1,1,1,NULL,NULL,0,1,1,4,'Reading',NULL,'2022-08-31 07:22:38'),(628,58,93,NULL,8,122,'Tajweed basics','Class','2022-09-29 21:30:00',30,'','','Africa/Cairo',1,1,1,NULL,NULL,0,1,1,4,'Reading',NULL,'2022-08-31 07:22:38'),(630,59,84,NULL,8,85,'Tajweed basics','Class','2022-09-12 22:00:00',30,'','','Africa/Cairo',1,1,1,NULL,NULL,0,1,1,4,'Recitation',NULL,'2022-08-31 07:27:13'),(639,60,73,NULL,8,18,'Indiputable facts of religion','Group A2','2022-09-15 22:00:00',30,'','','Africa/Cairo',1,1,1,NULL,NULL,0,1,3,4,NULL,NULL,'2022-08-31 07:28:58'),(640,60,73,NULL,8,18,'Indiputable facts of religion','Group A2','2022-09-22 22:00:00',30,'','','Africa/Cairo',1,1,1,NULL,NULL,0,1,1,4,'al-Fatiha',NULL,'2022-08-31 07:28:58'),(641,60,73,NULL,8,18,'Indiputable facts of religion','Group A2','2022-09-29 22:00:00',30,'','','Africa/Cairo',1,1,1,NULL,NULL,0,1,2,4,NULL,NULL,'2022-08-31 07:28:58'),(644,61,71,NULL,8,104,'Indiputable facts of religion','Group A2','2022-09-15 22:00:00',30,'','','Africa/Cairo',1,1,1,NULL,NULL,1,5,NULL,NULL,NULL,NULL,'2022-08-31 07:30:11'),(645,61,71,NULL,8,104,'Indiputable facts of religion','Group A2','2022-09-22 22:00:00',30,'','','Africa/Cairo',1,1,1,NULL,NULL,0,1,1,4,'Memorizing',NULL,'2022-08-31 07:30:11'),(646,61,71,NULL,8,104,'Indiputable facts of religion','Group A2','2022-09-29 22:00:00',30,'','','Africa/Cairo',1,1,1,NULL,NULL,0,1,1,4,NULL,NULL,'2022-08-31 07:30:11'),(649,62,37,NULL,8,19,'Tajweed basics','Class','2022-09-15 11:00:00',45,'','','Africa/Cairo',1,1,2,NULL,NULL,0,1,4,4,NULL,NULL,'2022-08-31 07:32:26'),(654,62,37,NULL,8,19,'Tajweed basics','Class','2022-09-16 11:00:00',45,'','','Africa/Cairo',1,1,1,NULL,NULL,0,1,4,4,NULL,NULL,'2022-08-31 07:32:26'),(659,63,38,NULL,8,7,'Intermediate arabic','Class','2022-09-15 20:30:00',60,'','','Africa/Cairo',1,1,1,NULL,NULL,0,1,4,4,NULL,NULL,'2022-08-31 07:34:15'),(664,63,NULL,NULL,8,7,'Intermediate arabic','Class','2022-09-16 08:00:00',60,'','','Africa/Cairo',1,1,1,NULL,NULL,1,5,NULL,NULL,NULL,NULL,'2022-08-31 07:34:15'),(669,63,NULL,NULL,8,7,'Intermediate arabic','Class','2022-09-17 08:00:00',60,'','','Africa/Cairo',1,1,1,NULL,NULL,1,5,NULL,NULL,NULL,NULL,'2022-08-31 07:34:15'),(672,64,3,NULL,8,127,'Intermediate','Class','2022-09-13 22:30:00',60,'','','Africa/Cairo',1,1,1,NULL,NULL,0,1,1,4,'Reading',NULL,'2022-08-31 07:35:40'),(673,64,3,NULL,8,127,'Intermediate','Class','2022-09-20 22:30:00',60,'','','Africa/Cairo',1,1,1,NULL,NULL,1,1,1,4,'Memorization',NULL,'2022-08-31 07:35:40'),(674,64,3,NULL,8,127,'Intermediate','Class','2022-09-27 22:30:00',60,'','','Africa/Cairo',1,1,1,NULL,NULL,1,1,2,4,NULL,NULL,'2022-08-31 07:35:40'),(677,64,3,NULL,8,127,'Intermediate','Class','2022-09-15 22:30:00',60,'','','Africa/Cairo',1,1,1,NULL,NULL,1,1,1,4,NULL,NULL,'2022-08-31 07:35:40'),(678,64,3,NULL,8,127,'Intermediate','Class','2022-09-22 22:30:00',60,'','','Africa/Cairo',1,1,1,NULL,NULL,1,5,NULL,NULL,NULL,NULL,'2022-08-31 07:35:40'),(679,64,3,NULL,8,127,'Intermediate','Class','2022-09-29 22:30:00',60,'','','Africa/Cairo',1,1,1,NULL,NULL,1,5,NULL,NULL,NULL,NULL,'2022-08-31 07:35:40'),(686,66,87,NULL,8,45,'Indiputable facts of religion','Group A3','2022-09-18 22:00:00',60,'','','Africa/Cairo',1,1,1,NULL,NULL,0,1,1,4,NULL,NULL,'2022-08-31 07:47:02'),(687,66,87,NULL,8,45,'Indiputable facts of religion','Group A3','2022-09-25 22:00:00',60,'','','Africa/Cairo',1,1,1,NULL,NULL,1,5,NULL,NULL,NULL,NULL,'2022-08-31 07:47:02'),(694,67,39,NULL,8,129,'Basic arabic','Class','2022-09-18 11:00:00',60,'','','Africa/Cairo',1,1,1,NULL,NULL,0,1,4,4,NULL,NULL,'2022-08-31 07:58:58'),(698,67,39,NULL,8,129,'Basic arabic','Class','2022-09-17 11:00:00',60,'','','Africa/Cairo',1,1,1,NULL,NULL,0,1,4,4,NULL,NULL,'2022-08-31 07:58:58'),(702,68,40,NULL,8,128,'Basic arabic','Class','2022-09-19 17:00:00',60,'','','Africa/Cairo',1,1,1,NULL,NULL,0,1,4,4,NULL,NULL,'2022-08-31 07:59:57'),(703,68,40,NULL,8,128,'Basic arabic','Class','2022-09-26 17:00:00',60,'','','Africa/Cairo',1,1,1,NULL,NULL,1,1,4,4,NULL,NULL,'2022-08-31 07:59:57'),(705,68,40,NULL,8,128,'Basic arabic','Class','2022-09-13 17:00:00',60,'','','Africa/Cairo',1,1,1,NULL,NULL,0,1,1,4,'Reading',NULL,'2022-08-31 07:59:57'),(706,68,40,NULL,8,128,'Basic arabic','Class','2022-09-20 17:00:00',60,'','','Africa/Cairo',1,1,1,NULL,NULL,1,5,NULL,NULL,NULL,NULL,'2022-08-31 07:59:57'),(707,68,40,NULL,8,128,'Basic arabic','Class','2022-09-27 17:00:00',60,'','','Africa/Cairo',1,1,1,NULL,NULL,1,5,NULL,NULL,NULL,NULL,'2022-08-31 07:59:57'),(713,6,5,NULL,9,91,'Foundation level','Class','2022-09-13 17:30:00',30,'','','Africa/Cairo',1,1,1,NULL,NULL,0,1,1,NULL,'----','ص 68 إلى و يثبت به الاقدام ','2022-09-02 09:37:27'),(717,6,5,NULL,9,91,'Foundation level','Class','2022-09-14 17:30:00',30,'','','Africa/Cairo',1,1,1,NULL,NULL,0,1,1,NULL,'----','نور البيان ص 70 إلى يحج','2022-09-02 09:37:27'),(725,5,4,NULL,9,30,'Foundation level','Class','2022-09-13 21:00:00',30,'','','Africa/Cairo',1,1,2,NULL,NULL,0,1,4,NULL,'----',NULL,'2022-09-02 09:38:25'),(729,5,4,NULL,9,30,'Foundation level','Class','2022-09-14 21:00:00',30,'','','Africa/Cairo',1,1,1,NULL,NULL,0,1,4,NULL,'ارسال مقطع صوتي ','ص 15 إلى نهايتها ','2022-09-02 09:38:25'),(733,5,4,NULL,9,30,'Foundation level','Class','2022-09-15 21:00:00',30,'','','Africa/Cairo',1,1,1,NULL,NULL,0,4,NULL,NULL,NULL,NULL,'2022-09-02 09:38:25'),(1088,10,93,NULL,2,121,'Intermediate arabic','Class','2022-09-14 18:00:00',60,'','','Africa/Cairo',1,1,1,NULL,NULL,0,1,4,5,NULL,NULL,'2022-09-13 18:51:37'),(1089,10,NULL,NULL,2,121,'Intermediate arabic','Class','2022-09-21 18:00:00',60,'','','Africa/Cairo',1,1,1,NULL,NULL,0,2,NULL,NULL,NULL,NULL,'2022-09-13 18:51:37'),(1092,10,93,NULL,2,121,'Intermediate arabic','Class','2022-10-12 18:00:00',60,'','','Africa/Cairo',1,1,1,NULL,NULL,0,0,NULL,NULL,NULL,NULL,'2022-09-13 18:51:37'),(1093,NULL,NULL,NULL,12,116,'Foundation level','test','2022-09-13 19:08:00',60,'','','Africa/Cairo',1,1,1,NULL,NULL,0,1,1,3,NULL,NULL,'2022-09-13 19:07:11'),(1094,4,3,NULL,9,38,'Qari program','Class','2022-09-19 22:00:00',60,'','','Africa/Cairo',1,1,1,NULL,NULL,0,1,1,5,' حفظ الفجر من 8: 14','حالات تفخيم الراء - النساء إلى 127 - مراجعة جميع ما سبق من احكام جميع ما سبق','2022-09-14 04:04:07'),(1095,4,3,NULL,9,38,'Qari program','Class','2022-09-26 22:00:00',60,'','','Africa/Cairo',1,1,1,NULL,NULL,0,1,1,5,' حفظ الفجر من 15: 20 ','النساء إلى 143 +  quiz','2022-09-14 04:04:07'),(1098,4,3,NULL,9,38,'Qari program','Class','2022-09-15 22:00:00',60,'','','Africa/Cairo',1,1,1,NULL,NULL,0,1,1,NULL,'حفظ الجديد ',' النساء إلى 110 - تسميع البلد كاملة - تصحيح الفجر إلى 7','2022-09-14 04:04:07'),(1099,4,3,NULL,9,38,'Qari program','Class','2022-09-22 22:00:00',60,'','','Africa/Cairo',1,1,1,NULL,NULL,0,3,NULL,NULL,NULL,NULL,'2022-09-14 04:04:07'),(1100,4,3,NULL,9,38,'Qari program','Class','2022-09-29 22:00:00',60,'','','Africa/Cairo',1,1,1,NULL,NULL,0,4,NULL,NULL,NULL,NULL,'2022-09-14 04:04:07'),(1107,93,6,NULL,11,53,'Foundation level','Class','2022-09-15 20:30:00',60,'','','Africa/Cairo',1,1,1,NULL,NULL,0,1,1,5,'حفظ الآيات الجديدة',NULL,'2022-09-14 04:06:59'),(1112,NULL,9,NULL,9,122,'Foundation level','Class','2022-09-14 05:00:00',30,'','','Africa/Cairo',1,1,1,NULL,NULL,0,1,4,NULL,'---','----','2022-09-14 04:16:29'),(1113,NULL,6,NULL,9,53,'Foundation level','Class','2022-09-14 05:00:00',30,'','','Africa/Cairo',1,1,1,NULL,NULL,0,1,4,NULL,'----','----','2022-09-14 04:16:43'),(1114,9,87,NULL,2,44,'Tajweed basics','Class','2022-09-18 18:00:00',60,'','','Africa/Cairo',1,1,1,NULL,NULL,0,1,4,5,NULL,NULL,'2022-09-14 04:36:46'),(1115,9,87,NULL,2,44,'Tajweed basics','Class','2022-09-25 18:00:00',60,'','','Africa/Cairo',1,1,1,NULL,NULL,0,1,4,4,NULL,NULL,'2022-09-14 04:36:46'),(1116,9,87,NULL,2,44,'Tajweed basics','Class','2022-10-02 18:00:00',60,'','','Africa/Cairo',1,1,1,NULL,NULL,0,1,4,5,NULL,NULL,'2022-09-14 04:36:46'),(1117,9,87,NULL,2,44,'Tajweed basics','Class','2022-10-09 18:00:00',60,'','','Africa/Cairo',1,1,1,NULL,NULL,0,1,4,5,NULL,NULL,'2022-09-14 04:36:46'),(1118,NULL,62,NULL,12,130,'Intro to classical books','Billing puropose','2022-09-14 05:15:00',60,'','','Africa/Cairo',0,1,1,NULL,NULL,0,1,NULL,NULL,NULL,NULL,'2022-09-14 05:11:10'),(1119,NULL,NULL,NULL,12,11,'Intro to classical books','Billing puropose','2022-09-14 05:15:00',120,'','','Africa/Cairo',0,1,1,NULL,NULL,0,4,NULL,NULL,NULL,NULL,'2022-09-14 05:11:54'),(1120,NULL,NULL,NULL,12,12,'Intro to classical books','Billing puropose','2022-09-14 05:15:00',120,'','','Africa/Cairo',0,1,1,NULL,NULL,0,4,NULL,NULL,NULL,NULL,'2022-09-14 05:12:33'),(1121,NULL,38,NULL,12,7,'Intro to classical books','Billing puropose','2022-09-14 05:15:00',60,'','','Africa/Cairo',0,1,1,NULL,NULL,0,1,NULL,NULL,NULL,NULL,'2022-09-14 05:12:53'),(1122,NULL,NULL,NULL,12,75,'Intro to classical books','Billing puropose','2022-09-14 05:15:00',45,'','','Africa/Cairo',0,1,1,NULL,NULL,0,4,NULL,NULL,NULL,NULL,'2022-09-14 05:14:33'),(1123,NULL,NULL,NULL,12,77,'Intro to classical books','Billing puropose','2022-09-14 06:00:00',45,'','','Africa/Cairo',0,1,1,NULL,NULL,0,4,NULL,NULL,NULL,NULL,'2022-09-14 05:16:45'),(1124,NULL,NULL,NULL,12,76,'Intro to classical books','Billing puropose','2022-09-14 06:00:00',45,'','','Africa/Cairo',0,1,1,NULL,NULL,0,4,NULL,NULL,NULL,NULL,'2022-09-14 05:17:37'),(1125,NULL,9,NULL,2,121,'Intro to classical books','Billing puropose','2022-09-14 06:00:00',120,'','','Africa/Cairo',0,1,1,NULL,NULL,0,1,NULL,NULL,NULL,NULL,'2022-09-14 05:20:15'),(1126,NULL,9,NULL,2,121,'Intro to classical books','Billing puropose','2022-09-14 06:00:00',120,'','','Africa/Cairo',1,1,1,NULL,NULL,0,1,NULL,NULL,NULL,NULL,'2022-09-14 05:20:33'),(1127,NULL,93,NULL,2,121,'Intro to classical books','Billing puropose','2022-09-14 06:00:00',120,'','','Africa/Cairo',1,1,1,NULL,NULL,0,1,NULL,NULL,NULL,NULL,'2022-09-14 05:21:05'),(1128,NULL,9,NULL,12,122,'Intro to classical books','Billing puropose','2022-09-14 06:00:00',120,'','','Africa/Cairo',0,1,1,NULL,NULL,0,1,NULL,NULL,NULL,NULL,'2022-09-14 05:21:33'),(1129,NULL,9,NULL,12,122,'Intro to classical books','Billing puropose','2022-09-14 06:00:00',120,'','','Africa/Cairo',0,1,1,NULL,NULL,0,1,NULL,NULL,NULL,NULL,'2022-09-14 05:21:53'),(1130,NULL,3,NULL,12,127,'Intro to classical books','Billing puropose','2022-09-14 06:00:00',120,'','','Africa/Cairo',0,1,1,NULL,NULL,0,4,NULL,NULL,NULL,NULL,'2022-09-14 05:22:54'),(1131,NULL,3,NULL,12,126,'Intro to classical books','Billing puropose','2022-09-14 06:00:00',120,'','','Africa/Cairo',0,1,1,NULL,NULL,0,4,NULL,NULL,NULL,NULL,'2022-09-14 05:23:58'),(1132,NULL,3,NULL,12,38,'Intro to classical books','Billing puropose','2022-09-14 06:00:00',120,'','','Africa/Cairo',0,1,1,NULL,NULL,0,4,NULL,NULL,NULL,NULL,'2022-09-14 05:24:14'),(1133,NULL,3,NULL,12,38,'Intro to classical books','Billing puropose','2022-09-14 06:00:00',120,'','','Africa/Cairo',0,1,1,NULL,NULL,0,4,NULL,NULL,NULL,NULL,'2022-09-14 05:24:24'),(1135,NULL,21,NULL,12,42,'Intro to classical books','Billing puropose','2022-09-14 06:00:00',90,'','','Africa/Cairo',0,1,1,NULL,NULL,0,1,NULL,NULL,NULL,NULL,'2022-09-14 05:25:54'),(1136,NULL,25,NULL,12,88,'Intro to classical books','Billing puropose','2022-09-14 06:00:00',75,'','','Africa/Cairo',0,1,1,NULL,NULL,0,4,NULL,NULL,NULL,NULL,'2022-09-14 05:27:14'),(1137,NULL,25,NULL,12,88,'Intro to classical books','Billing puropose','2022-09-14 06:00:00',120,'','','Africa/Cairo',0,1,1,NULL,NULL,0,4,NULL,NULL,NULL,NULL,'2022-09-14 05:27:25'),(1138,NULL,25,NULL,12,88,'Intro to classical books','Billing puropose','2022-09-14 06:00:00',120,'','','Africa/Cairo',0,1,1,NULL,NULL,0,4,NULL,NULL,NULL,NULL,'2022-09-14 05:27:45'),(1139,NULL,91,NULL,12,88,'Intro to classical books','Billing puropose','2022-09-14 06:00:00',60,'','','Africa/Cairo',0,1,1,NULL,NULL,0,4,NULL,NULL,NULL,NULL,'2022-09-14 05:28:04'),(1141,NULL,66,NULL,12,31,'Intro to classical books','Billing puropose','2022-09-14 06:00:00',120,'','','Africa/Cairo',0,1,1,NULL,NULL,0,4,NULL,NULL,NULL,NULL,'2022-09-14 05:29:36'),(1142,NULL,66,NULL,12,31,'Intro to classical books','Billing puropose','2022-09-14 06:00:00',120,'','','Africa/Cairo',0,1,1,NULL,NULL,0,4,NULL,NULL,NULL,NULL,'2022-09-14 05:29:48'),(1143,NULL,NULL,NULL,12,79,'Intro to classical books','Billing puropose','2022-09-14 06:00:00',120,'','','Africa/Cairo',0,1,1,NULL,NULL,0,4,NULL,NULL,NULL,NULL,'2022-09-14 05:30:17'),(1144,NULL,NULL,NULL,12,79,'Intro to classical books','Billing puropose','2022-09-14 06:00:00',60,'','','Africa/Cairo',0,1,1,NULL,NULL,0,4,NULL,NULL,NULL,NULL,'2022-09-14 05:32:39'),(1147,NULL,NULL,NULL,12,113,'Intro to classical books','Billing puropose','2022-09-14 06:00:00',60,'','','Africa/Cairo',0,1,1,NULL,NULL,0,4,NULL,NULL,NULL,NULL,'2022-09-14 05:34:51'),(1152,NULL,NULL,NULL,12,99,'Intro to classical books','Billing puropose','2022-09-14 06:00:00',90,'','','Africa/Cairo',0,1,1,NULL,NULL,0,4,NULL,NULL,NULL,NULL,'2022-09-14 05:40:12'),(1153,NULL,NULL,NULL,12,100,'Intro to classical books','Billing puropose','2022-09-14 06:00:00',45,'','','Africa/Cairo',0,1,1,NULL,NULL,0,4,NULL,NULL,NULL,NULL,'2022-09-14 05:40:36'),(1154,NULL,5,NULL,12,91,'Pre-reading level','Billing puropose','2022-09-14 06:00:00',120,'','','Africa/Cairo',0,1,1,NULL,NULL,0,1,NULL,NULL,NULL,NULL,'2022-09-14 05:41:12'),(1155,NULL,71,NULL,12,102,'Intro to classical books','Billing puropose','2022-09-14 06:00:00',60,'','','Africa/Cairo',0,1,1,NULL,NULL,0,4,NULL,NULL,NULL,NULL,'2022-09-14 05:41:43'),(1158,NULL,2,NULL,12,22,'Tajweed basics','Billing puropose','2022-09-14 06:00:00',120,'','','Africa/Cairo',0,1,1,NULL,NULL,0,1,NULL,NULL,NULL,NULL,'2022-09-14 05:44:32'),(1159,NULL,104,NULL,12,16,'Intro to classical books','Billing puropose','2022-09-14 06:00:00',120,'','','Africa/Cairo',0,1,1,NULL,NULL,0,1,NULL,NULL,NULL,NULL,'2022-09-14 05:45:04'),(1160,NULL,104,NULL,12,17,'Intro to classical books','Billing puropose','2022-09-14 06:00:00',120,'','','Africa/Cairo',0,1,1,NULL,NULL,0,1,NULL,NULL,NULL,NULL,'2022-09-14 05:45:17'),(1161,NULL,104,NULL,12,78,'Intro to classical books','Billing puropose','2022-09-14 06:00:00',60,'','','Africa/Cairo',0,1,1,NULL,NULL,0,1,NULL,NULL,NULL,NULL,'2022-09-14 05:45:48'),(1162,NULL,23,NULL,12,8,'Intro to classical books','Billing puropose','2022-09-14 06:00:00',120,'','','Africa/Cairo',0,1,1,NULL,NULL,0,4,NULL,NULL,NULL,NULL,'2022-09-14 05:46:25'),(1163,NULL,23,NULL,12,8,'Intro to classical books','Billing puropose','2022-09-14 06:00:00',60,'','','Africa/Cairo',0,1,1,NULL,NULL,0,4,NULL,NULL,NULL,NULL,'2022-09-14 05:46:55'),(1164,NULL,23,NULL,12,8,'Intro to classical books','Billing puropose','2022-09-14 06:00:00',45,'','','Africa/Cairo',0,1,1,NULL,NULL,0,4,NULL,NULL,NULL,NULL,'2022-09-14 05:47:11'),(1165,NULL,NULL,NULL,12,65,'Basic arabic','Billing puropose','2022-09-14 06:00:00',120,'','','Africa/Cairo',0,1,1,NULL,NULL,0,1,NULL,NULL,NULL,NULL,'2022-09-14 05:47:42'),(1166,NULL,NULL,NULL,12,65,'Basic arabic','Billing puropose','2022-09-14 06:00:00',30,'','','Africa/Cairo',0,1,1,NULL,NULL,0,1,NULL,NULL,NULL,NULL,'2022-09-14 05:47:56'),(1167,NULL,NULL,NULL,12,64,'Basic arabic','Billing puropose','2022-09-14 06:00:00',120,'','','Africa/Cairo',0,1,1,NULL,NULL,0,1,NULL,NULL,NULL,NULL,'2022-09-14 05:48:10'),(1168,94,66,NULL,7,31,'Intermediate','Class','2022-09-19 22:15:00',30,'','','Africa/Cairo',1,1,1,NULL,NULL,0,1,1,4,'Recite Al Noor till 60',NULL,'2022-09-14 07:33:16'),(1169,94,NULL,NULL,7,31,'Intermediate','Class','2022-09-26 22:15:00',30,'','','Africa/Cairo',1,1,1,NULL,NULL,1,5,NULL,NULL,NULL,NULL,'2022-09-14 07:33:16'),(1172,94,66,NULL,7,31,'Intermediate','Class','2022-09-14 22:15:00',30,'','','Africa/Cairo',1,1,1,NULL,NULL,0,1,1,4,'Recite Al Noor till 15',NULL,'2022-09-14 07:33:16'),(1173,94,66,NULL,7,31,'Intermediate','Class','2022-09-21 22:15:00',30,'','','Africa/Cairo',1,1,1,NULL,NULL,0,1,1,5,'Ikhfaa',NULL,'2022-09-14 07:33:16'),(1174,94,NULL,NULL,7,31,'Intermediate','Class','2022-09-28 22:15:00',30,'','','Africa/Cairo',1,1,1,NULL,NULL,0,1,1,3,'Memorize suret Al Fajr ',NULL,'2022-09-14 07:33:16'),(1177,94,66,NULL,7,31,'Intermediate','Class','2022-09-16 22:15:00',30,'','','Africa/Cairo',1,1,1,NULL,NULL,0,1,1,4,'Memorize suret Al Fajr up to the end',NULL,'2022-09-14 07:33:16'),(1178,94,NULL,NULL,7,31,'Intermediate','Class','2022-09-23 22:15:00',30,'','','Africa/Cairo',1,1,1,NULL,NULL,0,1,1,3,'Memorize suret Al Fajr till the end ','Focus on the last 4 lines of Al Fajr ','2022-09-14 07:33:16'),(1181,NULL,66,NULL,7,31,'Intermediate','Class','2022-09-14 07:40:00',30,'','','Africa/Cairo',1,1,1,NULL,NULL,0,1,1,4,'Recite till 36','Focus on letter ء','2022-09-14 07:38:25'),(1186,NULL,38,NULL,8,7,'Intermediate arabic','Class','2022-09-14 12:00:00',120,'','','Africa/Cairo',1,1,1,NULL,NULL,0,1,1,4,'reading',NULL,'2022-09-14 11:06:25'),(1187,NULL,24,NULL,8,114,'Indiputable facts of religion','Group A3','2022-09-14 12:00:00',120,'','','Africa/Cairo',1,1,1,NULL,NULL,0,1,1,4,'writing a paragraph ',NULL,'2022-09-14 11:08:57'),(1188,59,36,NULL,8,85,'Tajweed basics','Class','2022-09-18 22:00:00',45,'','','Africa/Cairo',1,1,1,NULL,NULL,0,1,1,4,NULL,NULL,'2022-09-14 11:10:10'),(1189,59,NULL,NULL,8,85,'Tajweed basics','Class','2022-09-25 22:00:00',45,'','','Africa/Cairo',1,1,1,NULL,NULL,1,5,NULL,NULL,NULL,NULL,'2022-09-14 11:10:10'),(1192,59,36,NULL,8,85,'Tajweed basics','Class','2022-09-13 22:00:00',45,'','','Africa/Cairo',1,1,1,NULL,NULL,0,1,1,4,NULL,NULL,'2022-09-14 11:10:10'),(1193,59,NULL,NULL,8,85,'Tajweed basics','Class','2022-09-20 22:00:00',45,'','','Africa/Cairo',1,1,1,NULL,NULL,1,1,1,4,'Reading',NULL,'2022-09-14 11:10:10'),(1194,59,NULL,NULL,8,85,'Tajweed basics','Class','2022-09-27 22:00:00',45,'','','Africa/Cairo',1,1,1,NULL,NULL,1,1,1,4,NULL,NULL,'2022-09-14 11:10:10'),(1207,3,2,NULL,9,22,'Foundation level','Class','2022-09-19 20:30:00',30,'','','Africa/Cairo',1,1,1,NULL,NULL,0,1,3,NULL,NULL,NULL,'2022-09-15 06:53:32'),(1208,3,2,NULL,9,22,'Foundation level','Class','2022-09-26 20:30:00',30,'','','Africa/Cairo',1,1,1,NULL,NULL,0,1,4,4,'----------','اول ربعين و اخر ربعين من جزء عم','2022-09-15 06:53:32'),(1211,3,2,NULL,9,22,'Foundation level','Class','2022-09-20 20:30:00',30,'','','Africa/Cairo',1,1,1,NULL,NULL,0,1,4,4,'-------------','----','2022-09-15 06:53:32'),(1212,3,2,NULL,9,22,'Foundation level','Class','2022-09-27 20:30:00',30,'','','Africa/Cairo',1,1,1,NULL,NULL,0,1,4,4,NULL,'-----','2022-09-15 06:53:32'),(1215,3,2,NULL,9,22,'Foundation level','Class','2022-09-21 20:30:00',30,'','','Africa/Cairo',1,1,1,NULL,NULL,0,1,4,5,'---------','---------','2022-09-15 06:53:32'),(1216,3,2,NULL,9,22,'Foundation level','Class','2022-09-28 20:30:00',30,'','','Africa/Cairo',1,1,1,NULL,NULL,0,1,4,5,NULL,' الراء في ( أسر - فأسر - يسر- نذر)','2022-09-15 06:53:32'),(1219,3,2,NULL,9,22,'Foundation level','Class','2022-09-15 20:30:00',30,'','','Africa/Cairo',1,1,1,NULL,NULL,0,1,4,NULL,'-----------','تثبيت المرسلات من 1:10 + حالات ترقيق الراء ','2022-09-15 06:53:32'),(1220,3,2,NULL,9,22,'Foundation level','Class','2022-09-22 20:30:00',30,'','','Africa/Cairo',1,1,1,NULL,NULL,0,3,NULL,NULL,NULL,NULL,'2022-09-15 06:53:32'),(1221,3,2,NULL,9,22,'Foundation level','Class','2022-09-29 20:30:00',30,'','','Africa/Cairo',1,1,1,NULL,NULL,0,1,4,1,'----','من 32: 34 ','2022-09-15 06:53:32'),(1224,3,2,NULL,9,22,'Foundation level','Class','2022-09-16 20:30:00',30,'','','Africa/Cairo',1,1,1,NULL,NULL,0,1,4,NULL,'------',NULL,'2022-09-15 06:53:32'),(1225,3,2,NULL,9,22,'Foundation level','Class','2022-09-23 20:30:00',30,'','','Africa/Cairo',1,1,1,NULL,NULL,0,1,4,NULL,'----------------','تسميع من 20:24 0 تصحيح من 25:28 - جواز تفخيم و ترقيق الراء ( مصر - قطر)','2022-09-15 06:53:32'),(1226,3,2,NULL,9,22,'Foundation level','Class','2022-09-30 20:30:00',30,'','','Africa/Cairo',1,1,1,NULL,NULL,0,1,4,5,'=====','الايات من 1: 34','2022-09-15 06:53:32'),(1246,10,NULL,NULL,2,121,'Intermediate arabic','Class','2022-10-19 18:00:00',60,'','','Africa/Cairo',1,1,1,NULL,NULL,0,0,NULL,NULL,NULL,NULL,'2022-09-16 04:07:47'),(1248,NULL,2,NULL,12,22,'Tajweed basics','Billing','2022-09-16 04:30:00',30,'','','Africa/Cairo',1,1,1,NULL,NULL,0,1,NULL,NULL,NULL,NULL,'2022-09-16 04:29:43'),(1249,NULL,NULL,NULL,12,62,'Tajweed basics','Billing','2022-09-16 04:48:00',60,'','','Africa/Cairo',1,1,1,NULL,NULL,0,4,NULL,NULL,NULL,NULL,'2022-09-16 04:47:49'),(1250,NULL,104,NULL,12,78,'Indiputable facts of religion','Billing Puropse','2022-09-16 05:31:00',60,'','','Africa/Cairo',1,1,1,NULL,NULL,0,1,NULL,NULL,NULL,NULL,'2022-09-16 05:30:32'),(1251,NULL,96,NULL,12,27,'Foundation level','Billing Puropse','2022-09-16 05:40:00',120,'','','Africa/Cairo',1,1,1,NULL,NULL,0,4,NULL,NULL,NULL,NULL,'2022-09-16 05:39:28'),(1252,NULL,96,NULL,12,28,'Foundation level','Billing Puropse','2022-09-16 05:40:00',90,'','','Africa/Cairo',1,1,1,NULL,NULL,0,4,NULL,NULL,NULL,NULL,'2022-09-16 05:39:46'),(1259,93,NULL,NULL,11,53,'Foundation level','Class','2022-09-19 20:30:00',30,'','','Africa/Cairo',1,1,2,NULL,NULL,1,1,1,5,'حفظ الآيات الجديدة ',NULL,'2022-09-18 07:31:01'),(1260,93,NULL,NULL,11,53,'Foundation level','Class','2022-09-26 20:30:00',30,'','','Africa/Cairo',1,1,1,NULL,NULL,0,1,1,5,NULL,NULL,'2022-09-18 07:31:01'),(1264,93,NULL,NULL,11,53,'Foundation level','Class','2022-09-22 20:30:00',30,'','','Africa/Cairo',1,1,2,NULL,NULL,0,1,1,5,'حفظ حتى نهاية سورة الفجر ',NULL,'2022-09-18 07:31:01'),(1265,93,NULL,NULL,11,53,'Foundation level','Class','2022-09-29 20:30:00',30,'','','Africa/Cairo',1,1,1,NULL,NULL,0,1,1,5,NULL,NULL,'2022-09-18 07:31:01'),(1269,95,62,NULL,8,130,'Qari program','Class','2022-09-22 21:00:00',60,'','','Africa/Cairo',1,1,1,NULL,NULL,0,1,4,5,NULL,NULL,'2022-09-18 08:36:34'),(1270,95,62,NULL,8,130,'Qari program','Class','2022-09-29 21:00:00',60,'','','Africa/Cairo',1,1,1,NULL,NULL,0,1,4,5,NULL,NULL,'2022-09-18 08:36:34'),(1273,NULL,62,NULL,8,130,'Qari program','Class','2022-09-16 21:00:00',60,'','','Africa/Cairo',1,1,1,NULL,NULL,1,5,NULL,NULL,NULL,NULL,'2022-09-18 08:37:10'),(1274,62,37,NULL,8,19,'Tajweed basics','Class','2022-09-22 11:00:00',45,'','','Africa/Cairo',1,1,1,NULL,NULL,0,1,4,4,'',NULL,'2022-09-18 08:54:32'),(1275,62,37,NULL,8,19,'Tajweed basics','Class','2022-09-29 11:00:00',45,'','','Africa/Cairo',1,1,1,NULL,NULL,0,1,4,4,NULL,NULL,'2022-09-18 08:54:32'),(1278,62,37,NULL,8,19,'Tajweed basics','Class','2022-09-23 11:00:00',45,'','','Africa/Cairo',1,1,1,NULL,NULL,0,1,4,4,NULL,NULL,'2022-09-18 08:54:32'),(1279,62,37,NULL,8,19,'Tajweed basics','Class','2022-09-30 11:00:00',45,'','','Africa/Cairo',1,1,1,NULL,NULL,1,5,NULL,NULL,NULL,NULL,'2022-09-18 08:54:32'),(1308,36,91,NULL,5,88,'Intermediate arabic','Class','2022-09-20 17:00:00',30,'','','Africa/Cairo',1,1,1,NULL,NULL,0,1,2,2,NULL,NULL,'2022-09-18 09:54:36'),(1309,36,91,NULL,5,88,'Intermediate arabic','Class','2022-09-27 17:00:00',30,'','','Africa/Cairo',1,1,1,NULL,NULL,0,1,2,4,' مراجعة الجملة الفعلية والاسمية وسورة الزلزلة حتي الاية رقم 6',NULL,'2022-09-18 09:54:36'),(1317,36,91,NULL,5,88,'Intermediate arabic','Class','2022-09-24 09:00:00',30,'','','Africa/Cairo',1,1,1,NULL,NULL,0,1,2,3,'حفظ الاية 5 و6 من سورة الزلزلة',NULL,'2022-09-18 09:54:36'),(1318,36,91,NULL,5,88,'Intermediate arabic','Class','2022-10-01 09:00:00',30,'','','Africa/Cairo',1,1,1,NULL,NULL,0,4,NULL,NULL,NULL,NULL,'2022-09-18 09:54:36'),(1332,NULL,NULL,NULL,12,65,'Basic arabic','Billing','2022-09-18 10:49:00',60,'','','Africa/Cairo',1,1,1,NULL,NULL,0,1,NULL,NULL,NULL,NULL,'2022-09-18 10:48:40'),(1333,NULL,NULL,NULL,12,64,'Basic arabic','Billing','2022-09-18 10:49:00',60,'','','Africa/Cairo',1,1,1,NULL,NULL,0,1,NULL,NULL,NULL,NULL,'2022-09-18 10:48:54'),(1334,51,NULL,NULL,11,65,'Basic arabic','Class','2022-09-18 18:00:00',30,'','','Africa/Cairo',1,1,1,NULL,NULL,1,5,NULL,NULL,NULL,NULL,'2022-09-18 13:00:34'),(1335,51,NULL,NULL,11,65,'Basic arabic','Class','2022-09-25 18:00:00',30,'','','Africa/Cairo',1,1,1,NULL,NULL,0,1,1,5,NULL,NULL,'2022-09-18 13:00:34'),(1339,51,NULL,NULL,11,65,'Basic arabic','Class','2022-09-19 18:00:00',30,'','','Africa/Cairo',1,1,1,NULL,NULL,1,5,NULL,NULL,NULL,NULL,'2022-09-18 13:00:34'),(1340,51,NULL,NULL,11,65,'Basic arabic','Class','2022-09-26 18:00:00',30,'','','Africa/Cairo',1,1,1,NULL,NULL,0,1,1,5,NULL,NULL,'2022-09-18 13:00:34'),(1344,51,NULL,NULL,11,65,'Basic arabic','Class','2022-09-20 18:00:00',30,'','','Africa/Cairo',1,1,1,NULL,NULL,1,1,1,5,'مراجعة حتى وقفنا فى سورة المطففين ',NULL,'2022-09-18 13:00:34'),(1345,51,NULL,NULL,11,65,'Basic arabic','Class','2022-09-27 18:00:00',30,'','','Africa/Cairo',1,1,1,NULL,NULL,0,1,1,5,NULL,NULL,'2022-09-18 13:00:34'),(1348,51,NULL,NULL,11,65,'Basic arabic','Class','2022-09-21 18:00:00',30,'','','Africa/Cairo',1,1,1,NULL,NULL,1,5,NULL,NULL,NULL,NULL,'2022-09-18 13:00:34'),(1352,51,NULL,NULL,11,65,'Basic arabic','Class','2022-09-22 18:00:00',30,'','','Africa/Cairo',1,1,1,NULL,NULL,0,1,3,4,'مراجعة سورة المطففين حتى الآية 31',NULL,'2022-09-18 13:00:34'),(1356,51,NULL,NULL,11,65,'Basic arabic','Class','2022-09-23 18:00:00',30,'','','Africa/Cairo',1,1,1,NULL,NULL,0,1,1,4,NULL,NULL,'2022-09-18 13:00:34'),(1360,51,NULL,NULL,11,65,'Basic arabic','Class','2022-09-24 18:00:00',30,'','','Africa/Cairo',1,1,1,NULL,NULL,1,1,1,5,NULL,NULL,'2022-09-18 13:00:34'),(1364,52,NULL,NULL,11,64,'Basic arabic','Class','2022-09-18 18:30:00',30,'','','Africa/Cairo',1,1,1,NULL,NULL,1,5,NULL,NULL,NULL,NULL,'2022-09-18 13:00:39'),(1365,52,NULL,NULL,11,64,'Basic arabic','Class','2022-09-25 18:30:00',30,'','','Africa/Cairo',1,1,1,NULL,NULL,0,1,2,5,NULL,NULL,'2022-09-18 13:00:39'),(1369,52,NULL,NULL,11,64,'Basic arabic','Class','2022-09-19 18:30:00',30,'','','Africa/Cairo',1,1,1,NULL,NULL,1,5,NULL,NULL,NULL,NULL,'2022-09-18 13:00:39'),(1370,52,NULL,NULL,11,64,'Basic arabic','Class','2022-09-26 18:30:00',30,'','','Africa/Cairo',1,1,1,NULL,NULL,0,1,2,5,NULL,NULL,'2022-09-18 13:00:39'),(1374,52,NULL,NULL,11,64,'Basic arabic','Class','2022-09-20 18:30:00',30,'','','Africa/Cairo',1,1,1,NULL,NULL,0,1,2,NULL,NULL,NULL,'2022-09-18 13:00:39'),(1375,52,NULL,NULL,11,64,'Basic arabic','Class','2022-09-27 18:30:00',30,'','','Africa/Cairo',1,1,1,NULL,NULL,0,1,1,5,NULL,NULL,'2022-09-18 13:00:39'),(1378,52,NULL,NULL,11,64,'Basic arabic','Class','2022-09-21 18:30:00',30,'','','Africa/Cairo',1,1,1,NULL,NULL,0,1,3,5,'مراجعة سورة التكوير وسورة عبس حتى الآية 15',NULL,'2022-09-18 13:00:39'),(1382,52,NULL,NULL,11,64,'Basic arabic','Class','2022-09-22 18:30:00',30,'','','Africa/Cairo',1,1,1,NULL,NULL,0,1,2,3,'حفظ سورة عبس حتى الآية 15',NULL,'2022-09-18 13:00:39'),(1386,52,NULL,NULL,11,64,'Basic arabic','Class','2022-09-23 18:30:00',30,'','','Africa/Cairo',1,1,1,NULL,NULL,0,1,1,5,NULL,NULL,'2022-09-18 13:00:39'),(1390,52,NULL,NULL,11,64,'Basic arabic','Class','2022-09-24 18:30:00',30,'','','Africa/Cairo',1,1,1,NULL,NULL,1,1,2,5,NULL,NULL,'2022-09-18 13:00:39'),(1428,35,24,NULL,5,114,'Foundation level','Class','2022-09-25 14:30:00',30,'','','Africa/Cairo',1,1,1,NULL,NULL,0,1,1,4,'الحروف و كلمة شمس',NULL,'2022-09-18 18:52:11'),(1436,35,24,NULL,5,114,'Foundation level','Class','2022-09-24 14:30:00',30,'','','Africa/Cairo',1,1,1,NULL,NULL,0,1,2,4,NULL,NULL,'2022-09-18 18:52:11'),(1444,65,24,NULL,8,114,'Indiputable facts of religion','Group A3','2022-09-18 22:00:00',60,'','','Africa/Cairo',1,1,1,NULL,NULL,0,1,1,4,NULL,NULL,'2022-09-18 18:56:10'),(1453,9,NULL,NULL,2,44,'Tajweed basics','Class','2022-10-16 18:00:00',60,'','','Africa/Cairo',1,1,1,NULL,NULL,0,0,NULL,NULL,NULL,NULL,'2022-09-18 19:07:42'),(1455,96,92,NULL,2,84,'Intermediate arabic','Class','2022-09-25 11:00:00',90,'','','Africa/Cairo',1,1,1,NULL,NULL,0,1,1,5,NULL,NULL,'2022-09-18 19:09:15'),(1463,NULL,92,NULL,2,84,'Intermediate arabic','Class','2022-09-18 19:10:00',90,'','','Africa/Cairo',1,1,1,NULL,NULL,0,1,4,5,NULL,NULL,'2022-09-18 19:09:42'),(1465,49,NULL,NULL,19,84,'Intermediate','Class','2022-09-19 11:30:00',45,'','','Africa/Cairo',1,1,1,NULL,NULL,1,5,NULL,NULL,NULL,NULL,'2022-09-18 19:23:21'),(1466,49,92,NULL,19,84,'Intermediate','Class','2022-09-26 11:30:00',45,'','','Africa/Cairo',1,1,1,NULL,NULL,1,5,NULL,NULL,NULL,NULL,'2022-09-18 19:23:21'),(1475,5,4,NULL,9,30,'Foundation level','Class','2022-09-19 21:00:00',30,'','','Africa/Cairo',1,1,1,NULL,NULL,0,1,3,NULL,NULL,'نور البيان ص 16 إلى دله','2022-09-18 20:13:45'),(1476,5,4,NULL,9,30,'Foundation level','Class','2022-09-26 21:00:00',30,'','','Africa/Cairo',1,1,1,NULL,NULL,0,1,4,5,'-----','ص 17 إلى أكل و شرب','2022-09-18 20:13:45'),(1484,5,4,NULL,9,30,'Foundation level','Class','2022-09-20 21:00:00',30,'','','Africa/Cairo',1,1,1,NULL,NULL,0,1,4,5,'----','نور البيان ص 16 إلى نهايتها','2022-09-18 20:13:45'),(1485,5,4,NULL,9,30,'Foundation level','Class','2022-09-27 21:00:00',30,'','','Africa/Cairo',1,1,1,NULL,NULL,0,1,4,5,'----------',' ص 19 إلى ثقب','2022-09-18 20:13:45'),(1493,5,4,NULL,9,30,'Foundation level','Class','2022-09-21 21:00:00',30,'','','Africa/Cairo',1,1,1,NULL,NULL,0,1,4,5,'------','ص 17 إلى عمل و ربح','2022-09-18 20:13:45'),(1494,5,4,NULL,9,30,'Foundation level','Class','2022-09-28 21:00:00',30,'','','Africa/Cairo',1,1,1,NULL,NULL,0,1,4,5,NULL,'ص 19  إلى نهايتها ','2022-09-18 20:13:45'),(1502,5,4,NULL,9,30,'Foundation level','Class','2022-09-22 21:00:00',30,'','','Africa/Cairo',1,1,1,NULL,NULL,0,3,NULL,NULL,NULL,NULL,'2022-09-18 20:13:45'),(1503,5,4,NULL,9,30,'Foundation level','Class','2022-09-29 21:00:00',30,'','','Africa/Cairo',1,1,1,NULL,NULL,0,1,4,5,NULL,'نور البيان ص20 إلى شحذ','2022-09-18 20:13:45'),(1511,6,5,NULL,9,91,'Foundation level','Class','2022-09-19 17:30:00',30,'','','Africa/Cairo',1,1,1,NULL,NULL,0,1,4,NULL,'-------','حروف المد - حروف ساكنة لاصوت لها - وظيفتها زيادة زمن نطق ما قبلها','2022-09-18 20:20:42'),(1512,6,5,NULL,9,91,'Foundation level','Class','2022-09-26 17:30:00',30,'','','Africa/Cairo',1,1,1,NULL,NULL,0,1,4,5,'read the word الله ','نور البيان 2 72 إلى و اذا مروا باللغو- اللام في لفظ الجلالة','2022-09-18 20:20:42'),(1520,6,5,NULL,9,91,'Foundation level','Class','2022-09-20 17:30:00',30,'','','Africa/Cairo',1,1,1,NULL,NULL,0,1,4,5,'-----','ص71 إلى الحيّ','2022-09-18 20:20:42'),(1521,6,5,NULL,9,91,'Foundation level','Class','2022-09-27 17:30:00',30,'','','Africa/Cairo',1,1,1,NULL,NULL,0,1,1,5,'--------',' ص 73 إلى تنزل على كل افاك اثيم ','2022-09-18 20:20:42'),(1529,6,5,NULL,9,91,'Foundation level','Class','2022-09-21 17:30:00',30,'','','Africa/Cairo',1,1,1,NULL,NULL,0,1,4,4,'------------','نور البيان ص 72 إلى ولو ارادوا الخروج','2022-09-18 20:20:42'),(1530,6,5,NULL,9,91,'Foundation level','Class','2022-09-28 17:30:00',30,'','','Africa/Cairo',1,1,1,NULL,NULL,0,1,4,5,NULL,' ص 73 إلى نهايتها ','2022-09-18 20:20:42'),(1541,NULL,94,NULL,6,87,'Intermediate arabic','Class','2022-09-04 08:25:00',60,'','','Africa/Cairo',1,1,1,NULL,NULL,0,1,3,2,NULL,NULL,'2022-09-19 08:24:08'),(1544,15,94,NULL,6,87,'Intermediate arabic','Class','2022-10-09 16:00:00',60,'','','Africa/Cairo',1,1,1,NULL,NULL,0,1,2,3,'كتابة الأرقام من 30حتى 60',NULL,'2022-09-19 08:27:18'),(1589,8,77,NULL,19,120,'Ljazah program','Class','2022-09-25 11:30:00',60,'','','Africa/Cairo',1,1,1,NULL,NULL,1,5,NULL,NULL,NULL,NULL,'2022-09-19 10:02:21'),(1597,8,77,NULL,19,120,'Ljazah program','Class','2022-09-21 11:30:00',60,'','','Africa/Cairo',1,1,1,NULL,NULL,1,1,4,5,NULL,NULL,'2022-09-19 10:02:21'),(1598,8,77,NULL,19,120,'Ljazah program','Class','2022-09-28 11:30:00',60,'','','Africa/Cairo',1,1,1,NULL,NULL,1,5,NULL,NULL,NULL,NULL,'2022-09-19 10:02:21'),(1606,8,77,NULL,19,120,'Ljazah program','Class','2022-09-24 11:30:00',60,'','','Africa/Cairo',1,1,1,NULL,NULL,1,5,NULL,NULL,NULL,NULL,'2022-09-19 10:02:21'),(1607,8,77,NULL,19,120,'Ljazah program','Class','2022-10-01 11:30:00',60,'','','Africa/Cairo',1,1,1,NULL,NULL,0,1,1,5,'the rest of Ale Imran',NULL,'2022-09-19 10:02:21'),(1614,32,22,NULL,11,32,'Pre-reading level','Class','2022-09-22 11:00:00',60,'','','Africa/Cairo',1,1,1,NULL,NULL,0,1,3,5,'ترديد سزرو الفلق والناس صباحا ومساءا وبعد الظهيرة ',NULL,'2022-09-19 10:09:57'),(1615,32,22,NULL,11,32,'Pre-reading level','Class','2022-09-29 11:00:00',60,'','','Africa/Cairo',1,1,1,NULL,NULL,1,1,1,5,NULL,NULL,'2022-09-19 10:09:57'),(1623,NULL,NULL,NULL,12,49,'Tajweed basics','Class','2022-09-10 17:00:00',30,'','','Africa/Cairo',1,1,1,NULL,NULL,0,1,4,5,NULL,NULL,'2022-09-19 11:09:40'),(1624,48,NULL,NULL,19,49,'Intermediate','Class','2022-09-25 17:00:00',30,'','','Africa/Cairo',1,1,1,NULL,NULL,1,5,NULL,NULL,NULL,NULL,'2022-09-19 11:15:06'),(1632,48,NULL,NULL,19,49,'Intermediate','Class','2022-09-24 17:00:00',30,'','','Africa/Cairo',1,1,1,NULL,NULL,1,5,NULL,NULL,NULL,NULL,'2022-09-19 11:15:06'),(1633,48,NULL,NULL,19,49,'Intermediate','Class','2022-10-01 17:00:00',30,'','','Africa/Cairo',1,1,1,NULL,NULL,1,5,NULL,NULL,NULL,NULL,'2022-09-19 11:15:06'),(1650,63,38,NULL,8,7,'Intermediate arabic','Class','2022-09-22 20:30:00',60,'','','Africa/Cairo',1,1,1,NULL,NULL,0,1,4,4,NULL,NULL,'2022-09-20 07:49:18'),(1651,63,38,NULL,8,7,'Intermediate arabic','Class','2022-09-29 20:30:00',60,'','','Africa/Cairo',1,1,1,NULL,NULL,0,1,4,4,NULL,NULL,'2022-09-20 07:49:18'),(1659,63,38,NULL,8,7,'Intermediate arabic','Class','2022-09-23 08:00:00',60,'','','Africa/Cairo',1,1,1,NULL,NULL,0,1,4,4,NULL,NULL,'2022-09-20 07:49:18'),(1660,63,38,NULL,8,7,'Intermediate arabic','Class','2022-09-30 08:00:00',60,'','','Africa/Cairo',1,1,1,NULL,NULL,0,1,4,4,NULL,NULL,'2022-09-20 07:49:18'),(1668,67,102,NULL,8,129,'Basic arabic','Class','2022-09-25 11:00:00',90,'','','Africa/Cairo',1,1,1,NULL,NULL,0,1,4,4,NULL,NULL,'2022-09-20 08:10:11'),(1676,67,102,NULL,8,129,'Basic arabic','Class','2022-09-24 11:00:00',90,'','','Africa/Cairo',1,1,1,NULL,NULL,0,1,4,4,NULL,NULL,'2022-09-20 08:10:11'),(1677,67,102,NULL,8,129,'Basic arabic','Class','2022-10-01 11:00:00',90,'','','Africa/Cairo',1,1,1,NULL,NULL,0,1,4,4,NULL,NULL,'2022-09-20 08:10:11'),(1685,NULL,102,NULL,8,129,'Basic arabic','Class','2022-09-20 08:12:00',60,'','','Africa/Cairo',1,1,1,NULL,NULL,0,1,4,4,NULL,NULL,'2022-09-20 08:11:10'),(1709,31,NULL,NULL,11,42,'Pre-reading level','Class','2022-09-23 14:00:00',60,'','','Africa/Cairo',1,1,1,NULL,NULL,1,5,NULL,NULL,NULL,NULL,'2022-09-22 20:30:01'),(1710,31,NULL,NULL,11,42,'Pre-reading level','Class','2022-09-30 14:00:00',60,'','','Africa/Cairo',1,1,1,NULL,NULL,1,5,NULL,NULL,NULL,NULL,'2022-09-22 20:30:01'),(1759,47,NULL,NULL,5,18,'Foundation level','Class','2022-09-28 15:00:00',30,'','','Africa/Cairo',1,1,1,NULL,NULL,1,5,NULL,NULL,NULL,NULL,'2022-09-24 09:34:53'),(1763,47,NULL,NULL,5,18,'Foundation level','Class','2022-09-24 17:30:00',60,'','','Africa/Cairo',1,1,1,NULL,NULL,0,4,NULL,NULL,NULL,NULL,'2022-09-24 09:34:53'),(1764,47,NULL,NULL,5,18,'Foundation level','Class','2022-10-01 17:30:00',60,'','','Africa/Cairo',1,1,1,NULL,NULL,0,2,NULL,NULL,NULL,NULL,'2022-09-24 09:34:53'),(1768,NULL,NULL,NULL,11,53,'Foundation level','Class','2022-09-24 10:00:00',30,'','','Africa/Cairo',1,1,2,NULL,NULL,0,1,1,5,NULL,NULL,'2022-09-24 09:43:32'),(1769,NULL,NULL,NULL,11,64,'Foundation level','Class','2022-09-24 10:00:00',60,'','','Africa/Cairo',1,1,1,NULL,NULL,0,1,2,4,NULL,NULL,'2022-09-24 09:44:26'),(1770,NULL,NULL,NULL,11,65,'Basic arabic','Class','2022-09-24 10:00:00',120,'','','Africa/Cairo',1,1,1,NULL,NULL,0,1,1,4,NULL,NULL,'2022-09-24 09:47:21'),(1771,30,NULL,NULL,11,102,'Intermediate arabic','Class','2022-09-28 18:00:00',30,'','','Africa/Cairo',1,1,1,NULL,NULL,1,1,2,5,NULL,NULL,'2022-09-24 10:00:03'),(1775,NULL,NULL,NULL,11,126,'Basic arabic','Class','2022-09-24 10:07:00',15,'','','Africa/Cairo',1,1,1,NULL,NULL,0,1,4,3,NULL,NULL,'2022-09-24 10:06:16'),(1785,98,NULL,NULL,8,133,'Pre-reading level','Class','2022-09-26 15:15:00',45,'','','Africa/Cairo',1,1,1,NULL,NULL,1,5,NULL,NULL,NULL,NULL,'2022-09-24 14:13:10'),(1794,98,NULL,NULL,8,133,'Pre-reading level','Class','2022-09-28 15:15:00',45,'','','Africa/Cairo',1,1,2,NULL,NULL,0,1,4,4,'memorizing',NULL,'2022-09-24 14:13:10'),(1803,98,NULL,NULL,8,133,'Pre-reading level','Class','2022-09-30 12:00:00',45,'','','Africa/Cairo',1,1,2,NULL,NULL,0,1,2,4,NULL,NULL,'2022-09-24 14:13:10'),(1812,97,NULL,NULL,11,59,'Pre-reading level','Class','2022-09-29 21:00:00',45,'','','Africa/Cairo',1,1,1,NULL,NULL,1,5,NULL,NULL,NULL,NULL,'2022-09-24 14:17:38'),(1827,10,NULL,NULL,2,121,'Intermediate arabic','Class','2022-10-26 18:00:00',60,'','','Africa/Cairo',1,1,1,NULL,NULL,0,0,NULL,NULL,NULL,NULL,'2022-09-25 08:39:33'),(1832,96,NULL,NULL,2,84,'Intermediate arabic','Class','2022-10-09 11:30:00',60,'','','Africa/Cairo',1,1,1,NULL,NULL,0,1,1,5,NULL,NULL,'2022-09-25 11:32:30'),(1833,96,NULL,NULL,2,84,'Intermediate arabic','Class','2022-10-16 11:30:00',90,'','','Africa/Cairo',1,1,1,NULL,NULL,0,0,NULL,NULL,NULL,NULL,'2022-09-25 11:32:30'),(1834,96,NULL,NULL,2,84,'Intermediate arabic','Class','2022-10-23 11:30:00',90,'','','Africa/Cairo',1,1,1,NULL,NULL,0,0,NULL,NULL,NULL,NULL,'2022-09-25 11:32:30'),(1835,96,NULL,NULL,2,84,'Intermediate arabic','Class','2022-10-30 11:30:00',90,'','','Africa/Cairo',1,1,1,NULL,NULL,0,0,NULL,NULL,NULL,NULL,'2022-09-25 11:32:30'),(1836,96,NULL,NULL,2,84,'Intermediate arabic','Class','2022-11-06 11:30:00',90,'','','Africa/Cairo',1,1,1,NULL,NULL,0,0,NULL,NULL,NULL,NULL,'2022-09-25 11:32:30'),(1837,96,NULL,NULL,2,84,'Intermediate arabic','Class','2022-11-13 11:30:00',90,'','','Africa/Cairo',1,1,1,NULL,NULL,0,0,NULL,NULL,NULL,NULL,'2022-09-25 11:32:30'),(1838,96,NULL,NULL,2,84,'Intermediate arabic','Class','2022-11-20 11:30:00',90,'','','Africa/Cairo',1,1,1,NULL,NULL,0,0,NULL,NULL,NULL,NULL,'2022-09-25 11:32:30'),(1848,9,NULL,NULL,2,44,'Tajweed basics','Class','2022-10-23 18:00:00',60,'','','Africa/Cairo',1,1,1,NULL,NULL,0,0,NULL,NULL,NULL,NULL,'2022-09-25 18:36:26'),(1849,96,NULL,NULL,2,84,'Intermediate arabic','Class','2022-11-27 11:30:00',90,'','','Africa/Cairo',1,1,1,NULL,NULL,0,0,NULL,NULL,NULL,NULL,'2022-09-25 18:37:39'),(1884,51,NULL,NULL,11,65,'Basic arabic','Class','2022-10-01 18:00:00',60,'','','Africa/Cairo',1,1,1,NULL,NULL,1,1,1,4,NULL,NULL,'2022-09-28 08:40:15'),(1892,52,NULL,NULL,11,64,'Basic arabic','Class','2022-10-01 19:00:00',60,'','','Africa/Cairo',1,1,1,NULL,NULL,1,1,2,5,NULL,NULL,'2022-09-28 08:40:32'),(1902,19,NULL,NULL,10,104,'Foundation level','Class','2022-09-28 21:00:00',30,'','','Africa/Cairo',1,1,1,NULL,NULL,0,1,1,4,'غ ف ق ك بالفتح practice','needs to practice letters with Fattha','2022-09-28 19:18:33'),(1925,99,NULL,NULL,10,28,'Pre-reading level','Class','2022-09-28 22:00:00',30,'','','Africa/Cairo',1,1,1,NULL,NULL,1,5,NULL,NULL,NULL,NULL,'2022-09-28 19:27:49'),(1943,100,NULL,NULL,10,27,'Pre-reading level','Class','2022-09-28 22:30:00',30,'','','Africa/Cairo',1,1,1,NULL,NULL,1,5,NULL,NULL,NULL,NULL,'2022-09-28 19:30:07'),(1988,98,NULL,NULL,8,133,'Pre-reading level','Class','2022-10-03 15:15:00',45,'','','Africa/Cairo',1,1,2,NULL,NULL,0,1,1,4,'Memorization/Reading',NULL,'2022-10-01 19:16:49'),(1989,98,NULL,NULL,8,133,'Pre-reading level','Class','2022-10-10 15:15:00',45,'','','Africa/Cairo',1,1,1,NULL,NULL,0,1,1,4,'Memorization ',NULL,'2022-10-01 19:16:49'),(1990,98,NULL,NULL,8,133,'Pre-reading level','Class','2022-10-17 15:15:00',45,'','','Africa/Cairo',1,1,1,NULL,NULL,0,0,NULL,NULL,NULL,NULL,'2022-10-01 19:16:49'),(1991,98,NULL,NULL,8,133,'Pre-reading level','Class','2022-10-24 15:15:00',45,'','','Africa/Cairo',1,1,1,NULL,NULL,0,0,NULL,NULL,NULL,NULL,'2022-10-01 19:16:49'),(1992,98,NULL,NULL,8,133,'Pre-reading level','Class','2022-10-31 15:15:00',45,'','','Africa/Cairo',1,1,1,NULL,NULL,0,0,NULL,NULL,NULL,NULL,'2022-10-01 19:16:49'),(1993,98,NULL,NULL,8,133,'Pre-reading level','Class','2022-11-07 15:15:00',45,'','','Africa/Cairo',1,1,1,NULL,NULL,0,0,NULL,NULL,NULL,NULL,'2022-10-01 19:16:49'),(1994,98,NULL,NULL,8,133,'Pre-reading level','Class','2022-11-14 15:15:00',45,'','','Africa/Cairo',1,1,1,NULL,NULL,0,0,NULL,NULL,NULL,NULL,'2022-10-01 19:16:49'),(1995,98,NULL,NULL,8,133,'Pre-reading level','Class','2022-11-21 15:15:00',45,'','','Africa/Cairo',1,1,1,NULL,NULL,0,0,NULL,NULL,NULL,NULL,'2022-10-01 19:16:49'),(1996,98,NULL,NULL,8,133,'Pre-reading level','Class','2022-11-28 15:15:00',45,'','','Africa/Cairo',1,1,1,NULL,NULL,0,0,NULL,NULL,NULL,NULL,'2022-10-01 19:16:49'),(1997,98,NULL,NULL,8,133,'Pre-reading level','Class','2022-10-05 15:15:00',45,'','','Africa/Cairo',1,1,2,NULL,NULL,0,1,1,4,'Reading and memorization ',NULL,'2022-10-01 19:16:49'),(1998,98,NULL,NULL,8,133,'Pre-reading level','Class','2022-10-12 15:15:00',45,'','','Africa/Cairo',1,1,1,NULL,NULL,0,1,1,4,'Memorization ',NULL,'2022-10-01 19:16:49'),(1999,98,NULL,NULL,8,133,'Pre-reading level','Class','2022-10-19 15:15:00',45,'','','Africa/Cairo',1,1,1,NULL,NULL,0,0,NULL,NULL,NULL,NULL,'2022-10-01 19:16:49'),(2000,98,NULL,NULL,8,133,'Pre-reading level','Class','2022-10-26 15:15:00',45,'','','Africa/Cairo',1,1,1,NULL,NULL,0,0,NULL,NULL,NULL,NULL,'2022-10-01 19:16:49'),(2001,98,NULL,NULL,8,133,'Pre-reading level','Class','2022-11-02 15:15:00',45,'','','Africa/Cairo',1,1,1,NULL,NULL,0,0,NULL,NULL,NULL,NULL,'2022-10-01 19:16:49'),(2002,98,NULL,NULL,8,133,'Pre-reading level','Class','2022-11-09 15:15:00',45,'','','Africa/Cairo',1,1,1,NULL,NULL,0,0,NULL,NULL,NULL,NULL,'2022-10-01 19:16:49'),(2003,98,NULL,NULL,8,133,'Pre-reading level','Class','2022-11-16 15:15:00',45,'','','Africa/Cairo',1,1,1,NULL,NULL,0,0,NULL,NULL,NULL,NULL,'2022-10-01 19:16:49'),(2004,98,NULL,NULL,8,133,'Pre-reading level','Class','2022-11-23 15:15:00',45,'','','Africa/Cairo',1,1,1,NULL,NULL,0,0,NULL,NULL,NULL,NULL,'2022-10-01 19:16:49'),(2005,98,NULL,NULL,8,133,'Pre-reading level','Class','2022-11-30 15:15:00',45,'','','Africa/Cairo',1,1,1,NULL,NULL,0,0,NULL,NULL,NULL,NULL,'2022-10-01 19:16:49'),(2006,98,NULL,NULL,8,133,'Pre-reading level','Class','2022-10-07 12:00:00',45,'','','Africa/Cairo',1,1,1,NULL,NULL,1,1,1,4,'Memorizing ',NULL,'2022-10-01 19:16:49'),(2007,98,NULL,NULL,8,133,'Pre-reading level','Class','2022-10-14 12:00:00',45,'','','Africa/Cairo',1,1,1,NULL,NULL,0,0,NULL,NULL,NULL,NULL,'2022-10-01 19:16:49'),(2008,98,NULL,NULL,8,133,'Pre-reading level','Class','2022-10-21 12:00:00',45,'','','Africa/Cairo',1,1,1,NULL,NULL,0,0,NULL,NULL,NULL,NULL,'2022-10-01 19:16:49'),(2009,98,NULL,NULL,8,133,'Pre-reading level','Class','2022-10-28 12:00:00',45,'','','Africa/Cairo',1,1,1,NULL,NULL,0,0,NULL,NULL,NULL,NULL,'2022-10-01 19:16:49'),(2010,98,NULL,NULL,8,133,'Pre-reading level','Class','2022-11-04 12:00:00',45,'','','Africa/Cairo',1,1,1,NULL,NULL,0,0,NULL,NULL,NULL,NULL,'2022-10-01 19:16:49'),(2011,98,NULL,NULL,8,133,'Pre-reading level','Class','2022-11-11 12:00:00',45,'','','Africa/Cairo',1,1,1,NULL,NULL,0,0,NULL,NULL,NULL,NULL,'2022-10-01 19:16:49'),(2012,98,NULL,NULL,8,133,'Pre-reading level','Class','2022-11-18 12:00:00',45,'','','Africa/Cairo',1,1,1,NULL,NULL,0,0,NULL,NULL,NULL,NULL,'2022-10-01 19:16:49'),(2013,98,NULL,NULL,8,133,'Pre-reading level','Class','2022-11-25 12:00:00',45,'','','Africa/Cairo',1,1,1,NULL,NULL,0,0,NULL,NULL,NULL,NULL,'2022-10-01 19:16:49'),(2014,95,NULL,NULL,8,130,'Intermediate arabic','Class','2022-10-06 21:00:00',60,'','','Africa/Cairo',1,1,1,NULL,NULL,1,1,4,4,NULL,NULL,'2022-10-01 19:17:36'),(2015,95,NULL,NULL,8,130,'Intermediate arabic','Class','2022-10-13 21:00:00',60,'','','Africa/Cairo',1,1,1,NULL,NULL,0,0,NULL,NULL,NULL,NULL,'2022-10-01 19:17:36'),(2016,95,NULL,NULL,8,130,'Intermediate arabic','Class','2022-10-20 21:00:00',60,'','','Africa/Cairo',1,1,1,NULL,NULL,0,0,NULL,NULL,NULL,NULL,'2022-10-01 19:17:36'),(2017,95,NULL,NULL,8,130,'Intermediate arabic','Class','2022-10-27 21:00:00',60,'','','Africa/Cairo',1,1,1,NULL,NULL,0,0,NULL,NULL,NULL,NULL,'2022-10-01 19:17:36'),(2018,95,NULL,NULL,8,130,'Intermediate arabic','Class','2022-11-03 21:00:00',60,'','','Africa/Cairo',1,1,1,NULL,NULL,0,0,NULL,NULL,NULL,NULL,'2022-10-01 19:17:36'),(2019,95,NULL,NULL,8,130,'Intermediate arabic','Class','2022-11-10 21:00:00',60,'','','Africa/Cairo',1,1,1,NULL,NULL,0,0,NULL,NULL,NULL,NULL,'2022-10-01 19:17:36'),(2020,95,NULL,NULL,8,130,'Intermediate arabic','Class','2022-11-17 21:00:00',60,'','','Africa/Cairo',1,1,1,NULL,NULL,0,0,NULL,NULL,NULL,NULL,'2022-10-01 19:17:36'),(2021,95,NULL,NULL,8,130,'Intermediate arabic','Class','2022-11-24 21:00:00',60,'','','Africa/Cairo',1,1,1,NULL,NULL,0,0,NULL,NULL,NULL,NULL,'2022-10-01 19:17:36'),(2023,68,NULL,NULL,8,128,'Basic arabic','Class','2022-10-10 17:00:00',60,'','','Africa/Cairo',1,1,1,NULL,NULL,1,7,NULL,NULL,NULL,NULL,'2022-10-01 19:18:00'),(2024,68,NULL,NULL,8,128,'Basic arabic','Class','2022-10-17 17:00:00',60,'','','Africa/Cairo',1,1,1,NULL,NULL,0,0,NULL,NULL,NULL,NULL,'2022-10-01 19:18:00'),(2025,68,NULL,NULL,8,128,'Basic arabic','Class','2022-10-24 17:00:00',60,'','','Africa/Cairo',1,1,1,NULL,NULL,0,0,NULL,NULL,NULL,NULL,'2022-10-01 19:18:00'),(2026,68,NULL,NULL,8,128,'Basic arabic','Class','2022-10-31 17:00:00',60,'','','Africa/Cairo',1,1,1,NULL,NULL,0,0,NULL,NULL,NULL,NULL,'2022-10-01 19:18:00'),(2027,68,NULL,NULL,8,128,'Basic arabic','Class','2022-11-07 17:00:00',60,'','','Africa/Cairo',1,1,1,NULL,NULL,0,0,NULL,NULL,NULL,NULL,'2022-10-01 19:18:00'),(2028,68,NULL,NULL,8,128,'Basic arabic','Class','2022-11-14 17:00:00',60,'','','Africa/Cairo',1,1,1,NULL,NULL,0,0,NULL,NULL,NULL,NULL,'2022-10-01 19:18:00'),(2029,68,NULL,NULL,8,128,'Basic arabic','Class','2022-11-21 17:00:00',60,'','','Africa/Cairo',1,1,1,NULL,NULL,0,0,NULL,NULL,NULL,NULL,'2022-10-01 19:18:00'),(2030,68,NULL,NULL,8,128,'Basic arabic','Class','2022-11-28 17:00:00',60,'','','Africa/Cairo',1,1,1,NULL,NULL,0,0,NULL,NULL,NULL,NULL,'2022-10-01 19:18:00'),(2032,68,NULL,NULL,8,128,'Basic arabic','Class','2022-10-11 17:00:00',60,'','','Africa/Cairo',1,1,1,NULL,NULL,1,0,NULL,NULL,NULL,NULL,'2022-10-01 19:18:00'),(2033,68,NULL,NULL,8,128,'Basic arabic','Class','2022-10-18 17:00:00',60,'','','Africa/Cairo',1,1,1,NULL,NULL,0,0,NULL,NULL,NULL,NULL,'2022-10-01 19:18:00'),(2034,68,NULL,NULL,8,128,'Basic arabic','Class','2022-10-25 17:00:00',60,'','','Africa/Cairo',1,1,1,NULL,NULL,0,0,NULL,NULL,NULL,NULL,'2022-10-01 19:18:00'),(2035,68,NULL,NULL,8,128,'Basic arabic','Class','2022-11-01 17:00:00',60,'','','Africa/Cairo',1,1,1,NULL,NULL,0,0,NULL,NULL,NULL,NULL,'2022-10-01 19:18:00'),(2036,68,NULL,NULL,8,128,'Basic arabic','Class','2022-11-08 17:00:00',60,'','','Africa/Cairo',1,1,1,NULL,NULL,0,0,NULL,NULL,NULL,NULL,'2022-10-01 19:18:00'),(2037,68,NULL,NULL,8,128,'Basic arabic','Class','2022-11-15 17:00:00',60,'','','Africa/Cairo',1,1,1,NULL,NULL,0,0,NULL,NULL,NULL,NULL,'2022-10-01 19:18:00'),(2038,68,NULL,NULL,8,128,'Basic arabic','Class','2022-11-22 17:00:00',60,'','','Africa/Cairo',1,1,1,NULL,NULL,0,0,NULL,NULL,NULL,NULL,'2022-10-01 19:18:00'),(2039,68,NULL,NULL,8,128,'Basic arabic','Class','2022-11-29 17:00:00',60,'','','Africa/Cairo',1,1,1,NULL,NULL,0,0,NULL,NULL,NULL,NULL,'2022-10-01 19:18:00'),(2040,67,102,NULL,8,129,'Basic arabic','Class','2022-10-02 11:00:00',90,'','','Africa/Cairo',1,1,1,NULL,NULL,0,1,4,4,NULL,NULL,'2022-10-01 19:18:20'),(2041,67,102,NULL,8,129,'Basic arabic','Class','2022-10-09 11:00:00',90,'','','Africa/Cairo',1,1,1,NULL,NULL,0,1,4,4,NULL,NULL,'2022-10-01 19:18:20'),(2042,67,102,NULL,8,129,'Basic arabic','Class','2022-10-16 11:00:00',90,'','','Africa/Cairo',1,1,1,NULL,NULL,0,0,NULL,NULL,NULL,NULL,'2022-10-01 19:18:20'),(2043,67,102,NULL,8,129,'Basic arabic','Class','2022-10-23 11:00:00',90,'','','Africa/Cairo',1,1,1,NULL,NULL,0,0,NULL,NULL,NULL,NULL,'2022-10-01 19:18:20'),(2044,67,NULL,NULL,8,129,'Basic arabic','Class','2022-10-30 11:00:00',90,'','','Africa/Cairo',1,1,1,NULL,NULL,0,0,NULL,NULL,NULL,NULL,'2022-10-01 19:18:20'),(2045,67,NULL,NULL,8,129,'Basic arabic','Class','2022-11-06 11:00:00',90,'','','Africa/Cairo',1,1,1,NULL,NULL,0,0,NULL,NULL,NULL,NULL,'2022-10-01 19:18:20'),(2046,67,NULL,NULL,8,129,'Basic arabic','Class','2022-11-13 11:00:00',90,'','','Africa/Cairo',1,1,1,NULL,NULL,0,0,NULL,NULL,NULL,NULL,'2022-10-01 19:18:20'),(2047,67,NULL,NULL,8,129,'Basic arabic','Class','2022-11-20 11:00:00',90,'','','Africa/Cairo',1,1,1,NULL,NULL,0,0,NULL,NULL,NULL,NULL,'2022-10-01 19:18:20'),(2048,67,NULL,NULL,8,129,'Basic arabic','Class','2022-11-27 11:00:00',90,'','','Africa/Cairo',1,1,1,NULL,NULL,0,0,NULL,NULL,NULL,NULL,'2022-10-01 19:18:20'),(2049,67,NULL,NULL,8,129,'Basic arabic','Class','2022-10-01 11:00:00',90,'','','Africa/Cairo',1,1,1,NULL,NULL,1,5,NULL,NULL,NULL,NULL,'2022-10-01 19:18:20'),(2050,67,102,NULL,8,129,'Basic arabic','Class','2022-10-08 11:00:00',90,'','','Africa/Cairo',1,1,1,NULL,NULL,0,1,4,4,NULL,NULL,'2022-10-01 19:18:20'),(2051,67,102,NULL,8,129,'Basic arabic','Class','2022-10-15 11:00:00',90,'','','Africa/Cairo',1,1,1,NULL,NULL,0,0,NULL,NULL,NULL,NULL,'2022-10-01 19:18:20'),(2052,67,102,NULL,8,129,'Basic arabic','Class','2022-10-22 11:00:00',90,'','','Africa/Cairo',1,1,1,NULL,NULL,0,0,NULL,NULL,NULL,NULL,'2022-10-01 19:18:20'),(2053,67,NULL,NULL,8,129,'Basic arabic','Class','2022-10-29 11:00:00',90,'','','Africa/Cairo',1,1,1,NULL,NULL,0,0,NULL,NULL,NULL,NULL,'2022-10-01 19:18:20'),(2054,67,NULL,NULL,8,129,'Basic arabic','Class','2022-11-05 11:00:00',90,'','','Africa/Cairo',1,1,1,NULL,NULL,0,0,NULL,NULL,NULL,NULL,'2022-10-01 19:18:20'),(2055,67,NULL,NULL,8,129,'Basic arabic','Class','2022-11-12 11:00:00',90,'','','Africa/Cairo',1,1,1,NULL,NULL,0,0,NULL,NULL,NULL,NULL,'2022-10-01 19:18:20'),(2056,67,NULL,NULL,8,129,'Basic arabic','Class','2022-11-19 11:00:00',90,'','','Africa/Cairo',1,1,1,NULL,NULL,0,0,NULL,NULL,NULL,NULL,'2022-10-01 19:18:20'),(2057,67,NULL,NULL,8,129,'Basic arabic','Class','2022-11-26 11:00:00',90,'','','Africa/Cairo',1,1,1,NULL,NULL,0,0,NULL,NULL,NULL,NULL,'2022-10-01 19:18:20'),(2058,64,NULL,NULL,8,127,'Intermediate','Class','2022-10-03 22:30:00',60,'','','Africa/Cairo',1,1,1,NULL,NULL,0,1,1,4,'Memorization',NULL,'2022-10-01 19:19:25'),(2059,64,NULL,NULL,8,127,'Intermediate','Class','2022-10-10 22:30:00',60,'','','Africa/Cairo',1,1,1,NULL,NULL,0,1,2,4,'Memorization ',NULL,'2022-10-01 19:19:25'),(2060,64,NULL,NULL,8,127,'Intermediate','Class','2022-10-17 22:30:00',60,'','','Africa/Cairo',1,1,1,NULL,NULL,0,0,NULL,NULL,NULL,NULL,'2022-10-01 19:19:25'),(2061,64,NULL,NULL,8,127,'Intermediate','Class','2022-10-24 22:30:00',60,'','','Africa/Cairo',1,1,1,NULL,NULL,0,0,NULL,NULL,NULL,NULL,'2022-10-01 19:19:25'),(2062,64,NULL,NULL,8,127,'Intermediate','Class','2022-10-31 22:30:00',60,'','','Africa/Cairo',1,1,1,NULL,NULL,0,0,NULL,NULL,NULL,NULL,'2022-10-01 19:19:25'),(2063,64,NULL,NULL,8,127,'Intermediate','Class','2022-11-07 22:30:00',60,'','','Africa/Cairo',1,1,1,NULL,NULL,0,0,NULL,NULL,NULL,NULL,'2022-10-01 19:19:25'),(2064,64,NULL,NULL,8,127,'Intermediate','Class','2022-11-14 22:30:00',60,'','','Africa/Cairo',1,1,1,NULL,NULL,0,0,NULL,NULL,NULL,NULL,'2022-10-01 19:19:25'),(2065,64,NULL,NULL,8,127,'Intermediate','Class','2022-11-21 22:30:00',60,'','','Africa/Cairo',1,1,1,NULL,NULL,0,0,NULL,NULL,NULL,NULL,'2022-10-01 19:19:25'),(2066,64,NULL,NULL,8,127,'Intermediate','Class','2022-11-28 22:30:00',60,'','','Africa/Cairo',1,1,1,NULL,NULL,0,0,NULL,NULL,NULL,NULL,'2022-10-01 19:19:25'),(2067,64,NULL,NULL,8,127,'Intermediate','Class','2022-10-05 22:30:00',60,'','','Africa/Cairo',1,1,1,NULL,NULL,0,1,2,4,'Memorization ',NULL,'2022-10-01 19:19:25'),(2068,64,NULL,NULL,8,127,'Intermediate','Class','2022-10-12 22:30:00',60,'','','Africa/Cairo',1,1,1,NULL,NULL,0,0,NULL,NULL,NULL,NULL,'2022-10-01 19:19:25'),(2069,64,NULL,NULL,8,127,'Intermediate','Class','2022-10-19 22:30:00',60,'','','Africa/Cairo',1,1,1,NULL,NULL,0,0,NULL,NULL,NULL,NULL,'2022-10-01 19:19:25'),(2070,64,NULL,NULL,8,127,'Intermediate','Class','2022-10-26 22:30:00',60,'','','Africa/Cairo',1,1,1,NULL,NULL,0,0,NULL,NULL,NULL,NULL,'2022-10-01 19:19:25'),(2071,64,NULL,NULL,8,127,'Intermediate','Class','2022-11-02 22:30:00',60,'','','Africa/Cairo',1,1,1,NULL,NULL,0,0,NULL,NULL,NULL,NULL,'2022-10-01 19:19:25'),(2072,64,NULL,NULL,8,127,'Intermediate','Class','2022-11-09 22:30:00',60,'','','Africa/Cairo',1,1,1,NULL,NULL,0,0,NULL,NULL,NULL,NULL,'2022-10-01 19:19:25'),(2073,64,NULL,NULL,8,127,'Intermediate','Class','2022-11-16 22:30:00',60,'','','Africa/Cairo',1,1,1,NULL,NULL,0,0,NULL,NULL,NULL,NULL,'2022-10-01 19:19:25'),(2074,64,NULL,NULL,8,127,'Intermediate','Class','2022-11-23 22:30:00',60,'','','Africa/Cairo',1,1,1,NULL,NULL,0,0,NULL,NULL,NULL,NULL,'2022-10-01 19:19:25'),(2075,64,NULL,NULL,8,127,'Intermediate','Class','2022-11-30 22:30:00',60,'','','Africa/Cairo',1,1,1,NULL,NULL,0,0,NULL,NULL,NULL,NULL,'2022-10-01 19:19:25'),(2076,63,NULL,NULL,8,7,'Intermediate arabic','Class','2022-10-06 20:30:00',60,'','','Africa/Cairo',1,1,2,NULL,NULL,1,1,4,4,NULL,NULL,'2022-10-01 19:19:43'),(2077,63,NULL,NULL,8,7,'Intermediate arabic','Class','2022-10-13 20:30:00',60,'','','Africa/Cairo',1,1,1,NULL,NULL,0,0,NULL,NULL,NULL,NULL,'2022-10-01 19:19:43'),(2078,63,NULL,NULL,8,7,'Intermediate arabic','Class','2022-10-20 20:30:00',60,'','','Africa/Cairo',1,1,1,NULL,NULL,0,0,NULL,NULL,NULL,NULL,'2022-10-01 19:19:43'),(2079,63,NULL,NULL,8,7,'Intermediate arabic','Class','2022-10-27 20:30:00',60,'','','Africa/Cairo',1,1,1,NULL,NULL,0,0,NULL,NULL,NULL,NULL,'2022-10-01 19:19:43'),(2080,63,NULL,NULL,8,7,'Intermediate arabic','Class','2022-11-03 20:30:00',60,'','','Africa/Cairo',1,1,1,NULL,NULL,0,0,NULL,NULL,NULL,NULL,'2022-10-01 19:19:43'),(2081,63,NULL,NULL,8,7,'Intermediate arabic','Class','2022-11-10 20:30:00',60,'','','Africa/Cairo',1,1,1,NULL,NULL,0,0,NULL,NULL,NULL,NULL,'2022-10-01 19:19:43'),(2082,63,NULL,NULL,8,7,'Intermediate arabic','Class','2022-11-17 20:30:00',60,'','','Africa/Cairo',1,1,1,NULL,NULL,0,0,NULL,NULL,NULL,NULL,'2022-10-01 19:19:43'),(2083,63,NULL,NULL,8,7,'Intermediate arabic','Class','2022-11-24 20:30:00',60,'','','Africa/Cairo',1,1,1,NULL,NULL,0,0,NULL,NULL,NULL,NULL,'2022-10-01 19:19:43'),(2084,63,NULL,NULL,8,7,'Intermediate arabic','Class','2022-10-07 08:00:00',60,'','','Africa/Cairo',1,1,1,NULL,NULL,1,1,4,4,NULL,NULL,'2022-10-01 19:19:43'),(2085,63,NULL,NULL,8,7,'Intermediate arabic','Class','2022-10-14 08:00:00',60,'','','Africa/Cairo',1,1,1,NULL,NULL,0,0,NULL,NULL,NULL,NULL,'2022-10-01 19:19:43'),(2086,63,NULL,NULL,8,7,'Intermediate arabic','Class','2022-10-21 08:00:00',60,'','','Africa/Cairo',1,1,1,NULL,NULL,0,0,NULL,NULL,NULL,NULL,'2022-10-01 19:19:43'),(2087,63,NULL,NULL,8,7,'Intermediate arabic','Class','2022-10-28 08:00:00',60,'','','Africa/Cairo',1,1,1,NULL,NULL,0,0,NULL,NULL,NULL,NULL,'2022-10-01 19:19:43'),(2088,63,NULL,NULL,8,7,'Intermediate arabic','Class','2022-11-04 08:00:00',60,'','','Africa/Cairo',1,1,1,NULL,NULL,0,0,NULL,NULL,NULL,NULL,'2022-10-01 19:19:43'),(2089,63,NULL,NULL,8,7,'Intermediate arabic','Class','2022-11-11 08:00:00',60,'','','Africa/Cairo',1,1,1,NULL,NULL,0,0,NULL,NULL,NULL,NULL,'2022-10-01 19:19:43'),(2090,63,NULL,NULL,8,7,'Intermediate arabic','Class','2022-11-18 08:00:00',60,'','','Africa/Cairo',1,1,1,NULL,NULL,0,0,NULL,NULL,NULL,NULL,'2022-10-01 19:19:43'),(2091,63,NULL,NULL,8,7,'Intermediate arabic','Class','2022-11-25 08:00:00',60,'','','Africa/Cairo',1,1,1,NULL,NULL,0,0,NULL,NULL,NULL,NULL,'2022-10-01 19:19:43'),(2092,62,NULL,NULL,8,19,'Tajweed basics','Class','2022-10-06 11:00:00',45,'','','Africa/Cairo',1,1,2,NULL,NULL,1,1,NULL,NULL,NULL,NULL,'2022-10-01 19:20:09'),(2093,62,NULL,NULL,8,19,'Tajweed basics','Class','2022-10-13 11:00:00',45,'','','Africa/Cairo',1,1,1,NULL,NULL,0,0,NULL,NULL,NULL,NULL,'2022-10-01 19:20:09'),(2094,62,NULL,NULL,8,19,'Tajweed basics','Class','2022-10-20 11:00:00',45,'','','Africa/Cairo',1,1,1,NULL,NULL,0,0,NULL,NULL,NULL,NULL,'2022-10-01 19:20:09'),(2095,62,NULL,NULL,8,19,'Tajweed basics','Class','2022-10-27 11:00:00',45,'','','Africa/Cairo',1,1,1,NULL,NULL,0,0,NULL,NULL,NULL,NULL,'2022-10-01 19:20:09'),(2096,62,NULL,NULL,8,19,'Tajweed basics','Class','2022-11-03 11:00:00',45,'','','Africa/Cairo',1,1,1,NULL,NULL,0,0,NULL,NULL,NULL,NULL,'2022-10-01 19:20:09'),(2097,62,NULL,NULL,8,19,'Tajweed basics','Class','2022-11-10 11:00:00',45,'','','Africa/Cairo',1,1,1,NULL,NULL,0,0,NULL,NULL,NULL,NULL,'2022-10-01 19:20:09'),(2098,62,NULL,NULL,8,19,'Tajweed basics','Class','2022-11-17 11:00:00',45,'','','Africa/Cairo',1,1,1,NULL,NULL,0,0,NULL,NULL,NULL,NULL,'2022-10-01 19:20:09'),(2099,62,NULL,NULL,8,19,'Tajweed basics','Class','2022-11-24 11:00:00',45,'','','Africa/Cairo',1,1,1,NULL,NULL,0,0,NULL,NULL,NULL,NULL,'2022-10-01 19:20:09'),(2100,62,NULL,NULL,8,19,'Tajweed basics','Class','2022-12-01 11:00:00',45,'','','Africa/Cairo',1,1,1,NULL,NULL,0,0,NULL,NULL,NULL,NULL,'2022-10-01 19:20:09'),(2101,62,NULL,NULL,8,19,'Tajweed basics','Class','2022-10-07 11:00:00',45,'','','Africa/Cairo',1,1,1,NULL,NULL,1,1,4,4,NULL,NULL,'2022-10-01 19:20:09'),(2102,62,NULL,NULL,8,19,'Tajweed basics','Class','2022-10-14 11:00:00',45,'','','Africa/Cairo',1,1,1,NULL,NULL,0,0,NULL,NULL,NULL,NULL,'2022-10-01 19:20:09'),(2103,62,NULL,NULL,8,19,'Tajweed basics','Class','2022-10-21 11:00:00',45,'','','Africa/Cairo',1,1,1,NULL,NULL,0,0,NULL,NULL,NULL,NULL,'2022-10-01 19:20:09'),(2104,62,NULL,NULL,8,19,'Tajweed basics','Class','2022-10-28 11:00:00',45,'','','Africa/Cairo',1,1,1,NULL,NULL,0,0,NULL,NULL,NULL,NULL,'2022-10-01 19:20:09'),(2105,62,NULL,NULL,8,19,'Tajweed basics','Class','2022-11-04 11:00:00',45,'','','Africa/Cairo',1,1,1,NULL,NULL,0,0,NULL,NULL,NULL,NULL,'2022-10-01 19:20:09'),(2106,62,NULL,NULL,8,19,'Tajweed basics','Class','2022-11-11 11:00:00',45,'','','Africa/Cairo',1,1,1,NULL,NULL,0,0,NULL,NULL,NULL,NULL,'2022-10-01 19:20:09'),(2107,62,NULL,NULL,8,19,'Tajweed basics','Class','2022-11-18 11:00:00',45,'','','Africa/Cairo',1,1,1,NULL,NULL,0,0,NULL,NULL,NULL,NULL,'2022-10-01 19:20:09'),(2108,62,NULL,NULL,8,19,'Tajweed basics','Class','2022-11-25 11:00:00',45,'','','Africa/Cairo',1,1,1,NULL,NULL,0,0,NULL,NULL,NULL,NULL,'2022-10-01 19:20:09'),(2134,60,NULL,NULL,8,18,'Indiputable facts of religion','Group A2','2022-10-05 22:00:00',30,'','','Africa/Cairo',1,1,1,NULL,NULL,1,1,NULL,NULL,NULL,NULL,'2022-10-01 19:22:47'),(2135,60,NULL,NULL,8,18,'Indiputable facts of religion','Group A2','2022-10-12 22:00:00',30,'','','Africa/Cairo',1,1,1,NULL,NULL,0,0,NULL,NULL,NULL,NULL,'2022-10-01 19:22:47'),(2136,60,NULL,NULL,8,18,'Indiputable facts of religion','Group A2','2022-10-19 22:00:00',30,'','','Africa/Cairo',1,1,1,NULL,NULL,0,0,NULL,NULL,NULL,NULL,'2022-10-01 19:22:47'),(2137,60,NULL,NULL,8,18,'Indiputable facts of religion','Group A2','2022-10-26 22:00:00',30,'','','Africa/Cairo',1,1,1,NULL,NULL,0,0,NULL,NULL,NULL,NULL,'2022-10-01 19:22:47'),(2138,60,NULL,NULL,8,18,'Indiputable facts of religion','Group A2','2022-11-02 22:00:00',30,'','','Africa/Cairo',1,1,1,NULL,NULL,0,0,NULL,NULL,NULL,NULL,'2022-10-01 19:22:47'),(2139,60,NULL,NULL,8,18,'Indiputable facts of religion','Group A2','2022-11-09 22:00:00',30,'','','Africa/Cairo',1,1,1,NULL,NULL,0,0,NULL,NULL,NULL,NULL,'2022-10-01 19:22:47'),(2140,60,NULL,NULL,8,18,'Indiputable facts of religion','Group A2','2022-11-16 22:00:00',30,'','','Africa/Cairo',1,1,1,NULL,NULL,0,0,NULL,NULL,NULL,NULL,'2022-10-01 19:22:47'),(2141,60,NULL,NULL,8,18,'Indiputable facts of religion','Group A2','2022-11-23 22:00:00',30,'','','Africa/Cairo',1,1,1,NULL,NULL,0,0,NULL,NULL,NULL,NULL,'2022-10-01 19:22:47'),(2142,60,NULL,NULL,8,18,'Indiputable facts of religion','Group A2','2022-11-30 22:00:00',30,'','','Africa/Cairo',1,1,1,NULL,NULL,0,0,NULL,NULL,NULL,NULL,'2022-10-01 19:22:47'),(2144,61,NULL,NULL,8,104,'Indiputable facts of religion','Group A2','2022-10-12 22:00:00',30,'','','Africa/Cairo',1,1,1,NULL,NULL,0,0,NULL,NULL,NULL,NULL,'2022-10-01 19:23:07'),(2145,61,NULL,NULL,8,104,'Indiputable facts of religion','Group A2','2022-10-19 22:00:00',30,'','','Africa/Cairo',1,1,1,NULL,NULL,0,0,NULL,NULL,NULL,NULL,'2022-10-01 19:23:07'),(2146,61,NULL,NULL,8,104,'Indiputable facts of religion','Group A2','2022-10-26 22:00:00',30,'','','Africa/Cairo',1,1,1,NULL,NULL,0,0,NULL,NULL,NULL,NULL,'2022-10-01 19:23:07'),(2147,61,NULL,NULL,8,104,'Indiputable facts of religion','Group A2','2022-11-02 22:00:00',30,'','','Africa/Cairo',1,1,1,NULL,NULL,0,0,NULL,NULL,NULL,NULL,'2022-10-01 19:23:07'),(2148,61,NULL,NULL,8,104,'Indiputable facts of religion','Group A2','2022-11-09 22:00:00',30,'','','Africa/Cairo',1,1,1,NULL,NULL,0,0,NULL,NULL,NULL,NULL,'2022-10-01 19:23:07'),(2149,61,NULL,NULL,8,104,'Indiputable facts of religion','Group A2','2022-11-16 22:00:00',30,'','','Africa/Cairo',1,1,1,NULL,NULL,0,0,NULL,NULL,NULL,NULL,'2022-10-01 19:23:07'),(2150,61,NULL,NULL,8,104,'Indiputable facts of religion','Group A2','2022-11-23 22:00:00',30,'','','Africa/Cairo',1,1,1,NULL,NULL,0,0,NULL,NULL,NULL,NULL,'2022-10-01 19:23:07'),(2151,61,NULL,NULL,8,104,'Indiputable facts of religion','Group A2','2022-11-30 22:00:00',30,'','','Africa/Cairo',1,1,1,NULL,NULL,0,0,NULL,NULL,NULL,NULL,'2022-10-01 19:23:07'),(2152,59,NULL,NULL,8,85,'Tajweed basics','Class','2022-10-02 22:00:00',45,'','','Africa/Cairo',1,1,1,NULL,NULL,0,1,1,4,'Reading',NULL,'2022-10-01 19:23:30'),(2153,59,NULL,NULL,8,85,'Tajweed basics','Class','2022-10-09 22:00:00',45,'','','Africa/Cairo',1,1,1,NULL,NULL,1,1,1,4,'Reading ',NULL,'2022-10-01 19:23:30'),(2154,59,NULL,NULL,8,85,'Tajweed basics','Class','2022-10-16 22:00:00',45,'','','Africa/Cairo',1,1,1,NULL,NULL,0,0,NULL,NULL,NULL,NULL,'2022-10-01 19:23:30'),(2155,59,NULL,NULL,8,85,'Tajweed basics','Class','2022-10-23 22:00:00',45,'','','Africa/Cairo',1,1,1,NULL,NULL,0,0,NULL,NULL,NULL,NULL,'2022-10-01 19:23:30'),(2156,59,NULL,NULL,8,85,'Tajweed basics','Class','2022-10-30 22:00:00',45,'','','Africa/Cairo',1,1,1,NULL,NULL,0,0,NULL,NULL,NULL,NULL,'2022-10-01 19:23:30'),(2157,59,NULL,NULL,8,85,'Tajweed basics','Class','2022-11-06 22:00:00',45,'','','Africa/Cairo',1,1,1,NULL,NULL,0,0,NULL,NULL,NULL,NULL,'2022-10-01 19:23:30'),(2158,59,NULL,NULL,8,85,'Tajweed basics','Class','2022-11-13 22:00:00',45,'','','Africa/Cairo',1,1,1,NULL,NULL,0,0,NULL,NULL,NULL,NULL,'2022-10-01 19:23:30'),(2159,59,NULL,NULL,8,85,'Tajweed basics','Class','2022-11-20 22:00:00',45,'','','Africa/Cairo',1,1,1,NULL,NULL,0,0,NULL,NULL,NULL,NULL,'2022-10-01 19:23:30'),(2160,59,NULL,NULL,8,85,'Tajweed basics','Class','2022-11-27 22:00:00',45,'','','Africa/Cairo',1,1,1,NULL,NULL,0,0,NULL,NULL,NULL,NULL,'2022-10-01 19:23:30'),(2161,59,NULL,NULL,8,85,'Tajweed basics','Class','2022-10-04 22:00:00',45,'','','Africa/Cairo',1,1,1,NULL,NULL,0,1,1,4,'Reading ',NULL,'2022-10-01 19:23:30'),(2162,59,NULL,NULL,8,85,'Tajweed basics','Class','2022-10-11 22:00:00',45,'','','Africa/Cairo',1,1,1,NULL,NULL,0,0,NULL,NULL,NULL,NULL,'2022-10-01 19:23:30'),(2163,59,NULL,NULL,8,85,'Tajweed basics','Class','2022-10-18 22:00:00',45,'','','Africa/Cairo',1,1,1,NULL,NULL,0,0,NULL,NULL,NULL,NULL,'2022-10-01 19:23:30'),(2164,59,NULL,NULL,8,85,'Tajweed basics','Class','2022-10-25 22:00:00',45,'','','Africa/Cairo',1,1,1,NULL,NULL,0,0,NULL,NULL,NULL,NULL,'2022-10-01 19:23:30'),(2165,59,NULL,NULL,8,85,'Tajweed basics','Class','2022-11-01 22:00:00',45,'','','Africa/Cairo',1,1,1,NULL,NULL,0,0,NULL,NULL,NULL,NULL,'2022-10-01 19:23:30'),(2166,59,NULL,NULL,8,85,'Tajweed basics','Class','2022-11-08 22:00:00',45,'','','Africa/Cairo',1,1,1,NULL,NULL,0,0,NULL,NULL,NULL,NULL,'2022-10-01 19:23:30'),(2167,59,NULL,NULL,8,85,'Tajweed basics','Class','2022-11-15 22:00:00',45,'','','Africa/Cairo',1,1,1,NULL,NULL,0,0,NULL,NULL,NULL,NULL,'2022-10-01 19:23:30'),(2168,59,NULL,NULL,8,85,'Tajweed basics','Class','2022-11-22 22:00:00',45,'','','Africa/Cairo',1,1,1,NULL,NULL,0,0,NULL,NULL,NULL,NULL,'2022-10-01 19:23:30'),(2169,59,NULL,NULL,8,85,'Tajweed basics','Class','2022-11-29 22:00:00',45,'','','Africa/Cairo',1,1,1,NULL,NULL,0,0,NULL,NULL,NULL,NULL,'2022-10-01 19:23:30'),(2170,58,NULL,NULL,8,122,'Tajweed basics','Class','2022-10-04 21:30:00',30,'','','Africa/Cairo',1,1,1,NULL,NULL,0,1,1,4,'Reading ',NULL,'2022-10-01 19:24:03'),(2171,58,NULL,NULL,8,122,'Tajweed basics','Class','2022-10-11 21:30:00',30,'','','Africa/Cairo',1,1,1,NULL,NULL,0,1,1,4,'Reading ',NULL,'2022-10-01 19:24:03'),(2172,58,NULL,NULL,8,122,'Tajweed basics','Class','2022-10-18 21:30:00',30,'','','Africa/Cairo',1,1,1,NULL,NULL,0,0,NULL,NULL,NULL,NULL,'2022-10-01 19:24:03'),(2173,58,NULL,NULL,8,122,'Tajweed basics','Class','2022-10-25 21:30:00',30,'','','Africa/Cairo',1,1,1,NULL,NULL,0,0,NULL,NULL,NULL,NULL,'2022-10-01 19:24:03'),(2174,58,NULL,NULL,8,122,'Tajweed basics','Class','2022-11-01 21:30:00',30,'','','Africa/Cairo',1,1,1,NULL,NULL,0,0,NULL,NULL,NULL,NULL,'2022-10-01 19:24:03'),(2175,58,NULL,NULL,8,122,'Tajweed basics','Class','2022-11-08 21:30:00',30,'','','Africa/Cairo',1,1,1,NULL,NULL,0,0,NULL,NULL,NULL,NULL,'2022-10-01 19:24:03'),(2176,58,NULL,NULL,8,122,'Tajweed basics','Class','2022-11-15 21:30:00',30,'','','Africa/Cairo',1,1,1,NULL,NULL,0,0,NULL,NULL,NULL,NULL,'2022-10-01 19:24:03'),(2177,58,NULL,NULL,8,122,'Tajweed basics','Class','2022-11-22 21:30:00',30,'','','Africa/Cairo',1,1,1,NULL,NULL,0,0,NULL,NULL,NULL,NULL,'2022-10-01 19:24:03'),(2178,58,NULL,NULL,8,122,'Tajweed basics','Class','2022-11-29 21:30:00',30,'','','Africa/Cairo',1,1,1,NULL,NULL,0,0,NULL,NULL,NULL,NULL,'2022-10-01 19:24:03'),(2179,58,NULL,NULL,8,122,'Tajweed basics','Class','2022-10-06 21:30:00',30,'','','Africa/Cairo',1,1,1,NULL,NULL,1,1,1,4,'Reading ',NULL,'2022-10-01 19:24:03'),(2180,58,NULL,NULL,8,122,'Tajweed basics','Class','2022-10-13 21:30:00',30,'','','Africa/Cairo',1,1,1,NULL,NULL,0,0,NULL,NULL,NULL,NULL,'2022-10-01 19:24:03'),(2181,58,NULL,NULL,8,122,'Tajweed basics','Class','2022-10-20 21:30:00',30,'','','Africa/Cairo',1,1,1,NULL,NULL,0,0,NULL,NULL,NULL,NULL,'2022-10-01 19:24:03'),(2182,58,NULL,NULL,8,122,'Tajweed basics','Class','2022-10-27 21:30:00',30,'','','Africa/Cairo',1,1,1,NULL,NULL,0,0,NULL,NULL,NULL,NULL,'2022-10-01 19:24:03'),(2183,58,NULL,NULL,8,122,'Tajweed basics','Class','2022-11-03 21:30:00',30,'','','Africa/Cairo',1,1,1,NULL,NULL,0,0,NULL,NULL,NULL,NULL,'2022-10-01 19:24:03'),(2184,58,NULL,NULL,8,122,'Tajweed basics','Class','2022-11-10 21:30:00',30,'','','Africa/Cairo',1,1,1,NULL,NULL,0,0,NULL,NULL,NULL,NULL,'2022-10-01 19:24:03'),(2185,58,NULL,NULL,8,122,'Tajweed basics','Class','2022-11-17 21:30:00',30,'','','Africa/Cairo',1,1,1,NULL,NULL,0,0,NULL,NULL,NULL,NULL,'2022-10-01 19:24:03'),(2186,58,NULL,NULL,8,122,'Tajweed basics','Class','2022-11-24 21:30:00',30,'','','Africa/Cairo',1,1,1,NULL,NULL,0,0,NULL,NULL,NULL,NULL,'2022-10-01 19:24:03'),(2187,57,NULL,NULL,8,8,'Tajweed basics','Class','2022-10-02 15:15:00',45,'','','Africa/Cairo',1,1,1,NULL,NULL,0,1,1,4,'Reading',NULL,'2022-10-01 19:24:22'),(2188,57,NULL,NULL,8,8,'Tajweed basics','Class','2022-10-09 15:15:00',45,'','','Africa/Cairo',1,1,1,NULL,NULL,0,1,1,4,'Reading ',NULL,'2022-10-01 19:24:22'),(2189,57,NULL,NULL,8,8,'Tajweed basics','Class','2022-10-16 15:15:00',45,'','','Africa/Cairo',1,1,1,NULL,NULL,0,0,NULL,NULL,NULL,NULL,'2022-10-01 19:24:22'),(2190,57,NULL,NULL,8,8,'Tajweed basics','Class','2022-10-23 15:15:00',45,'','','Africa/Cairo',1,1,1,NULL,NULL,0,0,NULL,NULL,NULL,NULL,'2022-10-01 19:24:22'),(2191,57,NULL,NULL,8,8,'Tajweed basics','Class','2022-10-30 15:15:00',45,'','','Africa/Cairo',1,1,1,NULL,NULL,0,0,NULL,NULL,NULL,NULL,'2022-10-01 19:24:22'),(2192,57,NULL,NULL,8,8,'Tajweed basics','Class','2022-11-06 15:15:00',45,'','','Africa/Cairo',1,1,1,NULL,NULL,0,0,NULL,NULL,NULL,NULL,'2022-10-01 19:24:22'),(2193,57,NULL,NULL,8,8,'Tajweed basics','Class','2022-11-13 15:15:00',45,'','','Africa/Cairo',1,1,1,NULL,NULL,0,0,NULL,NULL,NULL,NULL,'2022-10-01 19:24:22'),(2194,57,NULL,NULL,8,8,'Tajweed basics','Class','2022-11-20 15:15:00',45,'','','Africa/Cairo',1,1,1,NULL,NULL,0,0,NULL,NULL,NULL,NULL,'2022-10-01 19:24:22'),(2195,57,NULL,NULL,8,8,'Tajweed basics','Class','2022-11-27 15:15:00',45,'','','Africa/Cairo',1,1,1,NULL,NULL,0,0,NULL,NULL,NULL,NULL,'2022-10-01 19:24:22'),(2196,57,NULL,NULL,8,8,'Tajweed basics','Class','2022-10-04 15:15:00',45,'','','Africa/Cairo',1,1,1,NULL,NULL,0,1,1,4,'Reading ',NULL,'2022-10-01 19:24:22'),(2197,57,NULL,NULL,8,8,'Tajweed basics','Class','2022-10-11 15:15:00',45,'','','Africa/Cairo',1,1,1,NULL,NULL,0,1,1,4,'Reading ',NULL,'2022-10-01 19:24:22'),(2198,57,NULL,NULL,8,8,'Tajweed basics','Class','2022-10-18 15:15:00',45,'','','Africa/Cairo',1,1,1,NULL,NULL,0,0,NULL,NULL,NULL,NULL,'2022-10-01 19:24:22'),(2199,57,NULL,NULL,8,8,'Tajweed basics','Class','2022-10-25 15:15:00',45,'','','Africa/Cairo',1,1,1,NULL,NULL,0,0,NULL,NULL,NULL,NULL,'2022-10-01 19:24:22'),(2200,57,NULL,NULL,8,8,'Tajweed basics','Class','2022-11-01 15:15:00',45,'','','Africa/Cairo',1,1,1,NULL,NULL,0,0,NULL,NULL,NULL,NULL,'2022-10-01 19:24:22'),(2201,57,NULL,NULL,8,8,'Tajweed basics','Class','2022-11-08 15:15:00',45,'','','Africa/Cairo',1,1,1,NULL,NULL,0,0,NULL,NULL,NULL,NULL,'2022-10-01 19:24:22'),(2202,57,NULL,NULL,8,8,'Tajweed basics','Class','2022-11-15 15:15:00',45,'','','Africa/Cairo',1,1,1,NULL,NULL,0,0,NULL,NULL,NULL,NULL,'2022-10-01 19:24:22'),(2203,57,NULL,NULL,8,8,'Tajweed basics','Class','2022-11-22 15:15:00',45,'','','Africa/Cairo',1,1,1,NULL,NULL,0,0,NULL,NULL,NULL,NULL,'2022-10-01 19:24:22'),(2204,57,NULL,NULL,8,8,'Tajweed basics','Class','2022-11-29 15:15:00',45,'','','Africa/Cairo',1,1,1,NULL,NULL,0,0,NULL,NULL,NULL,NULL,'2022-10-01 19:24:22'),(2205,57,NULL,NULL,8,8,'Tajweed basics','Class','2022-10-06 15:15:00',45,'','','Africa/Cairo',1,1,1,NULL,NULL,1,1,NULL,NULL,NULL,NULL,'2022-10-01 19:24:22'),(2206,57,NULL,NULL,8,8,'Tajweed basics','Class','2022-10-13 15:15:00',45,'','','Africa/Cairo',1,1,1,NULL,NULL,0,0,NULL,NULL,NULL,NULL,'2022-10-01 19:24:22'),(2207,57,NULL,NULL,8,8,'Tajweed basics','Class','2022-10-20 15:15:00',45,'','','Africa/Cairo',1,1,1,NULL,NULL,0,0,NULL,NULL,NULL,NULL,'2022-10-01 19:24:22'),(2208,57,NULL,NULL,8,8,'Tajweed basics','Class','2022-10-27 15:15:00',45,'','','Africa/Cairo',1,1,1,NULL,NULL,0,0,NULL,NULL,NULL,NULL,'2022-10-01 19:24:22'),(2209,57,NULL,NULL,8,8,'Tajweed basics','Class','2022-11-03 15:15:00',45,'','','Africa/Cairo',1,1,1,NULL,NULL,0,0,NULL,NULL,NULL,NULL,'2022-10-01 19:24:22'),(2210,57,NULL,NULL,8,8,'Tajweed basics','Class','2022-11-10 15:15:00',45,'','','Africa/Cairo',1,1,1,NULL,NULL,0,0,NULL,NULL,NULL,NULL,'2022-10-01 19:24:22'),(2211,57,NULL,NULL,8,8,'Tajweed basics','Class','2022-11-17 15:15:00',45,'','','Africa/Cairo',1,1,1,NULL,NULL,0,0,NULL,NULL,NULL,NULL,'2022-10-01 19:24:22'),(2212,57,NULL,NULL,8,8,'Tajweed basics','Class','2022-11-24 15:15:00',45,'','','Africa/Cairo',1,1,1,NULL,NULL,0,0,NULL,NULL,NULL,NULL,'2022-10-01 19:24:22'),(2213,57,NULL,NULL,8,8,'Tajweed basics','Class','2022-12-01 15:15:00',45,'','','Africa/Cairo',1,1,1,NULL,NULL,0,0,NULL,NULL,NULL,NULL,'2022-10-01 19:24:22'),(2214,19,NULL,NULL,10,104,'Foundation level','Class','2022-10-03 21:00:00',30,'','','Africa/Cairo',1,1,1,NULL,NULL,0,1,1,4,'writing letters ه/و/ي','9/10','2022-10-01 19:28:31'),(2215,19,NULL,NULL,10,104,'Foundation level','Class','2022-10-10 21:00:00',30,'','','Africa/Cairo',1,1,1,NULL,NULL,0,3,NULL,NULL,NULL,NULL,'2022-10-01 19:28:31'),(2216,19,NULL,NULL,10,104,'Foundation level','Class','2022-10-17 21:00:00',30,'','','Africa/Cairo',1,1,1,NULL,NULL,0,0,NULL,NULL,NULL,NULL,'2022-10-01 19:28:31'),(2217,19,NULL,NULL,10,104,'Foundation level','Class','2022-10-24 21:00:00',30,'','','Africa/Cairo',1,1,1,NULL,NULL,0,0,NULL,NULL,NULL,NULL,'2022-10-01 19:28:31'),(2218,19,NULL,NULL,10,104,'Foundation level','Class','2022-10-31 21:00:00',30,'','','Africa/Cairo',1,1,1,NULL,NULL,0,0,NULL,NULL,NULL,NULL,'2022-10-01 19:28:31'),(2219,19,NULL,NULL,10,104,'Foundation level','Class','2022-11-07 21:00:00',30,'','','Africa/Cairo',1,1,1,NULL,NULL,0,0,NULL,NULL,NULL,NULL,'2022-10-01 19:28:31'),(2220,19,NULL,NULL,10,104,'Foundation level','Class','2022-11-14 21:00:00',30,'','','Africa/Cairo',1,1,1,NULL,NULL,0,0,NULL,NULL,NULL,NULL,'2022-10-01 19:28:31'),(2221,19,NULL,NULL,10,104,'Foundation level','Class','2022-11-21 21:00:00',30,'','','Africa/Cairo',1,1,1,NULL,NULL,0,0,NULL,NULL,NULL,NULL,'2022-10-01 19:28:31'),(2222,19,NULL,NULL,10,104,'Foundation level','Class','2022-11-28 21:00:00',30,'','','Africa/Cairo',1,1,1,NULL,NULL,0,0,NULL,NULL,NULL,NULL,'2022-10-01 19:28:31'),(2223,19,NULL,NULL,10,104,'Foundation level','Class','2022-10-05 21:00:00',30,'','','Africa/Cairo',1,1,1,NULL,NULL,0,1,1,4,'practice reading','9/10','2022-10-01 19:28:31'),(2224,19,NULL,NULL,10,104,'Foundation level','Class','2022-10-12 21:00:00',30,'','','Africa/Cairo',1,1,1,NULL,NULL,0,1,1,3,'مراجعة قران والأحرف/ سورة الكوثر',NULL,'2022-10-01 19:28:31'),(2225,19,NULL,NULL,10,104,'Foundation level','Class','2022-10-19 21:00:00',30,'','','Africa/Cairo',1,1,1,NULL,NULL,0,0,NULL,NULL,NULL,NULL,'2022-10-01 19:28:31'),(2226,19,NULL,NULL,10,104,'Foundation level','Class','2022-10-26 21:00:00',30,'','','Africa/Cairo',1,1,1,NULL,NULL,0,0,NULL,NULL,NULL,NULL,'2022-10-01 19:28:31'),(2227,19,NULL,NULL,10,104,'Foundation level','Class','2022-11-02 21:00:00',30,'','','Africa/Cairo',1,1,1,NULL,NULL,0,0,NULL,NULL,NULL,NULL,'2022-10-01 19:28:31'),(2228,19,NULL,NULL,10,104,'Foundation level','Class','2022-11-09 21:00:00',30,'','','Africa/Cairo',1,1,1,NULL,NULL,0,0,NULL,NULL,NULL,NULL,'2022-10-01 19:28:31'),(2229,19,NULL,NULL,10,104,'Foundation level','Class','2022-11-16 21:00:00',30,'','','Africa/Cairo',1,1,1,NULL,NULL,0,0,NULL,NULL,NULL,NULL,'2022-10-01 19:28:31'),(2230,19,NULL,NULL,10,104,'Foundation level','Class','2022-11-23 21:00:00',30,'','','Africa/Cairo',1,1,1,NULL,NULL,0,0,NULL,NULL,NULL,NULL,'2022-10-01 19:28:31'),(2231,19,NULL,NULL,10,104,'Foundation level','Class','2022-11-30 21:00:00',30,'','','Africa/Cairo',1,1,1,NULL,NULL,0,0,NULL,NULL,NULL,NULL,'2022-10-01 19:28:31'),(2250,103,NULL,NULL,4,26,'Foundation level','Class','2022-10-02 17:30:00',30,'','','Africa/Cairo',1,1,1,NULL,NULL,0,1,1,3,NULL,NULL,'2022-10-01 20:14:38'),(2251,103,NULL,NULL,4,26,'Foundation level','Class','2022-10-09 17:30:00',30,'','','Africa/Cairo',1,1,1,NULL,NULL,0,3,NULL,NULL,NULL,NULL,'2022-10-01 20:14:38'),(2252,103,NULL,NULL,4,26,'Foundation level','Class','2022-10-16 17:30:00',30,'','','Africa/Cairo',1,1,1,NULL,NULL,0,0,NULL,NULL,NULL,NULL,'2022-10-01 20:14:38'),(2253,103,NULL,NULL,4,26,'Foundation level','Class','2022-10-23 17:30:00',30,'','','Africa/Cairo',1,1,1,NULL,NULL,0,0,NULL,NULL,NULL,NULL,'2022-10-01 20:14:38'),(2254,103,NULL,NULL,4,26,'Foundation level','Class','2022-10-30 17:30:00',30,'','','Africa/Cairo',1,1,1,NULL,NULL,0,0,NULL,NULL,NULL,NULL,'2022-10-01 20:14:38'),(2255,103,NULL,NULL,4,26,'Foundation level','Class','2022-11-06 17:30:00',30,'','','Africa/Cairo',1,1,1,NULL,NULL,0,0,NULL,NULL,NULL,NULL,'2022-10-01 20:14:38'),(2256,103,NULL,NULL,4,26,'Foundation level','Class','2022-11-13 17:30:00',30,'','','Africa/Cairo',1,1,1,NULL,NULL,0,0,NULL,NULL,NULL,NULL,'2022-10-01 20:14:38'),(2257,103,NULL,NULL,4,26,'Foundation level','Class','2022-11-20 17:30:00',30,'','','Africa/Cairo',1,1,1,NULL,NULL,0,0,NULL,NULL,NULL,NULL,'2022-10-01 20:14:38'),(2258,103,NULL,NULL,4,26,'Foundation level','Class','2022-11-27 17:30:00',30,'','','Africa/Cairo',1,1,1,NULL,NULL,0,0,NULL,NULL,NULL,NULL,'2022-10-01 20:14:38'),(2259,101,NULL,NULL,4,24,'Pre-reading level','Class','2022-10-02 16:00:00',45,'','','Africa/Cairo',1,1,1,NULL,NULL,0,1,1,3,NULL,NULL,'2022-10-01 20:15:12'),(2260,101,NULL,NULL,4,24,'Pre-reading level','Class','2022-10-09 16:00:00',45,'','','Africa/Cairo',1,1,1,NULL,NULL,0,4,NULL,NULL,NULL,NULL,'2022-10-01 20:15:12'),(2261,101,NULL,NULL,4,24,'Pre-reading level','Class','2022-10-16 16:00:00',45,'','','Africa/Cairo',1,1,1,NULL,NULL,0,0,NULL,NULL,NULL,NULL,'2022-10-01 20:15:12'),(2262,101,NULL,NULL,4,24,'Pre-reading level','Class','2022-10-23 16:00:00',45,'','','Africa/Cairo',1,1,1,NULL,NULL,0,0,NULL,NULL,NULL,NULL,'2022-10-01 20:15:12'),(2263,101,NULL,NULL,4,24,'Pre-reading level','Class','2022-10-30 16:00:00',45,'','','Africa/Cairo',1,1,1,NULL,NULL,0,0,NULL,NULL,NULL,NULL,'2022-10-01 20:15:12'),(2264,101,NULL,NULL,4,24,'Pre-reading level','Class','2022-11-06 16:00:00',45,'','','Africa/Cairo',1,1,1,NULL,NULL,0,0,NULL,NULL,NULL,NULL,'2022-10-01 20:15:12'),(2265,101,NULL,NULL,4,24,'Pre-reading level','Class','2022-11-13 16:00:00',45,'','','Africa/Cairo',1,1,1,NULL,NULL,0,0,NULL,NULL,NULL,NULL,'2022-10-01 20:15:12'),(2266,101,NULL,NULL,4,24,'Pre-reading level','Class','2022-11-20 16:00:00',45,'','','Africa/Cairo',1,1,1,NULL,NULL,0,0,NULL,NULL,NULL,NULL,'2022-10-01 20:15:12'),(2267,101,NULL,NULL,4,24,'Pre-reading level','Class','2022-11-27 16:00:00',45,'','','Africa/Cairo',1,1,1,NULL,NULL,0,0,NULL,NULL,NULL,NULL,'2022-10-01 20:15:12'),(2268,102,NULL,NULL,4,25,'Pre-reading level','Class','2022-10-02 16:45:00',45,'','','Africa/Cairo',1,1,1,NULL,NULL,0,1,4,3,NULL,NULL,'2022-10-01 20:15:42'),(2269,102,NULL,NULL,4,25,'Pre-reading level','Class','2022-10-09 16:45:00',45,'','','Africa/Cairo',1,1,1,NULL,NULL,0,4,NULL,NULL,NULL,NULL,'2022-10-01 20:15:42'),(2270,102,NULL,NULL,4,25,'Pre-reading level','Class','2022-10-16 16:45:00',45,'','','Africa/Cairo',1,1,1,NULL,NULL,0,0,NULL,NULL,NULL,NULL,'2022-10-01 20:15:42'),(2271,102,NULL,NULL,4,25,'Pre-reading level','Class','2022-10-23 16:45:00',45,'','','Africa/Cairo',1,1,1,NULL,NULL,0,0,NULL,NULL,NULL,NULL,'2022-10-01 20:15:42'),(2272,102,NULL,NULL,4,25,'Pre-reading level','Class','2022-10-30 16:45:00',45,'','','Africa/Cairo',1,1,1,NULL,NULL,0,0,NULL,NULL,NULL,NULL,'2022-10-01 20:15:42'),(2273,102,NULL,NULL,4,25,'Pre-reading level','Class','2022-11-06 16:45:00',45,'','','Africa/Cairo',1,1,1,NULL,NULL,0,0,NULL,NULL,NULL,NULL,'2022-10-01 20:15:42'),(2274,102,NULL,NULL,4,25,'Pre-reading level','Class','2022-11-13 16:45:00',45,'','','Africa/Cairo',1,1,1,NULL,NULL,0,0,NULL,NULL,NULL,NULL,'2022-10-01 20:15:42'),(2275,102,NULL,NULL,4,25,'Pre-reading level','Class','2022-11-20 16:45:00',45,'','','Africa/Cairo',1,1,1,NULL,NULL,0,0,NULL,NULL,NULL,NULL,'2022-10-01 20:15:42'),(2276,102,NULL,NULL,4,25,'Pre-reading level','Class','2022-11-27 16:45:00',45,'','','Africa/Cairo',1,1,1,NULL,NULL,0,0,NULL,NULL,NULL,NULL,'2022-10-01 20:15:42'),(2280,104,NULL,NULL,9,90,'Intermediate','Class','2022-10-27 17:00:00',30,'','','Africa/Cairo',1,1,1,NULL,NULL,0,0,NULL,NULL,NULL,NULL,'2022-10-01 20:42:13'),(2282,104,NULL,NULL,9,90,'Intermediate','Class','2022-11-10 17:00:00',30,'','','Africa/Cairo',1,1,1,NULL,NULL,0,0,NULL,NULL,NULL,NULL,'2022-10-01 20:42:13'),(2284,104,NULL,NULL,9,90,'Intermediate','Class','2022-11-24 17:00:00',30,'','','Africa/Cairo',1,1,1,NULL,NULL,0,0,NULL,NULL,NULL,NULL,'2022-10-01 20:42:13'),(2286,104,NULL,NULL,9,90,'Intermediate','Class','2022-12-08 17:00:00',30,'','','Africa/Cairo',1,1,1,NULL,NULL,0,0,NULL,NULL,NULL,NULL,'2022-10-01 20:42:13'),(2287,47,NULL,NULL,5,18,'Foundation level','Class','2022-10-05 15:00:00',60,'','','Africa/Cairo',1,1,1,NULL,NULL,0,1,1,4,NULL,NULL,'2022-10-01 21:11:28'),(2288,47,NULL,NULL,5,18,'Foundation level','Class','2022-10-12 15:00:00',60,'','','Africa/Cairo',1,1,1,NULL,NULL,0,0,NULL,NULL,NULL,NULL,'2022-10-01 21:11:28'),(2289,47,NULL,NULL,5,18,'Foundation level','Class','2022-10-19 15:00:00',60,'','','Africa/Cairo',1,1,1,NULL,NULL,0,0,NULL,NULL,NULL,NULL,'2022-10-01 21:11:28'),(2290,47,NULL,NULL,5,18,'Foundation level','Class','2022-10-26 15:00:00',60,'','','Africa/Cairo',1,1,1,NULL,NULL,0,0,NULL,NULL,NULL,NULL,'2022-10-01 21:11:28'),(2291,47,NULL,NULL,5,18,'Foundation level','Class','2022-11-02 15:00:00',60,'','','Africa/Cairo',1,1,1,NULL,NULL,0,0,NULL,NULL,NULL,NULL,'2022-10-01 21:11:28'),(2292,47,NULL,NULL,5,18,'Foundation level','Class','2022-11-09 15:00:00',60,'','','Africa/Cairo',1,1,1,NULL,NULL,0,0,NULL,NULL,NULL,NULL,'2022-10-01 21:11:28'),(2293,47,NULL,NULL,5,18,'Foundation level','Class','2022-11-16 15:00:00',60,'','','Africa/Cairo',1,1,1,NULL,NULL,0,0,NULL,NULL,NULL,NULL,'2022-10-01 21:11:28'),(2294,47,NULL,NULL,5,18,'Foundation level','Class','2022-11-23 15:00:00',60,'','','Africa/Cairo',1,1,1,NULL,NULL,0,0,NULL,NULL,NULL,NULL,'2022-10-01 21:11:28'),(2295,47,NULL,NULL,5,18,'Foundation level','Class','2022-11-30 15:00:00',60,'','','Africa/Cairo',1,1,1,NULL,NULL,0,0,NULL,NULL,NULL,NULL,'2022-10-01 21:11:28'),(2297,47,NULL,NULL,5,18,'Foundation level','Class','2022-10-08 17:30:00',60,'','','Africa/Cairo',1,1,1,NULL,NULL,0,2,NULL,NULL,NULL,NULL,'2022-10-01 21:11:28'),(2298,47,NULL,NULL,5,18,'Foundation level','Class','2022-10-15 17:30:00',60,'','','Africa/Cairo',1,1,1,NULL,NULL,0,0,NULL,NULL,NULL,NULL,'2022-10-01 21:11:28'),(2299,47,NULL,NULL,5,18,'Foundation level','Class','2022-10-22 17:30:00',60,'','','Africa/Cairo',1,1,1,NULL,NULL,0,0,NULL,NULL,NULL,NULL,'2022-10-01 21:11:28'),(2300,47,NULL,NULL,5,18,'Foundation level','Class','2022-10-29 17:30:00',60,'','','Africa/Cairo',1,1,1,NULL,NULL,0,0,NULL,NULL,NULL,NULL,'2022-10-01 21:11:28'),(2301,47,NULL,NULL,5,18,'Foundation level','Class','2022-11-05 17:30:00',60,'','','Africa/Cairo',1,1,1,NULL,NULL,0,0,NULL,NULL,NULL,NULL,'2022-10-01 21:11:28'),(2302,47,NULL,NULL,5,18,'Foundation level','Class','2022-11-12 17:30:00',60,'','','Africa/Cairo',1,1,1,NULL,NULL,0,0,NULL,NULL,NULL,NULL,'2022-10-01 21:11:28'),(2303,47,NULL,NULL,5,18,'Foundation level','Class','2022-11-19 17:30:00',60,'','','Africa/Cairo',1,1,1,NULL,NULL,0,0,NULL,NULL,NULL,NULL,'2022-10-01 21:11:28'),(2304,47,NULL,NULL,5,18,'Foundation level','Class','2022-11-26 17:30:00',60,'','','Africa/Cairo',1,1,1,NULL,NULL,0,0,NULL,NULL,NULL,NULL,'2022-10-01 21:11:28'),(2305,46,NULL,NULL,5,29,'Pre-reading level','Class','2022-10-05 19:00:00',30,'','','Africa/Cairo',1,1,1,NULL,NULL,0,2,NULL,NULL,NULL,NULL,'2022-10-01 21:11:47'),(2323,45,NULL,NULL,5,93,'Pre-reading level','Class','2022-10-05 10:00:00',45,'','','Africa/Cairo',1,1,1,NULL,NULL,0,2,NULL,NULL,NULL,NULL,'2022-10-01 21:12:08'),(2332,43,NULL,NULL,5,46,'Tajweed basics','Class','2022-10-02 19:00:00',30,'','','Africa/Cairo',1,1,1,NULL,NULL,0,1,1,4,NULL,NULL,'2022-10-01 21:12:24'),(2333,43,NULL,NULL,5,46,'Tajweed basics','Class','2022-10-09 19:00:00',30,'','','Africa/Cairo',1,1,1,NULL,NULL,0,2,NULL,NULL,NULL,NULL,'2022-10-01 21:12:24'),(2334,43,NULL,NULL,5,46,'Tajweed basics','Class','2022-10-16 19:00:00',30,'','','Africa/Cairo',1,1,1,NULL,NULL,0,0,NULL,NULL,NULL,NULL,'2022-10-01 21:12:24'),(2335,43,NULL,NULL,5,46,'Tajweed basics','Class','2022-10-23 19:00:00',30,'','','Africa/Cairo',1,1,1,NULL,NULL,0,0,NULL,NULL,NULL,NULL,'2022-10-01 21:12:24'),(2336,43,NULL,NULL,5,46,'Tajweed basics','Class','2022-10-30 19:00:00',30,'','','Africa/Cairo',1,1,1,NULL,NULL,0,0,NULL,NULL,NULL,NULL,'2022-10-01 21:12:24'),(2337,43,NULL,NULL,5,46,'Tajweed basics','Class','2022-11-06 19:00:00',30,'','','Africa/Cairo',1,1,1,NULL,NULL,0,0,NULL,NULL,NULL,NULL,'2022-10-01 21:12:24'),(2338,43,NULL,NULL,5,46,'Tajweed basics','Class','2022-11-13 19:00:00',30,'','','Africa/Cairo',1,1,1,NULL,NULL,0,0,NULL,NULL,NULL,NULL,'2022-10-01 21:12:24'),(2339,43,NULL,NULL,5,46,'Tajweed basics','Class','2022-11-20 19:00:00',30,'','','Africa/Cairo',1,1,1,NULL,NULL,0,0,NULL,NULL,NULL,NULL,'2022-10-01 21:12:24'),(2340,43,NULL,NULL,5,46,'Tajweed basics','Class','2022-11-27 19:00:00',30,'','','Africa/Cairo',1,1,1,NULL,NULL,0,0,NULL,NULL,NULL,NULL,'2022-10-01 21:12:24'),(2341,43,NULL,NULL,5,46,'Tajweed basics','Class','2022-10-01 19:00:00',30,'','','Africa/Cairo',1,1,1,NULL,NULL,0,1,1,4,NULL,NULL,'2022-10-01 21:12:24'),(2342,43,NULL,NULL,5,46,'Tajweed basics','Class','2022-10-08 19:00:00',30,'','','Africa/Cairo',1,1,1,NULL,NULL,0,1,1,4,NULL,NULL,'2022-10-01 21:12:24'),(2343,43,NULL,NULL,5,46,'Tajweed basics','Class','2022-10-15 19:00:00',30,'','','Africa/Cairo',1,1,1,NULL,NULL,0,0,NULL,NULL,NULL,NULL,'2022-10-01 21:12:24'),(2344,43,NULL,NULL,5,46,'Tajweed basics','Class','2022-10-22 19:00:00',30,'','','Africa/Cairo',1,1,1,NULL,NULL,0,0,NULL,NULL,NULL,NULL,'2022-10-01 21:12:24'),(2345,43,NULL,NULL,5,46,'Tajweed basics','Class','2022-10-29 19:00:00',30,'','','Africa/Cairo',1,1,1,NULL,NULL,0,0,NULL,NULL,NULL,NULL,'2022-10-01 21:12:24'),(2346,43,NULL,NULL,5,46,'Tajweed basics','Class','2022-11-05 19:00:00',30,'','','Africa/Cairo',1,1,1,NULL,NULL,0,0,NULL,NULL,NULL,NULL,'2022-10-01 21:12:24'),(2347,43,NULL,NULL,5,46,'Tajweed basics','Class','2022-11-12 19:00:00',30,'','','Africa/Cairo',1,1,1,NULL,NULL,0,0,NULL,NULL,NULL,NULL,'2022-10-01 21:12:24'),(2348,43,NULL,NULL,5,46,'Tajweed basics','Class','2022-11-19 19:00:00',30,'','','Africa/Cairo',1,1,1,NULL,NULL,0,0,NULL,NULL,NULL,NULL,'2022-10-01 21:12:24'),(2349,43,NULL,NULL,5,46,'Tajweed basics','Class','2022-11-26 19:00:00',30,'','','Africa/Cairo',1,1,1,NULL,NULL,0,0,NULL,NULL,NULL,NULL,'2022-10-01 21:12:24'),(2350,42,NULL,NULL,5,45,'Tajweed basics','Class','2022-10-02 18:30:00',30,'','','Africa/Cairo',1,1,1,NULL,NULL,0,1,1,4,NULL,NULL,'2022-10-01 21:12:42'),(2351,42,NULL,NULL,5,45,'Tajweed basics','Class','2022-10-09 18:30:00',30,'','','Africa/Cairo',1,1,1,NULL,NULL,0,2,NULL,NULL,NULL,NULL,'2022-10-01 21:12:42'),(2352,42,NULL,NULL,5,45,'Tajweed basics','Class','2022-10-16 18:30:00',30,'','','Africa/Cairo',1,1,1,NULL,NULL,0,0,NULL,NULL,NULL,NULL,'2022-10-01 21:12:42'),(2353,42,NULL,NULL,5,45,'Tajweed basics','Class','2022-10-23 18:30:00',30,'','','Africa/Cairo',1,1,1,NULL,NULL,0,0,NULL,NULL,NULL,NULL,'2022-10-01 21:12:42'),(2354,42,NULL,NULL,5,45,'Tajweed basics','Class','2022-10-30 18:30:00',30,'','','Africa/Cairo',1,1,1,NULL,NULL,0,0,NULL,NULL,NULL,NULL,'2022-10-01 21:12:42'),(2355,42,NULL,NULL,5,45,'Tajweed basics','Class','2022-11-06 18:30:00',30,'','','Africa/Cairo',1,1,1,NULL,NULL,0,0,NULL,NULL,NULL,NULL,'2022-10-01 21:12:42'),(2356,42,NULL,NULL,5,45,'Tajweed basics','Class','2022-11-13 18:30:00',30,'','','Africa/Cairo',1,1,1,NULL,NULL,0,0,NULL,NULL,NULL,NULL,'2022-10-01 21:12:42'),(2357,42,NULL,NULL,5,45,'Tajweed basics','Class','2022-11-20 18:30:00',30,'','','Africa/Cairo',1,1,1,NULL,NULL,0,0,NULL,NULL,NULL,NULL,'2022-10-01 21:12:42'),(2358,42,NULL,NULL,5,45,'Tajweed basics','Class','2022-11-27 18:30:00',30,'','','Africa/Cairo',1,1,1,NULL,NULL,0,0,NULL,NULL,NULL,NULL,'2022-10-01 21:12:42'),(2359,42,NULL,NULL,5,45,'Tajweed basics','Class','2022-10-01 18:30:00',30,'','','Africa/Cairo',1,1,1,NULL,NULL,0,1,1,4,NULL,NULL,'2022-10-01 21:12:42'),(2360,42,NULL,NULL,5,45,'Tajweed basics','Class','2022-10-08 18:30:00',30,'','','Africa/Cairo',1,1,1,NULL,NULL,0,1,1,4,NULL,NULL,'2022-10-01 21:12:42'),(2361,42,NULL,NULL,5,45,'Tajweed basics','Class','2022-10-15 18:30:00',30,'','','Africa/Cairo',1,1,1,NULL,NULL,0,0,NULL,NULL,NULL,NULL,'2022-10-01 21:12:42'),(2362,42,NULL,NULL,5,45,'Tajweed basics','Class','2022-10-22 18:30:00',30,'','','Africa/Cairo',1,1,1,NULL,NULL,0,0,NULL,NULL,NULL,NULL,'2022-10-01 21:12:42'),(2363,42,NULL,NULL,5,45,'Tajweed basics','Class','2022-10-29 18:30:00',30,'','','Africa/Cairo',1,1,1,NULL,NULL,0,0,NULL,NULL,NULL,NULL,'2022-10-01 21:12:42'),(2364,42,NULL,NULL,5,45,'Tajweed basics','Class','2022-11-05 18:30:00',30,'','','Africa/Cairo',1,1,1,NULL,NULL,0,0,NULL,NULL,NULL,NULL,'2022-10-01 21:12:42'),(2365,42,NULL,NULL,5,45,'Tajweed basics','Class','2022-11-12 18:30:00',30,'','','Africa/Cairo',1,1,1,NULL,NULL,0,0,NULL,NULL,NULL,NULL,'2022-10-01 21:12:42'),(2366,42,NULL,NULL,5,45,'Tajweed basics','Class','2022-11-19 18:30:00',30,'','','Africa/Cairo',1,1,1,NULL,NULL,0,0,NULL,NULL,NULL,NULL,'2022-10-01 21:12:42'),(2367,42,NULL,NULL,5,45,'Tajweed basics','Class','2022-11-26 18:30:00',30,'','','Africa/Cairo',1,1,1,NULL,NULL,0,0,NULL,NULL,NULL,NULL,'2022-10-01 21:12:42'),(2368,41,NULL,NULL,5,72,'Intermediate arabic','Class','2022-10-02 18:00:00',30,'','','Africa/Cairo',1,1,1,NULL,NULL,0,1,1,3,NULL,NULL,'2022-10-01 21:13:02'),(2369,41,NULL,NULL,5,72,'Intermediate arabic','Class','2022-10-09 18:00:00',30,'','','Africa/Cairo',1,1,1,NULL,NULL,0,1,1,4,NULL,NULL,'2022-10-01 21:13:02'),(2370,41,NULL,NULL,5,72,'Intermediate arabic','Class','2022-10-16 18:00:00',30,'','','Africa/Cairo',1,1,1,NULL,NULL,0,0,NULL,NULL,NULL,NULL,'2022-10-01 21:13:02'),(2371,41,NULL,NULL,5,72,'Intermediate arabic','Class','2022-10-23 18:00:00',30,'','','Africa/Cairo',1,1,1,NULL,NULL,0,0,NULL,NULL,NULL,NULL,'2022-10-01 21:13:02'),(2372,41,NULL,NULL,5,72,'Intermediate arabic','Class','2022-10-30 18:00:00',30,'','','Africa/Cairo',1,1,1,NULL,NULL,0,0,NULL,NULL,NULL,NULL,'2022-10-01 21:13:02'),(2373,41,NULL,NULL,5,72,'Intermediate arabic','Class','2022-11-06 18:00:00',30,'','','Africa/Cairo',1,1,1,NULL,NULL,0,0,NULL,NULL,NULL,NULL,'2022-10-01 21:13:02'),(2374,41,NULL,NULL,5,72,'Intermediate arabic','Class','2022-11-13 18:00:00',30,'','','Africa/Cairo',1,1,1,NULL,NULL,0,0,NULL,NULL,NULL,NULL,'2022-10-01 21:13:02'),(2375,41,NULL,NULL,5,72,'Intermediate arabic','Class','2022-11-20 18:00:00',30,'','','Africa/Cairo',1,1,1,NULL,NULL,0,0,NULL,NULL,NULL,NULL,'2022-10-01 21:13:02'),(2376,41,NULL,NULL,5,72,'Intermediate arabic','Class','2022-11-27 18:00:00',30,'','','Africa/Cairo',1,1,1,NULL,NULL,0,0,NULL,NULL,NULL,NULL,'2022-10-01 21:13:02'),(2377,40,NULL,NULL,5,70,'Intermediate arabic','Class','2022-10-02 17:30:00',30,'','','Africa/Cairo',1,1,1,NULL,NULL,0,1,1,3,NULL,NULL,'2022-10-01 21:13:22'),(2378,40,NULL,NULL,5,70,'Intermediate arabic','Class','2022-10-09 17:30:00',30,'','','Africa/Cairo',1,1,1,NULL,NULL,0,1,1,4,NULL,NULL,'2022-10-01 21:13:22'),(2379,40,NULL,NULL,5,70,'Intermediate arabic','Class','2022-10-16 17:30:00',30,'','','Africa/Cairo',1,1,1,NULL,NULL,0,0,NULL,NULL,NULL,NULL,'2022-10-01 21:13:22'),(2380,40,NULL,NULL,5,70,'Intermediate arabic','Class','2022-10-23 17:30:00',30,'','','Africa/Cairo',1,1,1,NULL,NULL,0,0,NULL,NULL,NULL,NULL,'2022-10-01 21:13:22'),(2381,40,NULL,NULL,5,70,'Intermediate arabic','Class','2022-10-30 17:30:00',30,'','','Africa/Cairo',1,1,1,NULL,NULL,0,0,NULL,NULL,NULL,NULL,'2022-10-01 21:13:22'),(2382,40,NULL,NULL,5,70,'Intermediate arabic','Class','2022-11-06 17:30:00',30,'','','Africa/Cairo',1,1,1,NULL,NULL,0,0,NULL,NULL,NULL,NULL,'2022-10-01 21:13:22'),(2383,40,NULL,NULL,5,70,'Intermediate arabic','Class','2022-11-13 17:30:00',30,'','','Africa/Cairo',1,1,1,NULL,NULL,0,0,NULL,NULL,NULL,NULL,'2022-10-01 21:13:22'),(2384,40,NULL,NULL,5,70,'Intermediate arabic','Class','2022-11-20 17:30:00',30,'','','Africa/Cairo',1,1,1,NULL,NULL,0,0,NULL,NULL,NULL,NULL,'2022-10-01 21:13:22'),(2385,40,NULL,NULL,5,70,'Intermediate arabic','Class','2022-11-27 17:30:00',30,'','','Africa/Cairo',1,1,1,NULL,NULL,0,0,NULL,NULL,NULL,NULL,'2022-10-01 21:13:22'),(2386,39,105,NULL,5,83,'Intermediate arabic','Class','2022-10-02 16:45:00',45,'','','Africa/Cairo',1,1,1,NULL,NULL,0,1,1,4,NULL,NULL,'2022-10-01 21:13:39'),(2387,39,105,NULL,5,83,'Intermediate arabic','Class','2022-10-09 16:45:00',45,'','','Africa/Cairo',1,1,1,NULL,NULL,0,1,1,4,NULL,NULL,'2022-10-01 21:13:39'),(2388,39,105,NULL,5,83,'Intermediate arabic','Class','2022-10-16 16:45:00',45,'','','Africa/Cairo',1,1,1,NULL,NULL,0,0,NULL,NULL,NULL,NULL,'2022-10-01 21:13:39'),(2389,39,105,NULL,5,83,'Intermediate arabic','Class','2022-10-23 16:45:00',45,'','','Africa/Cairo',1,1,1,NULL,NULL,0,0,NULL,NULL,NULL,NULL,'2022-10-01 21:13:39'),(2390,39,105,NULL,5,83,'Intermediate arabic','Class','2022-10-30 16:45:00',45,'','','Africa/Cairo',1,1,1,NULL,NULL,0,0,NULL,NULL,NULL,NULL,'2022-10-01 21:13:39'),(2391,39,NULL,NULL,5,83,'Intermediate arabic','Class','2022-11-06 16:45:00',45,'','','Africa/Cairo',1,1,1,NULL,NULL,0,0,NULL,NULL,NULL,NULL,'2022-10-01 21:13:39'),(2392,39,NULL,NULL,5,83,'Intermediate arabic','Class','2022-11-13 16:45:00',45,'','','Africa/Cairo',1,1,1,NULL,NULL,0,0,NULL,NULL,NULL,NULL,'2022-10-01 21:13:39'),(2393,39,NULL,NULL,5,83,'Intermediate arabic','Class','2022-11-20 16:45:00',45,'','','Africa/Cairo',1,1,1,NULL,NULL,0,0,NULL,NULL,NULL,NULL,'2022-10-01 21:13:39'),(2394,39,NULL,NULL,5,83,'Intermediate arabic','Class','2022-11-27 16:45:00',45,'','','Africa/Cairo',1,1,1,NULL,NULL,0,0,NULL,NULL,NULL,NULL,'2022-10-01 21:13:39'),(2395,39,105,NULL,5,83,'Intermediate arabic','Class','2022-10-01 16:45:00',45,'','','Africa/Cairo',1,1,1,NULL,NULL,0,1,1,4,NULL,NULL,'2022-10-01 21:13:39'),(2396,39,105,NULL,5,83,'Intermediate arabic','Class','2022-10-08 16:45:00',45,'','','Africa/Cairo',1,1,1,NULL,NULL,0,1,1,4,NULL,NULL,'2022-10-01 21:13:39'),(2397,39,105,NULL,5,83,'Intermediate arabic','Class','2022-10-15 16:45:00',45,'','','Africa/Cairo',1,1,1,NULL,NULL,0,0,NULL,NULL,NULL,NULL,'2022-10-01 21:13:39'),(2398,39,105,NULL,5,83,'Intermediate arabic','Class','2022-10-22 16:45:00',45,'','','Africa/Cairo',1,1,1,NULL,NULL,0,0,NULL,NULL,NULL,NULL,'2022-10-01 21:13:39'),(2399,39,105,NULL,5,83,'Intermediate arabic','Class','2022-10-29 16:45:00',45,'','','Africa/Cairo',1,1,1,NULL,NULL,0,0,NULL,NULL,NULL,NULL,'2022-10-01 21:13:39'),(2400,39,NULL,NULL,5,83,'Intermediate arabic','Class','2022-11-05 16:45:00',45,'','','Africa/Cairo',1,1,1,NULL,NULL,0,0,NULL,NULL,NULL,NULL,'2022-10-01 21:13:39'),(2401,39,NULL,NULL,5,83,'Intermediate arabic','Class','2022-11-12 16:45:00',45,'','','Africa/Cairo',1,1,1,NULL,NULL,0,0,NULL,NULL,NULL,NULL,'2022-10-01 21:13:39'),(2402,39,NULL,NULL,5,83,'Intermediate arabic','Class','2022-11-19 16:45:00',45,'','','Africa/Cairo',1,1,1,NULL,NULL,0,0,NULL,NULL,NULL,NULL,'2022-10-01 21:13:39'),(2403,39,NULL,NULL,5,83,'Intermediate arabic','Class','2022-11-26 16:45:00',45,'','','Africa/Cairo',1,1,1,NULL,NULL,0,0,NULL,NULL,NULL,NULL,'2022-10-01 21:13:39'),(2404,38,105,NULL,5,82,'Intermediate arabic','Class','2022-10-02 16:00:00',45,'','','Africa/Cairo',1,1,1,NULL,NULL,0,1,1,4,NULL,NULL,'2022-10-01 21:13:57'),(2405,38,105,NULL,5,82,'Intermediate arabic','Class','2022-10-09 16:00:00',45,'','','Africa/Cairo',1,1,1,NULL,NULL,0,1,1,4,NULL,NULL,'2022-10-01 21:13:57'),(2406,38,105,NULL,5,82,'Intermediate arabic','Class','2022-10-16 16:00:00',45,'','','Africa/Cairo',1,1,1,NULL,NULL,0,0,NULL,NULL,NULL,NULL,'2022-10-01 21:13:57'),(2407,38,105,NULL,5,82,'Intermediate arabic','Class','2022-10-23 16:00:00',45,'','','Africa/Cairo',1,1,1,NULL,NULL,0,0,NULL,NULL,NULL,NULL,'2022-10-01 21:13:57'),(2408,38,105,NULL,5,82,'Intermediate arabic','Class','2022-10-30 16:00:00',45,'','','Africa/Cairo',1,1,1,NULL,NULL,0,0,NULL,NULL,NULL,NULL,'2022-10-01 21:13:57'),(2409,38,NULL,NULL,5,82,'Intermediate arabic','Class','2022-11-06 16:00:00',45,'','','Africa/Cairo',1,1,1,NULL,NULL,0,0,NULL,NULL,NULL,NULL,'2022-10-01 21:13:57'),(2410,38,NULL,NULL,5,82,'Intermediate arabic','Class','2022-11-13 16:00:00',45,'','','Africa/Cairo',1,1,1,NULL,NULL,0,0,NULL,NULL,NULL,NULL,'2022-10-01 21:13:57'),(2411,38,NULL,NULL,5,82,'Intermediate arabic','Class','2022-11-20 16:00:00',45,'','','Africa/Cairo',1,1,1,NULL,NULL,0,0,NULL,NULL,NULL,NULL,'2022-10-01 21:13:57'),(2412,38,NULL,NULL,5,82,'Intermediate arabic','Class','2022-11-27 16:00:00',45,'','','Africa/Cairo',1,1,1,NULL,NULL,0,0,NULL,NULL,NULL,NULL,'2022-10-01 21:13:57'),(2413,38,105,NULL,5,82,'Intermediate arabic','Class','2022-10-01 16:00:00',45,'','','Africa/Cairo',1,1,1,NULL,NULL,0,1,1,4,NULL,NULL,'2022-10-01 21:13:57'),(2414,38,105,NULL,5,82,'Intermediate arabic','Class','2022-10-08 16:00:00',45,'','','Africa/Cairo',1,1,1,NULL,NULL,0,1,1,4,NULL,NULL,'2022-10-01 21:13:57'),(2415,38,105,NULL,5,82,'Intermediate arabic','Class','2022-10-15 16:00:00',45,'','','Africa/Cairo',1,1,1,NULL,NULL,0,0,NULL,NULL,NULL,NULL,'2022-10-01 21:13:57'),(2416,38,105,NULL,5,82,'Intermediate arabic','Class','2022-10-22 16:00:00',45,'','','Africa/Cairo',1,1,1,NULL,NULL,0,0,NULL,NULL,NULL,NULL,'2022-10-01 21:13:57'),(2417,38,105,NULL,5,82,'Intermediate arabic','Class','2022-10-29 16:00:00',45,'','','Africa/Cairo',1,1,1,NULL,NULL,0,0,NULL,NULL,NULL,NULL,'2022-10-01 21:13:57'),(2418,38,NULL,NULL,5,82,'Intermediate arabic','Class','2022-11-05 16:00:00',45,'','','Africa/Cairo',1,1,1,NULL,NULL,0,0,NULL,NULL,NULL,NULL,'2022-10-01 21:13:57'),(2419,38,NULL,NULL,5,82,'Intermediate arabic','Class','2022-11-12 16:00:00',45,'','','Africa/Cairo',1,1,1,NULL,NULL,0,0,NULL,NULL,NULL,NULL,'2022-10-01 21:13:57'),(2420,38,NULL,NULL,5,82,'Intermediate arabic','Class','2022-11-19 16:00:00',45,'','','Africa/Cairo',1,1,1,NULL,NULL,0,0,NULL,NULL,NULL,NULL,'2022-10-01 21:13:57'),(2421,38,NULL,NULL,5,82,'Intermediate arabic','Class','2022-11-26 16:00:00',45,'','','Africa/Cairo',1,1,1,NULL,NULL,0,0,NULL,NULL,NULL,NULL,'2022-10-01 21:13:57'),(2422,37,NULL,NULL,5,36,'Intermediate arabic','Class','2022-10-02 15:30:00',30,'','','Africa/Cairo',1,1,1,NULL,NULL,0,1,1,4,NULL,NULL,'2022-10-01 21:14:16'),(2423,37,NULL,NULL,5,36,'Intermediate arabic','Class','2022-10-09 15:30:00',30,'','','Africa/Cairo',1,1,1,NULL,NULL,0,1,1,4,NULL,NULL,'2022-10-01 21:14:16'),(2424,37,NULL,NULL,5,36,'Intermediate arabic','Class','2022-10-16 15:30:00',30,'','','Africa/Cairo',1,1,1,NULL,NULL,0,0,NULL,NULL,NULL,NULL,'2022-10-01 21:14:16'),(2425,37,NULL,NULL,5,36,'Intermediate arabic','Class','2022-10-23 15:30:00',30,'','','Africa/Cairo',1,1,1,NULL,NULL,0,0,NULL,NULL,NULL,NULL,'2022-10-01 21:14:16'),(2426,37,NULL,NULL,5,36,'Intermediate arabic','Class','2022-10-30 15:30:00',30,'','','Africa/Cairo',1,1,1,NULL,NULL,0,0,NULL,NULL,NULL,NULL,'2022-10-01 21:14:16'),(2427,37,NULL,NULL,5,36,'Intermediate arabic','Class','2022-11-06 15:30:00',30,'','','Africa/Cairo',1,1,1,NULL,NULL,0,0,NULL,NULL,NULL,NULL,'2022-10-01 21:14:16'),(2428,37,NULL,NULL,5,36,'Intermediate arabic','Class','2022-11-13 15:30:00',30,'','','Africa/Cairo',1,1,1,NULL,NULL,0,0,NULL,NULL,NULL,NULL,'2022-10-01 21:14:16'),(2429,37,NULL,NULL,5,36,'Intermediate arabic','Class','2022-11-20 15:30:00',30,'','','Africa/Cairo',1,1,1,NULL,NULL,0,0,NULL,NULL,NULL,NULL,'2022-10-01 21:14:16'),(2430,37,NULL,NULL,5,36,'Intermediate arabic','Class','2022-11-27 15:30:00',30,'','','Africa/Cairo',1,1,1,NULL,NULL,0,0,NULL,NULL,NULL,NULL,'2022-10-01 21:14:16'),(2431,37,NULL,NULL,5,36,'Intermediate arabic','Class','2022-10-01 15:30:00',30,'','','Africa/Cairo',1,1,1,NULL,NULL,0,1,1,4,NULL,NULL,'2022-10-01 21:14:16'),(2432,37,NULL,NULL,5,36,'Intermediate arabic','Class','2022-10-08 15:30:00',30,'','','Africa/Cairo',1,1,1,NULL,NULL,0,1,1,4,NULL,NULL,'2022-10-01 21:14:16'),(2433,37,NULL,NULL,5,36,'Intermediate arabic','Class','2022-10-15 15:30:00',30,'','','Africa/Cairo',1,1,1,NULL,NULL,0,0,NULL,NULL,NULL,NULL,'2022-10-01 21:14:16'),(2434,37,NULL,NULL,5,36,'Intermediate arabic','Class','2022-10-22 15:30:00',30,'','','Africa/Cairo',1,1,1,NULL,NULL,0,0,NULL,NULL,NULL,NULL,'2022-10-01 21:14:16'),(2435,37,NULL,NULL,5,36,'Intermediate arabic','Class','2022-10-29 15:30:00',30,'','','Africa/Cairo',1,1,1,NULL,NULL,0,0,NULL,NULL,NULL,NULL,'2022-10-01 21:14:16'),(2436,37,NULL,NULL,5,36,'Intermediate arabic','Class','2022-11-05 15:30:00',30,'','','Africa/Cairo',1,1,1,NULL,NULL,0,0,NULL,NULL,NULL,NULL,'2022-10-01 21:14:16'),(2437,37,NULL,NULL,5,36,'Intermediate arabic','Class','2022-11-12 15:30:00',30,'','','Africa/Cairo',1,1,1,NULL,NULL,0,0,NULL,NULL,NULL,NULL,'2022-10-01 21:14:16'),(2438,37,NULL,NULL,5,36,'Intermediate arabic','Class','2022-11-19 15:30:00',30,'','','Africa/Cairo',1,1,1,NULL,NULL,0,0,NULL,NULL,NULL,NULL,'2022-10-01 21:14:16'),(2439,37,NULL,NULL,5,36,'Intermediate arabic','Class','2022-11-26 15:30:00',30,'','','Africa/Cairo',1,1,1,NULL,NULL,0,0,NULL,NULL,NULL,NULL,'2022-10-01 21:14:16'),(2440,36,NULL,NULL,5,88,'Intermediate arabic','Class','2022-10-04 17:00:00',30,'','','Africa/Cairo',1,1,1,NULL,NULL,1,1,1,4,NULL,NULL,'2022-10-01 21:14:39'),(2441,36,NULL,NULL,5,88,'Intermediate arabic','Class','2022-10-11 17:00:00',30,'','','Africa/Cairo',1,1,1,NULL,NULL,0,1,1,4,NULL,NULL,'2022-10-01 21:14:39'),(2442,36,NULL,NULL,5,88,'Intermediate arabic','Class','2022-10-18 17:00:00',30,'','','Africa/Cairo',1,1,1,NULL,NULL,0,0,NULL,NULL,NULL,NULL,'2022-10-01 21:14:39'),(2443,36,NULL,NULL,5,88,'Intermediate arabic','Class','2022-10-25 17:00:00',30,'','','Africa/Cairo',1,1,1,NULL,NULL,0,0,NULL,NULL,NULL,NULL,'2022-10-01 21:14:39'),(2444,36,NULL,NULL,5,88,'Intermediate arabic','Class','2022-11-01 17:00:00',30,'','','Africa/Cairo',1,1,1,NULL,NULL,0,0,NULL,NULL,NULL,NULL,'2022-10-01 21:14:39'),(2445,36,NULL,NULL,5,88,'Intermediate arabic','Class','2022-11-08 17:00:00',30,'','','Africa/Cairo',1,1,1,NULL,NULL,0,0,NULL,NULL,NULL,NULL,'2022-10-01 21:14:39'),(2446,36,NULL,NULL,5,88,'Intermediate arabic','Class','2022-11-15 17:00:00',30,'','','Africa/Cairo',1,1,1,NULL,NULL,0,0,NULL,NULL,NULL,NULL,'2022-10-01 21:14:39'),(2447,36,NULL,NULL,5,88,'Intermediate arabic','Class','2022-11-22 17:00:00',30,'','','Africa/Cairo',1,1,1,NULL,NULL,0,0,NULL,NULL,NULL,NULL,'2022-10-01 21:14:39'),(2448,36,NULL,NULL,5,88,'Intermediate arabic','Class','2022-11-29 17:00:00',30,'','','Africa/Cairo',1,1,1,NULL,NULL,0,0,NULL,NULL,NULL,NULL,'2022-10-01 21:14:39'),(2449,36,NULL,NULL,5,88,'Intermediate arabic','Class','2022-10-01 09:00:00',30,'','','Africa/Cairo',1,1,1,NULL,NULL,0,6,NULL,NULL,NULL,NULL,'2022-10-01 21:14:39'),(2450,36,NULL,NULL,5,88,'Intermediate arabic','Class','2022-10-08 09:00:00',30,'','','Africa/Cairo',1,1,1,NULL,NULL,0,1,1,4,NULL,NULL,'2022-10-01 21:14:39'),(2451,36,NULL,NULL,5,88,'Intermediate arabic','Class','2022-10-15 09:00:00',30,'','','Africa/Cairo',1,1,1,NULL,NULL,0,0,NULL,NULL,NULL,NULL,'2022-10-01 21:14:39'),(2452,36,NULL,NULL,5,88,'Intermediate arabic','Class','2022-10-22 09:00:00',30,'','','Africa/Cairo',1,1,1,NULL,NULL,0,0,NULL,NULL,NULL,NULL,'2022-10-01 21:14:39'),(2453,36,NULL,NULL,5,88,'Intermediate arabic','Class','2022-10-29 09:00:00',30,'','','Africa/Cairo',1,1,1,NULL,NULL,0,0,NULL,NULL,NULL,NULL,'2022-10-01 21:14:39'),(2454,36,NULL,NULL,5,88,'Intermediate arabic','Class','2022-11-05 09:00:00',30,'','','Africa/Cairo',1,1,1,NULL,NULL,0,0,NULL,NULL,NULL,NULL,'2022-10-01 21:14:39'),(2455,36,NULL,NULL,5,88,'Intermediate arabic','Class','2022-11-12 09:00:00',30,'','','Africa/Cairo',1,1,1,NULL,NULL,0,0,NULL,NULL,NULL,NULL,'2022-10-01 21:14:39'),(2456,36,NULL,NULL,5,88,'Intermediate arabic','Class','2022-11-19 09:00:00',30,'','','Africa/Cairo',1,1,1,NULL,NULL,0,0,NULL,NULL,NULL,NULL,'2022-10-01 21:14:39'),(2457,36,NULL,NULL,5,88,'Intermediate arabic','Class','2022-11-26 09:00:00',30,'','','Africa/Cairo',1,1,1,NULL,NULL,0,0,NULL,NULL,NULL,NULL,'2022-10-01 21:14:39'),(2458,35,NULL,NULL,5,114,'Foundation level','Class','2022-10-02 14:30:00',30,'','','Africa/Cairo',1,1,1,NULL,NULL,0,1,1,4,NULL,NULL,'2022-10-01 21:14:58'),(2459,35,NULL,NULL,5,114,'Foundation level','Class','2022-10-09 14:30:00',30,'','','Africa/Cairo',1,1,1,NULL,NULL,0,3,NULL,NULL,NULL,NULL,'2022-10-01 21:14:58'),(2460,35,NULL,NULL,5,114,'Foundation level','Class','2022-10-16 14:30:00',30,'','','Africa/Cairo',1,1,1,NULL,NULL,0,0,NULL,NULL,NULL,NULL,'2022-10-01 21:14:58'),(2461,35,NULL,NULL,5,114,'Foundation level','Class','2022-10-23 14:30:00',30,'','','Africa/Cairo',1,1,1,NULL,NULL,0,0,NULL,NULL,NULL,NULL,'2022-10-01 21:14:58'),(2462,35,NULL,NULL,5,114,'Foundation level','Class','2022-10-30 14:30:00',30,'','','Africa/Cairo',1,1,1,NULL,NULL,0,0,NULL,NULL,NULL,NULL,'2022-10-01 21:14:58'),(2463,35,NULL,NULL,5,114,'Foundation level','Class','2022-11-06 14:30:00',30,'','','Africa/Cairo',1,1,1,NULL,NULL,0,0,NULL,NULL,NULL,NULL,'2022-10-01 21:14:58'),(2464,35,NULL,NULL,5,114,'Foundation level','Class','2022-11-13 14:30:00',30,'','','Africa/Cairo',1,1,1,NULL,NULL,0,0,NULL,NULL,NULL,NULL,'2022-10-01 21:14:58'),(2465,35,NULL,NULL,5,114,'Foundation level','Class','2022-11-20 14:30:00',30,'','','Africa/Cairo',1,1,1,NULL,NULL,0,0,NULL,NULL,NULL,NULL,'2022-10-01 21:14:58'),(2466,35,NULL,NULL,5,114,'Foundation level','Class','2022-11-27 14:30:00',30,'','','Africa/Cairo',1,1,1,NULL,NULL,0,0,NULL,NULL,NULL,NULL,'2022-10-01 21:14:58'),(2467,35,NULL,NULL,5,114,'Foundation level','Class','2022-10-01 14:30:00',30,'','','Africa/Cairo',1,1,1,NULL,NULL,0,5,NULL,NULL,NULL,NULL,'2022-10-01 21:14:58'),(2468,35,NULL,NULL,5,114,'Foundation level','Class','2022-10-08 14:30:00',30,'','','Africa/Cairo',1,1,1,NULL,NULL,0,1,1,4,'heavy and light letters',NULL,'2022-10-01 21:14:58'),(2469,35,NULL,NULL,5,114,'Foundation level','Class','2022-10-15 14:30:00',30,'','','Africa/Cairo',1,1,1,NULL,NULL,0,0,NULL,NULL,NULL,NULL,'2022-10-01 21:14:58'),(2470,35,NULL,NULL,5,114,'Foundation level','Class','2022-10-22 14:30:00',30,'','','Africa/Cairo',1,1,1,NULL,NULL,0,0,NULL,NULL,NULL,NULL,'2022-10-01 21:14:58'),(2471,35,NULL,NULL,5,114,'Foundation level','Class','2022-10-29 14:30:00',30,'','','Africa/Cairo',1,1,1,NULL,NULL,0,0,NULL,NULL,NULL,NULL,'2022-10-01 21:14:58'),(2472,35,NULL,NULL,5,114,'Foundation level','Class','2022-11-05 14:30:00',30,'','','Africa/Cairo',1,1,1,NULL,NULL,0,0,NULL,NULL,NULL,NULL,'2022-10-01 21:14:58'),(2473,35,NULL,NULL,5,114,'Foundation level','Class','2022-11-12 14:30:00',30,'','','Africa/Cairo',1,1,1,NULL,NULL,0,0,NULL,NULL,NULL,NULL,'2022-10-01 21:14:58'),(2474,35,NULL,NULL,5,114,'Foundation level','Class','2022-11-19 14:30:00',30,'','','Africa/Cairo',1,1,1,NULL,NULL,0,0,NULL,NULL,NULL,NULL,'2022-10-01 21:14:58'),(2475,35,NULL,NULL,5,114,'Foundation level','Class','2022-11-26 14:30:00',30,'','','Africa/Cairo',1,1,1,NULL,NULL,0,0,NULL,NULL,NULL,NULL,'2022-10-01 21:14:58'),(2477,14,NULL,NULL,4,102,'Upper-intermediate arabic','Class','2022-10-12 14:00:00',60,'','','Africa/Cairo',1,1,1,NULL,NULL,0,1,1,4,NULL,NULL,'2022-10-01 21:29:08'),(2478,14,NULL,NULL,4,102,'Upper-intermediate arabic','Class','2022-10-19 14:00:00',60,'','','Africa/Cairo',1,1,1,NULL,NULL,0,0,NULL,NULL,NULL,NULL,'2022-10-01 21:29:08'),(2479,14,NULL,NULL,4,102,'Upper-intermediate arabic','Class','2022-10-26 14:00:00',60,'','','Africa/Cairo',1,1,1,NULL,NULL,0,0,NULL,NULL,NULL,NULL,'2022-10-01 21:29:08'),(2480,14,NULL,NULL,4,102,'Upper-intermediate arabic','Class','2022-11-02 14:00:00',60,'','','Africa/Cairo',1,1,1,NULL,NULL,0,0,NULL,NULL,NULL,NULL,'2022-10-01 21:29:08'),(2481,14,NULL,NULL,4,102,'Upper-intermediate arabic','Class','2022-11-09 14:00:00',60,'','','Africa/Cairo',1,1,1,NULL,NULL,0,0,NULL,NULL,NULL,NULL,'2022-10-01 21:29:08'),(2482,14,NULL,NULL,4,102,'Upper-intermediate arabic','Class','2022-11-16 14:00:00',60,'','','Africa/Cairo',1,1,1,NULL,NULL,0,0,NULL,NULL,NULL,NULL,'2022-10-01 21:29:08'),(2483,14,NULL,NULL,4,102,'Upper-intermediate arabic','Class','2022-11-23 14:00:00',60,'','','Africa/Cairo',1,1,1,NULL,NULL,0,0,NULL,NULL,NULL,NULL,'2022-10-01 21:29:08'),(2484,14,NULL,NULL,4,102,'Upper-intermediate arabic','Class','2022-11-30 14:00:00',60,'','','Africa/Cairo',1,1,1,NULL,NULL,0,0,NULL,NULL,NULL,NULL,'2022-10-01 21:29:08'),(2486,13,NULL,NULL,4,41,'Intermediate arabic','Class','2022-10-13 16:30:00',60,'','','Africa/Cairo',1,1,1,NULL,NULL,0,2,NULL,NULL,NULL,NULL,'2022-10-01 21:29:40'),(2487,13,NULL,NULL,4,41,'Intermediate arabic','Class','2022-10-20 16:30:00',60,'','','Africa/Cairo',1,1,1,NULL,NULL,0,0,NULL,NULL,NULL,NULL,'2022-10-01 21:29:40'),(2488,13,NULL,NULL,4,41,'Intermediate arabic','Class','2022-10-27 16:30:00',60,'','','Africa/Cairo',1,1,1,NULL,NULL,0,0,NULL,NULL,NULL,NULL,'2022-10-01 21:29:40'),(2489,13,NULL,NULL,4,41,'Intermediate arabic','Class','2022-11-03 16:30:00',60,'','','Africa/Cairo',1,1,1,NULL,NULL,0,0,NULL,NULL,NULL,NULL,'2022-10-01 21:29:40'),(2490,13,NULL,NULL,4,41,'Intermediate arabic','Class','2022-11-10 16:30:00',60,'','','Africa/Cairo',1,1,1,NULL,NULL,0,0,NULL,NULL,NULL,NULL,'2022-10-01 21:29:40'),(2491,13,NULL,NULL,4,41,'Intermediate arabic','Class','2022-11-17 16:30:00',60,'','','Africa/Cairo',1,1,1,NULL,NULL,0,0,NULL,NULL,NULL,NULL,'2022-10-01 21:29:40'),(2492,13,NULL,NULL,4,41,'Intermediate arabic','Class','2022-11-24 16:30:00',60,'','','Africa/Cairo',1,1,1,NULL,NULL,0,0,NULL,NULL,NULL,NULL,'2022-10-01 21:29:40'),(2493,13,NULL,NULL,4,41,'Intermediate arabic','Class','2022-12-01 16:30:00',60,'','','Africa/Cairo',1,1,1,NULL,NULL,0,0,NULL,NULL,NULL,NULL,'2022-10-01 21:29:40'),(2494,97,NULL,NULL,11,59,'Pre-reading level','Class','2022-10-06 21:00:00',45,'','','Africa/Cairo',1,1,1,NULL,NULL,0,1,4,5,NULL,NULL,'2022-10-01 21:30:45'),(2495,97,NULL,NULL,11,59,'Pre-reading level','Class','2022-10-13 21:00:00',45,'','','Africa/Cairo',1,1,1,NULL,NULL,0,0,NULL,NULL,NULL,NULL,'2022-10-01 21:30:45'),(2496,97,NULL,NULL,11,59,'Pre-reading level','Class','2022-10-20 21:00:00',45,'','','Africa/Cairo',1,1,1,NULL,NULL,0,0,NULL,NULL,NULL,NULL,'2022-10-01 21:30:45'),(2497,97,NULL,NULL,11,59,'Pre-reading level','Class','2022-10-27 21:00:00',45,'','','Africa/Cairo',1,1,1,NULL,NULL,0,0,NULL,NULL,NULL,NULL,'2022-10-01 21:30:45'),(2498,97,NULL,NULL,11,59,'Pre-reading level','Class','2022-11-03 21:00:00',45,'','','Africa/Cairo',1,1,1,NULL,NULL,0,0,NULL,NULL,NULL,NULL,'2022-10-01 21:30:45'),(2499,97,NULL,NULL,11,59,'Pre-reading level','Class','2022-11-10 21:00:00',45,'','','Africa/Cairo',1,1,1,NULL,NULL,0,0,NULL,NULL,NULL,NULL,'2022-10-01 21:30:45'),(2500,97,NULL,NULL,11,59,'Pre-reading level','Class','2022-11-17 21:00:00',45,'','','Africa/Cairo',1,1,1,NULL,NULL,0,0,NULL,NULL,NULL,NULL,'2022-10-01 21:30:45'),(2501,97,NULL,NULL,11,59,'Pre-reading level','Class','2022-11-24 21:00:00',45,'','','Africa/Cairo',1,1,1,NULL,NULL,0,0,NULL,NULL,NULL,NULL,'2022-10-01 21:30:45'),(2502,97,NULL,NULL,11,59,'Pre-reading level','Class','2022-12-01 21:00:00',45,'','','Africa/Cairo',1,1,1,NULL,NULL,0,0,NULL,NULL,NULL,NULL,'2022-10-01 21:30:45'),(2503,93,NULL,NULL,11,53,'Foundation level','Class','2022-10-03 20:30:00',30,'','','Africa/Cairo',1,1,1,NULL,NULL,0,1,1,5,NULL,NULL,'2022-10-01 21:31:14'),(2504,93,NULL,NULL,11,53,'Foundation level','Class','2022-10-10 20:30:00',30,'','','Africa/Cairo',1,1,1,NULL,NULL,1,1,1,5,NULL,NULL,'2022-10-01 21:31:14'),(2505,93,NULL,NULL,11,53,'Foundation level','Class','2022-10-17 20:30:00',30,'','','Africa/Cairo',1,1,1,NULL,NULL,0,0,NULL,NULL,NULL,NULL,'2022-10-01 21:31:14'),(2506,93,NULL,NULL,11,53,'Foundation level','Class','2022-10-24 20:30:00',30,'','','Africa/Cairo',1,1,1,NULL,NULL,0,0,NULL,NULL,NULL,NULL,'2022-10-01 21:31:14'),(2507,93,NULL,NULL,11,53,'Foundation level','Class','2022-10-31 20:30:00',30,'','','Africa/Cairo',1,1,1,NULL,NULL,0,0,NULL,NULL,NULL,NULL,'2022-10-01 21:31:14'),(2508,93,NULL,NULL,11,53,'Foundation level','Class','2022-11-07 20:30:00',30,'','','Africa/Cairo',1,1,1,NULL,NULL,0,0,NULL,NULL,NULL,NULL,'2022-10-01 21:31:14'),(2509,93,NULL,NULL,11,53,'Foundation level','Class','2022-11-14 20:30:00',30,'','','Africa/Cairo',1,1,1,NULL,NULL,0,0,NULL,NULL,NULL,NULL,'2022-10-01 21:31:14'),(2510,93,NULL,NULL,11,53,'Foundation level','Class','2022-11-21 20:30:00',30,'','','Africa/Cairo',1,1,1,NULL,NULL,0,0,NULL,NULL,NULL,NULL,'2022-10-01 21:31:14'),(2511,93,NULL,NULL,11,53,'Foundation level','Class','2022-11-28 20:30:00',30,'','','Africa/Cairo',1,1,1,NULL,NULL,0,0,NULL,NULL,NULL,NULL,'2022-10-01 21:31:14'),(2512,93,NULL,NULL,11,53,'Foundation level','Class','2022-10-06 20:30:00',30,'','','Africa/Cairo',1,1,1,NULL,NULL,0,1,1,5,NULL,NULL,'2022-10-01 21:31:14'),(2513,93,NULL,NULL,11,53,'Foundation level','Class','2022-10-13 20:30:00',30,'','','Africa/Cairo',1,1,1,NULL,NULL,0,0,NULL,NULL,NULL,NULL,'2022-10-01 21:31:14'),(2514,93,NULL,NULL,11,53,'Foundation level','Class','2022-10-20 20:30:00',30,'','','Africa/Cairo',1,1,1,NULL,NULL,0,0,NULL,NULL,NULL,NULL,'2022-10-01 21:31:14'),(2515,93,NULL,NULL,11,53,'Foundation level','Class','2022-10-27 20:30:00',30,'','','Africa/Cairo',1,1,1,NULL,NULL,0,0,NULL,NULL,NULL,NULL,'2022-10-01 21:31:14'),(2516,93,NULL,NULL,11,53,'Foundation level','Class','2022-11-03 20:30:00',30,'','','Africa/Cairo',1,1,1,NULL,NULL,0,0,NULL,NULL,NULL,NULL,'2022-10-01 21:31:14'),(2517,93,NULL,NULL,11,53,'Foundation level','Class','2022-11-10 20:30:00',30,'','','Africa/Cairo',1,1,1,NULL,NULL,0,0,NULL,NULL,NULL,NULL,'2022-10-01 21:31:14'),(2518,93,NULL,NULL,11,53,'Foundation level','Class','2022-11-17 20:30:00',30,'','','Africa/Cairo',1,1,1,NULL,NULL,0,0,NULL,NULL,NULL,NULL,'2022-10-01 21:31:14'),(2519,93,NULL,NULL,11,53,'Foundation level','Class','2022-11-24 20:30:00',30,'','','Africa/Cairo',1,1,1,NULL,NULL,0,0,NULL,NULL,NULL,NULL,'2022-10-01 21:31:14'),(2520,93,NULL,NULL,11,53,'Foundation level','Class','2022-12-01 20:30:00',30,'','','Africa/Cairo',1,1,1,NULL,NULL,0,0,NULL,NULL,NULL,NULL,'2022-10-01 21:31:14'),(2521,51,NULL,NULL,11,65,'Basic arabic','Class','2022-10-02 18:00:00',60,'','','Africa/Cairo',1,1,1,NULL,NULL,1,5,NULL,NULL,NULL,NULL,'2022-10-01 21:31:30'),(2522,51,NULL,NULL,11,65,'Basic arabic','Class','2022-10-09 18:00:00',60,'','','Africa/Cairo',1,1,1,NULL,NULL,0,1,1,5,NULL,NULL,'2022-10-01 21:31:30'),(2523,51,NULL,NULL,11,65,'Basic arabic','Class','2022-10-16 18:00:00',60,'','','Africa/Cairo',1,1,1,NULL,NULL,0,0,NULL,NULL,NULL,NULL,'2022-10-01 21:31:30'),(2524,51,NULL,NULL,11,65,'Basic arabic','Class','2022-10-23 18:00:00',60,'','','Africa/Cairo',1,1,1,NULL,NULL,0,0,NULL,NULL,NULL,NULL,'2022-10-01 21:31:30'),(2525,51,NULL,NULL,11,65,'Basic arabic','Class','2022-10-30 18:00:00',60,'','','Africa/Cairo',1,1,1,NULL,NULL,0,0,NULL,NULL,NULL,NULL,'2022-10-01 21:31:30'),(2526,51,NULL,NULL,11,65,'Basic arabic','Class','2022-11-06 18:00:00',60,'','','Africa/Cairo',1,1,1,NULL,NULL,0,0,NULL,NULL,NULL,NULL,'2022-10-01 21:31:30'),(2527,51,NULL,NULL,11,65,'Basic arabic','Class','2022-11-13 18:00:00',60,'','','Africa/Cairo',1,1,1,NULL,NULL,0,0,NULL,NULL,NULL,NULL,'2022-10-01 21:31:30'),(2528,51,NULL,NULL,11,65,'Basic arabic','Class','2022-11-20 18:00:00',60,'','','Africa/Cairo',1,1,1,NULL,NULL,0,0,NULL,NULL,NULL,NULL,'2022-10-01 21:31:30'),(2529,51,NULL,NULL,11,65,'Basic arabic','Class','2022-11-27 18:00:00',60,'','','Africa/Cairo',1,1,1,NULL,NULL,0,0,NULL,NULL,NULL,NULL,'2022-10-01 21:31:30'),(2531,51,NULL,NULL,11,65,'Basic arabic','Class','2022-10-08 18:00:00',60,'','','Africa/Cairo',1,1,1,NULL,NULL,0,1,3,5,NULL,NULL,'2022-10-01 21:31:30'),(2532,51,NULL,NULL,11,65,'Basic arabic','Class','2022-10-15 18:00:00',60,'','','Africa/Cairo',1,1,1,NULL,NULL,0,0,NULL,NULL,NULL,NULL,'2022-10-01 21:31:30'),(2533,51,NULL,NULL,11,65,'Basic arabic','Class','2022-10-22 18:00:00',60,'','','Africa/Cairo',1,1,1,NULL,NULL,0,0,NULL,NULL,NULL,NULL,'2022-10-01 21:31:30'),(2534,51,NULL,NULL,11,65,'Basic arabic','Class','2022-10-29 18:00:00',60,'','','Africa/Cairo',1,1,1,NULL,NULL,0,0,NULL,NULL,NULL,NULL,'2022-10-01 21:31:30'),(2535,51,NULL,NULL,11,65,'Basic arabic','Class','2022-11-05 18:00:00',60,'','','Africa/Cairo',1,1,1,NULL,NULL,0,0,NULL,NULL,NULL,NULL,'2022-10-01 21:31:30'),(2536,51,NULL,NULL,11,65,'Basic arabic','Class','2022-11-12 18:00:00',60,'','','Africa/Cairo',1,1,1,NULL,NULL,0,0,NULL,NULL,NULL,NULL,'2022-10-01 21:31:30'),(2537,51,NULL,NULL,11,65,'Basic arabic','Class','2022-11-19 18:00:00',60,'','','Africa/Cairo',1,1,1,NULL,NULL,0,0,NULL,NULL,NULL,NULL,'2022-10-01 21:31:30'),(2538,51,NULL,NULL,11,65,'Basic arabic','Class','2022-11-26 18:00:00',60,'','','Africa/Cairo',1,1,1,NULL,NULL,0,0,NULL,NULL,NULL,NULL,'2022-10-01 21:31:30'),(2539,52,NULL,NULL,11,64,'Basic arabic','Class','2022-10-02 19:00:00',60,'','','Africa/Cairo',1,1,1,NULL,NULL,1,5,NULL,NULL,NULL,NULL,'2022-10-01 21:31:43'),(2540,52,NULL,NULL,11,64,'Basic arabic','Class','2022-10-09 19:00:00',60,'','','Africa/Cairo',1,1,1,NULL,NULL,0,1,1,5,NULL,NULL,'2022-10-01 21:31:43'),(2541,52,NULL,NULL,11,64,'Basic arabic','Class','2022-10-16 19:00:00',60,'','','Africa/Cairo',1,1,1,NULL,NULL,0,0,NULL,NULL,NULL,NULL,'2022-10-01 21:31:43'),(2542,52,NULL,NULL,11,64,'Basic arabic','Class','2022-10-23 19:00:00',60,'','','Africa/Cairo',1,1,1,NULL,NULL,0,0,NULL,NULL,NULL,NULL,'2022-10-01 21:31:43'),(2543,52,NULL,NULL,11,64,'Basic arabic','Class','2022-10-30 19:00:00',60,'','','Africa/Cairo',1,1,1,NULL,NULL,0,0,NULL,NULL,NULL,NULL,'2022-10-01 21:31:43'),(2544,52,NULL,NULL,11,64,'Basic arabic','Class','2022-11-06 19:00:00',60,'','','Africa/Cairo',1,1,1,NULL,NULL,0,0,NULL,NULL,NULL,NULL,'2022-10-01 21:31:43'),(2545,52,NULL,NULL,11,64,'Basic arabic','Class','2022-11-13 19:00:00',60,'','','Africa/Cairo',1,1,1,NULL,NULL,0,0,NULL,NULL,NULL,NULL,'2022-10-01 21:31:43'),(2546,52,NULL,NULL,11,64,'Basic arabic','Class','2022-11-20 19:00:00',60,'','','Africa/Cairo',1,1,1,NULL,NULL,0,0,NULL,NULL,NULL,NULL,'2022-10-01 21:31:43'),(2547,52,NULL,NULL,11,64,'Basic arabic','Class','2022-11-27 19:00:00',60,'','','Africa/Cairo',1,1,1,NULL,NULL,0,0,NULL,NULL,NULL,NULL,'2022-10-01 21:31:43'),(2549,52,NULL,NULL,11,64,'Basic arabic','Class','2022-10-08 19:00:00',60,'','','Africa/Cairo',1,1,1,NULL,NULL,0,1,1,5,NULL,NULL,'2022-10-01 21:31:43'),(2550,52,NULL,NULL,11,64,'Basic arabic','Class','2022-10-15 19:00:00',60,'','','Africa/Cairo',1,1,1,NULL,NULL,0,0,NULL,NULL,NULL,NULL,'2022-10-01 21:31:43'),(2551,52,NULL,NULL,11,64,'Basic arabic','Class','2022-10-22 19:00:00',60,'','','Africa/Cairo',1,1,1,NULL,NULL,0,0,NULL,NULL,NULL,NULL,'2022-10-01 21:31:43'),(2552,52,NULL,NULL,11,64,'Basic arabic','Class','2022-10-29 19:00:00',60,'','','Africa/Cairo',1,1,1,NULL,NULL,0,0,NULL,NULL,NULL,NULL,'2022-10-01 21:31:43'),(2553,52,NULL,NULL,11,64,'Basic arabic','Class','2022-11-05 19:00:00',60,'','','Africa/Cairo',1,1,1,NULL,NULL,0,0,NULL,NULL,NULL,NULL,'2022-10-01 21:31:43'),(2554,52,NULL,NULL,11,64,'Basic arabic','Class','2022-11-12 19:00:00',60,'','','Africa/Cairo',1,1,1,NULL,NULL,0,0,NULL,NULL,NULL,NULL,'2022-10-01 21:31:43'),(2555,52,NULL,NULL,11,64,'Basic arabic','Class','2022-11-19 19:00:00',60,'','','Africa/Cairo',1,1,1,NULL,NULL,0,0,NULL,NULL,NULL,NULL,'2022-10-01 21:31:43'),(2556,52,NULL,NULL,11,64,'Basic arabic','Class','2022-11-26 19:00:00',60,'','','Africa/Cairo',1,1,1,NULL,NULL,0,0,NULL,NULL,NULL,NULL,'2022-10-01 21:31:43'),(2557,50,NULL,NULL,11,126,'Foundation level','Class','2022-10-02 21:30:00',30,'','','Africa/Cairo',1,1,1,NULL,NULL,0,1,4,5,NULL,NULL,'2022-10-01 21:32:05'),(2558,50,NULL,NULL,11,126,'Foundation level','Class','2022-10-09 21:30:00',30,'','','Africa/Cairo',1,1,1,NULL,NULL,0,1,4,5,NULL,NULL,'2022-10-01 21:32:05'),(2559,50,NULL,NULL,11,126,'Foundation level','Class','2022-10-16 21:30:00',30,'','','Africa/Cairo',1,1,1,NULL,NULL,0,0,NULL,NULL,NULL,NULL,'2022-10-01 21:32:05'),(2560,50,NULL,NULL,11,126,'Foundation level','Class','2022-10-23 21:30:00',30,'','','Africa/Cairo',1,1,1,NULL,NULL,0,0,NULL,NULL,NULL,NULL,'2022-10-01 21:32:05'),(2561,50,NULL,NULL,11,126,'Foundation level','Class','2022-10-30 21:30:00',30,'','','Africa/Cairo',1,1,1,NULL,NULL,0,0,NULL,NULL,NULL,NULL,'2022-10-01 21:32:05'),(2562,50,NULL,NULL,11,126,'Foundation level','Class','2022-11-06 21:30:00',30,'','','Africa/Cairo',1,1,1,NULL,NULL,0,0,NULL,NULL,NULL,NULL,'2022-10-01 21:32:05'),(2563,50,NULL,NULL,11,126,'Foundation level','Class','2022-11-13 21:30:00',30,'','','Africa/Cairo',1,1,1,NULL,NULL,0,0,NULL,NULL,NULL,NULL,'2022-10-01 21:32:05'),(2564,50,NULL,NULL,11,126,'Foundation level','Class','2022-11-20 21:30:00',30,'','','Africa/Cairo',1,1,1,NULL,NULL,0,0,NULL,NULL,NULL,NULL,'2022-10-01 21:32:05'),(2565,50,NULL,NULL,11,126,'Foundation level','Class','2022-11-27 21:30:00',30,'','','Africa/Cairo',1,1,1,NULL,NULL,0,0,NULL,NULL,NULL,NULL,'2022-10-01 21:32:05'),(2566,50,NULL,NULL,11,126,'Foundation level','Class','2022-10-05 21:30:00',30,'','','Africa/Cairo',1,1,1,NULL,NULL,0,1,4,5,NULL,NULL,'2022-10-01 21:32:05'),(2567,50,NULL,NULL,11,126,'Foundation level','Class','2022-10-12 21:30:00',30,'','','Africa/Cairo',1,1,1,NULL,NULL,0,1,1,5,NULL,NULL,'2022-10-01 21:32:05'),(2568,50,NULL,NULL,11,126,'Foundation level','Class','2022-10-19 21:30:00',30,'','','Africa/Cairo',1,1,1,NULL,NULL,0,0,NULL,NULL,NULL,NULL,'2022-10-01 21:32:05'),(2569,50,NULL,NULL,11,126,'Foundation level','Class','2022-10-26 21:30:00',30,'','','Africa/Cairo',1,1,1,NULL,NULL,0,0,NULL,NULL,NULL,NULL,'2022-10-01 21:32:05'),(2570,50,NULL,NULL,11,126,'Foundation level','Class','2022-11-02 21:30:00',30,'','','Africa/Cairo',1,1,1,NULL,NULL,0,0,NULL,NULL,NULL,NULL,'2022-10-01 21:32:05'),(2571,50,NULL,NULL,11,126,'Foundation level','Class','2022-11-09 21:30:00',30,'','','Africa/Cairo',1,1,1,NULL,NULL,0,0,NULL,NULL,NULL,NULL,'2022-10-01 21:32:05'),(2572,50,NULL,NULL,11,126,'Foundation level','Class','2022-11-16 21:30:00',30,'','','Africa/Cairo',1,1,1,NULL,NULL,0,0,NULL,NULL,NULL,NULL,'2022-10-01 21:32:05'),(2573,50,NULL,NULL,11,126,'Foundation level','Class','2022-11-23 21:30:00',30,'','','Africa/Cairo',1,1,1,NULL,NULL,0,0,NULL,NULL,NULL,NULL,'2022-10-01 21:32:05'),(2574,50,NULL,NULL,11,126,'Foundation level','Class','2022-11-30 21:30:00',30,'','','Africa/Cairo',1,1,1,NULL,NULL,0,0,NULL,NULL,NULL,NULL,'2022-10-01 21:32:05'),(2575,32,NULL,NULL,11,32,'Pre-reading level','Class','2022-10-06 11:00:00',60,'','','Africa/Cairo',1,1,1,NULL,NULL,0,1,1,5,NULL,NULL,'2022-10-01 21:32:21'),(2576,32,NULL,NULL,11,32,'Pre-reading level','Class','2022-10-13 11:00:00',60,'','','Africa/Cairo',1,1,1,NULL,NULL,0,0,NULL,NULL,NULL,NULL,'2022-10-01 21:32:21'),(2577,32,NULL,NULL,11,32,'Pre-reading level','Class','2022-10-20 11:00:00',60,'','','Africa/Cairo',1,1,1,NULL,NULL,0,0,NULL,NULL,NULL,NULL,'2022-10-01 21:32:21'),(2578,32,NULL,NULL,11,32,'Pre-reading level','Class','2022-10-27 11:00:00',60,'','','Africa/Cairo',1,1,1,NULL,NULL,0,0,NULL,NULL,NULL,NULL,'2022-10-01 21:32:21'),(2579,32,NULL,NULL,11,32,'Pre-reading level','Class','2022-11-03 11:00:00',60,'','','Africa/Cairo',1,1,1,NULL,NULL,0,0,NULL,NULL,NULL,NULL,'2022-10-01 21:32:21'),(2580,32,NULL,NULL,11,32,'Pre-reading level','Class','2022-11-10 11:00:00',60,'','','Africa/Cairo',1,1,1,NULL,NULL,0,0,NULL,NULL,NULL,NULL,'2022-10-01 21:32:21'),(2581,32,NULL,NULL,11,32,'Pre-reading level','Class','2022-11-17 11:00:00',60,'','','Africa/Cairo',1,1,1,NULL,NULL,0,0,NULL,NULL,NULL,NULL,'2022-10-01 21:32:21'),(2582,32,NULL,NULL,11,32,'Pre-reading level','Class','2022-11-24 11:00:00',60,'','','Africa/Cairo',1,1,1,NULL,NULL,0,0,NULL,NULL,NULL,NULL,'2022-10-01 21:32:21'),(2583,32,NULL,NULL,11,32,'Pre-reading level','Class','2022-12-01 11:00:00',60,'','','Africa/Cairo',1,1,1,NULL,NULL,0,0,NULL,NULL,NULL,NULL,'2022-10-01 21:32:21'),(2585,31,NULL,NULL,11,42,'Pre-reading level','Class','2022-10-14 14:00:00',60,'','','Africa/Cairo',1,1,1,NULL,NULL,0,0,NULL,NULL,NULL,NULL,'2022-10-01 21:32:39'),(2586,31,NULL,NULL,11,42,'Pre-reading level','Class','2022-10-21 14:00:00',60,'','','Africa/Cairo',1,1,1,NULL,NULL,0,0,NULL,NULL,NULL,NULL,'2022-10-01 21:32:39'),(2587,31,NULL,NULL,11,42,'Pre-reading level','Class','2022-10-28 14:00:00',60,'','','Africa/Cairo',1,1,1,NULL,NULL,0,0,NULL,NULL,NULL,NULL,'2022-10-01 21:32:39'),(2588,31,NULL,NULL,11,42,'Pre-reading level','Class','2022-11-04 14:00:00',60,'','','Africa/Cairo',1,1,1,NULL,NULL,0,0,NULL,NULL,NULL,NULL,'2022-10-01 21:32:39'),(2589,31,NULL,NULL,11,42,'Pre-reading level','Class','2022-11-11 14:00:00',60,'','','Africa/Cairo',1,1,1,NULL,NULL,0,0,NULL,NULL,NULL,NULL,'2022-10-01 21:32:39'),(2590,31,NULL,NULL,11,42,'Pre-reading level','Class','2022-11-18 14:00:00',60,'','','Africa/Cairo',1,1,1,NULL,NULL,0,0,NULL,NULL,NULL,NULL,'2022-10-01 21:32:39'),(2591,31,NULL,NULL,11,42,'Pre-reading level','Class','2022-11-25 14:00:00',60,'','','Africa/Cairo',1,1,1,NULL,NULL,0,0,NULL,NULL,NULL,NULL,'2022-10-01 21:32:39'),(2592,30,NULL,NULL,11,102,'Intermediate arabic','Class','2022-10-05 18:00:00',30,'','','Africa/Cairo',1,1,1,NULL,NULL,0,1,4,5,NULL,NULL,'2022-10-01 21:32:56'),(2593,30,NULL,NULL,11,102,'Intermediate arabic','Class','2022-10-12 18:00:00',30,'','','Africa/Cairo',1,1,1,NULL,NULL,0,0,NULL,NULL,NULL,NULL,'2022-10-01 21:32:56'),(2594,30,NULL,NULL,11,102,'Intermediate arabic','Class','2022-10-19 18:00:00',30,'','','Africa/Cairo',1,1,1,NULL,NULL,0,0,NULL,NULL,NULL,NULL,'2022-10-01 21:32:56'),(2595,30,NULL,NULL,11,102,'Intermediate arabic','Class','2022-10-26 18:00:00',30,'','','Africa/Cairo',1,1,1,NULL,NULL,0,0,NULL,NULL,NULL,NULL,'2022-10-01 21:32:56'),(2596,30,NULL,NULL,11,102,'Intermediate arabic','Class','2022-11-02 18:00:00',30,'','','Africa/Cairo',1,1,1,NULL,NULL,0,0,NULL,NULL,NULL,NULL,'2022-10-01 21:32:56'),(2597,30,NULL,NULL,11,102,'Intermediate arabic','Class','2022-11-09 18:00:00',30,'','','Africa/Cairo',1,1,1,NULL,NULL,0,0,NULL,NULL,NULL,NULL,'2022-10-01 21:32:56'),(2598,30,NULL,NULL,11,102,'Intermediate arabic','Class','2022-11-16 18:00:00',30,'','','Africa/Cairo',1,1,1,NULL,NULL,0,0,NULL,NULL,NULL,NULL,'2022-10-01 21:32:56'),(2599,30,NULL,NULL,11,102,'Intermediate arabic','Class','2022-11-23 18:00:00',30,'','','Africa/Cairo',1,1,1,NULL,NULL,0,0,NULL,NULL,NULL,NULL,'2022-10-01 21:32:56'),(2600,30,NULL,NULL,11,102,'Intermediate arabic','Class','2022-11-30 18:00:00',30,'','','Africa/Cairo',1,1,1,NULL,NULL,0,0,NULL,NULL,NULL,NULL,'2022-10-01 21:32:56'),(2606,29,NULL,NULL,11,106,'Intermediate arabic','Class','2022-11-06 18:00:00',60,'','','Africa/Cairo',1,1,1,NULL,NULL,0,0,NULL,NULL,NULL,NULL,'2022-10-01 21:33:25'),(2607,29,NULL,NULL,11,106,'Intermediate arabic','Class','2022-11-13 18:00:00',60,'','','Africa/Cairo',1,1,1,NULL,NULL,0,0,NULL,NULL,NULL,NULL,'2022-10-01 21:33:25'),(2608,29,NULL,NULL,11,106,'Intermediate arabic','Class','2022-11-20 18:00:00',60,'','','Africa/Cairo',1,1,1,NULL,NULL,0,0,NULL,NULL,NULL,NULL,'2022-10-01 21:33:25'),(2609,29,NULL,NULL,11,106,'Intermediate arabic','Class','2022-11-27 18:00:00',60,'','','Africa/Cairo',1,1,1,NULL,NULL,0,0,NULL,NULL,NULL,NULL,'2022-10-01 21:33:25'),(2610,94,NULL,NULL,7,31,'Intermediate','Class','2022-10-03 22:15:00',30,'','','Africa/Cairo',1,1,1,NULL,NULL,1,1,1,5,'Memorize suret Al Ghashyiah till 8',NULL,'2022-10-01 21:35:00'),(2611,94,NULL,NULL,7,31,'Intermediate','Class','2022-10-10 22:15:00',30,'','','Africa/Cairo',1,1,1,NULL,NULL,0,0,NULL,NULL,NULL,NULL,'2022-10-01 21:35:00'),(2612,94,NULL,NULL,7,31,'Intermediate','Class','2022-10-17 22:15:00',30,'','','Africa/Cairo',1,1,1,NULL,NULL,0,0,NULL,NULL,NULL,NULL,'2022-10-01 21:35:00'),(2613,94,NULL,NULL,7,31,'Intermediate','Class','2022-10-24 22:15:00',30,'','','Africa/Cairo',1,1,1,NULL,NULL,0,0,NULL,NULL,NULL,NULL,'2022-10-01 21:35:00'),(2614,94,NULL,NULL,7,31,'Intermediate','Class','2022-10-31 22:15:00',30,'','','Africa/Cairo',1,1,1,NULL,NULL,0,0,NULL,NULL,NULL,NULL,'2022-10-01 21:35:00'),(2615,94,NULL,NULL,7,31,'Intermediate','Class','2022-11-07 22:15:00',30,'','','Africa/Cairo',1,1,1,NULL,NULL,0,0,NULL,NULL,NULL,NULL,'2022-10-01 21:35:00'),(2616,94,NULL,NULL,7,31,'Intermediate','Class','2022-11-14 22:15:00',30,'','','Africa/Cairo',1,1,1,NULL,NULL,0,0,NULL,NULL,NULL,NULL,'2022-10-01 21:35:00'),(2617,94,NULL,NULL,7,31,'Intermediate','Class','2022-11-21 22:15:00',30,'','','Africa/Cairo',1,1,1,NULL,NULL,0,0,NULL,NULL,NULL,NULL,'2022-10-01 21:35:00'),(2618,94,NULL,NULL,7,31,'Intermediate','Class','2022-11-28 22:15:00',30,'','','Africa/Cairo',1,1,1,NULL,NULL,0,0,NULL,NULL,NULL,NULL,'2022-10-01 21:35:00'),(2619,94,NULL,NULL,7,31,'Intermediate','Class','2022-10-05 22:15:00',30,'','','Africa/Cairo',1,1,1,NULL,NULL,0,1,1,4,'Al Madd',NULL,'2022-10-01 21:35:00'),(2620,94,NULL,NULL,7,31,'Intermediate','Class','2022-10-12 22:15:00',30,'','','Africa/Cairo',1,1,1,NULL,NULL,0,0,NULL,NULL,NULL,NULL,'2022-10-01 21:35:00'),(2621,94,NULL,NULL,7,31,'Intermediate','Class','2022-10-19 22:15:00',30,'','','Africa/Cairo',1,1,1,NULL,NULL,0,0,NULL,NULL,NULL,NULL,'2022-10-01 21:35:00'),(2622,94,NULL,NULL,7,31,'Intermediate','Class','2022-10-26 22:15:00',30,'','','Africa/Cairo',1,1,1,NULL,NULL,0,0,NULL,NULL,NULL,NULL,'2022-10-01 21:35:00'),(2623,94,NULL,NULL,7,31,'Intermediate','Class','2022-11-02 22:15:00',30,'','','Africa/Cairo',1,1,1,NULL,NULL,0,0,NULL,NULL,NULL,NULL,'2022-10-01 21:35:00'),(2624,94,NULL,NULL,7,31,'Intermediate','Class','2022-11-09 22:15:00',30,'','','Africa/Cairo',1,1,1,NULL,NULL,0,0,NULL,NULL,NULL,NULL,'2022-10-01 21:35:00'),(2625,94,NULL,NULL,7,31,'Intermediate','Class','2022-11-16 22:15:00',30,'','','Africa/Cairo',1,1,1,NULL,NULL,0,0,NULL,NULL,NULL,NULL,'2022-10-01 21:35:00'),(2626,94,NULL,NULL,7,31,'Intermediate','Class','2022-11-23 22:15:00',30,'','','Africa/Cairo',1,1,1,NULL,NULL,0,0,NULL,NULL,NULL,NULL,'2022-10-01 21:35:00'),(2627,94,NULL,NULL,7,31,'Intermediate','Class','2022-11-30 22:15:00',30,'','','Africa/Cairo',1,1,1,NULL,NULL,0,0,NULL,NULL,NULL,NULL,'2022-10-01 21:35:00'),(2628,94,NULL,NULL,7,31,'Intermediate','Class','2022-09-30 22:15:00',30,'','','Africa/Cairo',1,1,1,NULL,NULL,0,1,2,3,'Memorize suret Al Fajr up to the end ',NULL,'2022-10-01 21:35:00'),(2629,94,NULL,NULL,7,31,'Intermediate','Class','2022-10-07 22:15:00',30,'','','Africa/Cairo',1,1,1,NULL,NULL,0,1,1,4,'Recite suret Al Forqan till 20',NULL,'2022-10-01 21:35:00'),(2630,94,NULL,NULL,7,31,'Intermediate','Class','2022-10-14 22:15:00',30,'','','Africa/Cairo',1,1,1,NULL,NULL,0,0,NULL,NULL,NULL,NULL,'2022-10-01 21:35:00'),(2631,94,NULL,NULL,7,31,'Intermediate','Class','2022-10-21 22:15:00',30,'','','Africa/Cairo',1,1,1,NULL,NULL,0,0,NULL,NULL,NULL,NULL,'2022-10-01 21:35:00'),(2632,94,NULL,NULL,7,31,'Intermediate','Class','2022-10-28 22:15:00',30,'','','Africa/Cairo',1,1,1,NULL,NULL,0,0,NULL,NULL,NULL,NULL,'2022-10-01 21:35:00'),(2633,94,NULL,NULL,7,31,'Intermediate','Class','2022-11-04 22:15:00',30,'','','Africa/Cairo',1,1,1,NULL,NULL,0,0,NULL,NULL,NULL,NULL,'2022-10-01 21:35:00'),(2634,94,NULL,NULL,7,31,'Intermediate','Class','2022-11-11 22:15:00',30,'','','Africa/Cairo',1,1,1,NULL,NULL,0,0,NULL,NULL,NULL,NULL,'2022-10-01 21:35:00'),(2635,94,NULL,NULL,7,31,'Intermediate','Class','2022-11-18 22:15:00',30,'','','Africa/Cairo',1,1,1,NULL,NULL,0,0,NULL,NULL,NULL,NULL,'2022-10-01 21:35:00'),(2636,94,NULL,NULL,7,31,'Intermediate','Class','2022-11-25 22:15:00',30,'','','Africa/Cairo',1,1,1,NULL,NULL,0,0,NULL,NULL,NULL,NULL,'2022-10-01 21:35:00'),(2646,54,NULL,NULL,7,78,'Indiputable facts of religion','Class','2022-10-02 17:00:00',45,'','','Africa/Cairo',1,1,1,NULL,NULL,1,5,NULL,NULL,NULL,NULL,'2022-10-01 21:35:47'),(2647,54,NULL,NULL,7,78,'Indiputable facts of religion','Class','2022-10-09 17:00:00',45,'','','Africa/Cairo',1,1,1,NULL,NULL,0,0,NULL,NULL,NULL,NULL,'2022-10-01 21:35:47'),(2648,54,NULL,NULL,7,78,'Indiputable facts of religion','Class','2022-10-16 17:00:00',45,'','','Africa/Cairo',1,1,1,NULL,NULL,0,0,NULL,NULL,NULL,NULL,'2022-10-01 21:35:47'),(2649,54,NULL,NULL,7,78,'Indiputable facts of religion','Class','2022-10-23 17:00:00',45,'','','Africa/Cairo',1,1,1,NULL,NULL,0,0,NULL,NULL,NULL,NULL,'2022-10-01 21:35:47'),(2650,54,NULL,NULL,7,78,'Indiputable facts of religion','Class','2022-10-30 17:00:00',45,'','','Africa/Cairo',1,1,1,NULL,NULL,0,0,NULL,NULL,NULL,NULL,'2022-10-01 21:35:47'),(2651,54,NULL,NULL,7,78,'Indiputable facts of religion','Class','2022-11-06 17:00:00',45,'','','Africa/Cairo',1,1,1,NULL,NULL,0,0,NULL,NULL,NULL,NULL,'2022-10-01 21:35:47'),(2652,54,NULL,NULL,7,78,'Indiputable facts of religion','Class','2022-11-13 17:00:00',45,'','','Africa/Cairo',1,1,1,NULL,NULL,0,0,NULL,NULL,NULL,NULL,'2022-10-01 21:35:47'),(2653,54,NULL,NULL,7,78,'Indiputable facts of religion','Class','2022-11-20 17:00:00',45,'','','Africa/Cairo',1,1,1,NULL,NULL,0,0,NULL,NULL,NULL,NULL,'2022-10-01 21:35:47'),(2654,54,NULL,NULL,7,78,'Indiputable facts of religion','Class','2022-11-27 17:00:00',45,'','','Africa/Cairo',1,1,1,NULL,NULL,0,0,NULL,NULL,NULL,NULL,'2022-10-01 21:35:47'),(2655,28,98,NULL,7,23,'Tajweed basics','Class','2022-10-02 20:30:00',60,'','','Africa/Cairo',1,1,1,NULL,NULL,0,1,1,4,'Recite suret Al Feel ',NULL,'2022-10-01 21:36:36'),(2656,28,98,NULL,7,23,'Tajweed basics','Class','2022-10-09 20:30:00',60,'','','Africa/Cairo',1,1,1,NULL,NULL,0,0,NULL,NULL,NULL,NULL,'2022-10-01 21:36:36'),(2657,28,98,NULL,7,23,'Tajweed basics','Class','2022-10-16 20:30:00',60,'','','Africa/Cairo',1,1,1,NULL,NULL,0,0,NULL,NULL,NULL,NULL,'2022-10-01 21:36:36'),(2658,28,98,NULL,7,23,'Tajweed basics','Class','2022-10-23 20:30:00',60,'','','Africa/Cairo',1,1,1,NULL,NULL,0,0,NULL,NULL,NULL,NULL,'2022-10-01 21:36:36'),(2659,28,NULL,NULL,7,23,'Tajweed basics','Class','2022-10-30 20:30:00',60,'','','Africa/Cairo',1,1,1,NULL,NULL,0,0,NULL,NULL,NULL,NULL,'2022-10-01 21:36:36'),(2660,28,NULL,NULL,7,23,'Tajweed basics','Class','2022-11-06 20:30:00',60,'','','Africa/Cairo',1,1,1,NULL,NULL,0,0,NULL,NULL,NULL,NULL,'2022-10-01 21:36:36'),(2661,28,NULL,NULL,7,23,'Tajweed basics','Class','2022-11-13 20:30:00',60,'','','Africa/Cairo',1,1,1,NULL,NULL,0,0,NULL,NULL,NULL,NULL,'2022-10-01 21:36:36'),(2662,28,NULL,NULL,7,23,'Tajweed basics','Class','2022-11-20 20:30:00',60,'','','Africa/Cairo',1,1,1,NULL,NULL,0,0,NULL,NULL,NULL,NULL,'2022-10-01 21:36:36'),(2663,28,NULL,NULL,7,23,'Tajweed basics','Class','2022-11-27 20:30:00',60,'','','Africa/Cairo',1,1,1,NULL,NULL,0,0,NULL,NULL,NULL,NULL,'2022-10-01 21:36:36'),(2664,27,NULL,NULL,7,16,'Tajweed basics','Class','2022-10-06 14:45:00',45,'','','Africa/Cairo',1,1,1,NULL,NULL,1,4,NULL,NULL,NULL,NULL,'2022-10-01 21:37:00'),(2665,27,NULL,NULL,7,16,'Tajweed basics','Class','2022-10-13 14:45:00',45,'','','Africa/Cairo',1,1,1,NULL,NULL,0,0,NULL,NULL,NULL,NULL,'2022-10-01 21:37:00'),(2666,27,NULL,NULL,7,16,'Tajweed basics','Class','2022-10-20 14:45:00',45,'','','Africa/Cairo',1,1,1,NULL,NULL,0,0,NULL,NULL,NULL,NULL,'2022-10-01 21:37:00'),(2667,27,NULL,NULL,7,16,'Tajweed basics','Class','2022-10-27 14:45:00',45,'','','Africa/Cairo',1,1,1,NULL,NULL,0,0,NULL,NULL,NULL,NULL,'2022-10-01 21:37:00'),(2668,27,NULL,NULL,7,16,'Tajweed basics','Class','2022-11-03 14:45:00',45,'','','Africa/Cairo',1,1,1,NULL,NULL,0,0,NULL,NULL,NULL,NULL,'2022-10-01 21:37:00'),(2669,27,NULL,NULL,7,16,'Tajweed basics','Class','2022-11-10 14:45:00',45,'','','Africa/Cairo',1,1,1,NULL,NULL,0,0,NULL,NULL,NULL,NULL,'2022-10-01 21:37:00'),(2670,27,NULL,NULL,7,16,'Tajweed basics','Class','2022-11-17 14:45:00',45,'','','Africa/Cairo',1,1,1,NULL,NULL,0,0,NULL,NULL,NULL,NULL,'2022-10-01 21:37:00'),(2671,27,NULL,NULL,7,16,'Tajweed basics','Class','2022-11-24 14:45:00',45,'','','Africa/Cairo',1,1,1,NULL,NULL,0,0,NULL,NULL,NULL,NULL,'2022-10-01 21:37:00'),(2672,27,NULL,NULL,7,16,'Tajweed basics','Class','2022-12-01 14:45:00',45,'','','Africa/Cairo',1,1,1,NULL,NULL,0,0,NULL,NULL,NULL,NULL,'2022-10-01 21:37:00'),(2673,26,NULL,NULL,7,17,'Tajweed basics','Class','2022-10-06 14:00:00',45,'','','Africa/Cairo',1,1,1,NULL,NULL,1,1,1,4,'Recite from Al ursalat till Al Muddather',NULL,'2022-10-01 21:37:18'),(2674,26,NULL,NULL,7,17,'Tajweed basics','Class','2022-10-13 14:00:00',45,'','','Africa/Cairo',1,1,1,NULL,NULL,0,0,NULL,NULL,NULL,NULL,'2022-10-01 21:37:18'),(2675,26,NULL,NULL,7,17,'Tajweed basics','Class','2022-10-20 14:00:00',45,'','','Africa/Cairo',1,1,1,NULL,NULL,0,0,NULL,NULL,NULL,NULL,'2022-10-01 21:37:18'),(2676,26,NULL,NULL,7,17,'Tajweed basics','Class','2022-10-27 14:00:00',45,'','','Africa/Cairo',1,1,1,NULL,NULL,0,0,NULL,NULL,NULL,NULL,'2022-10-01 21:37:18'),(2677,26,NULL,NULL,7,17,'Tajweed basics','Class','2022-11-03 14:00:00',45,'','','Africa/Cairo',1,1,1,NULL,NULL,0,0,NULL,NULL,NULL,NULL,'2022-10-01 21:37:18'),(2678,26,NULL,NULL,7,17,'Tajweed basics','Class','2022-11-10 14:00:00',45,'','','Africa/Cairo',1,1,1,NULL,NULL,0,0,NULL,NULL,NULL,NULL,'2022-10-01 21:37:18'),(2679,26,NULL,NULL,7,17,'Tajweed basics','Class','2022-11-17 14:00:00',45,'','','Africa/Cairo',1,1,1,NULL,NULL,0,0,NULL,NULL,NULL,NULL,'2022-10-01 21:37:18'),(2680,26,NULL,NULL,7,17,'Tajweed basics','Class','2022-11-24 14:00:00',45,'','','Africa/Cairo',1,1,1,NULL,NULL,0,0,NULL,NULL,NULL,NULL,'2022-10-01 21:37:18'),(2681,26,NULL,NULL,7,17,'Tajweed basics','Class','2022-12-01 14:00:00',45,'','','Africa/Cairo',1,1,1,NULL,NULL,0,0,NULL,NULL,NULL,NULL,'2022-10-01 21:37:18'),(2691,24,NULL,NULL,7,63,'Tajweed basics','Class','2022-10-01 06:30:00',60,'','','Africa/Cairo',1,1,1,NULL,NULL,1,5,NULL,NULL,NULL,NULL,'2022-10-01 21:37:39'),(2700,24,NULL,NULL,7,63,'Tajweed basics','Class','2022-10-02 06:30:00',60,'','','Africa/Cairo',1,1,1,NULL,NULL,0,4,NULL,NULL,NULL,NULL,'2022-10-01 21:37:54'),(2701,24,NULL,NULL,7,63,'Tajweed basics','Class','2022-10-09 06:30:00',60,'','','Africa/Cairo',1,1,1,NULL,NULL,0,0,NULL,NULL,NULL,NULL,'2022-10-01 21:37:54'),(2702,24,NULL,NULL,7,63,'Tajweed basics','Class','2022-10-16 06:30:00',60,'','','Africa/Cairo',1,1,1,NULL,NULL,0,0,NULL,NULL,NULL,NULL,'2022-10-01 21:37:54'),(2703,24,NULL,NULL,7,63,'Tajweed basics','Class','2022-10-23 06:30:00',60,'','','Africa/Cairo',1,1,1,NULL,NULL,0,0,NULL,NULL,NULL,NULL,'2022-10-01 21:37:54'),(2704,24,NULL,NULL,7,63,'Tajweed basics','Class','2022-10-30 06:30:00',60,'','','Africa/Cairo',1,1,1,NULL,NULL,0,0,NULL,NULL,NULL,NULL,'2022-10-01 21:37:54'),(2705,24,NULL,NULL,7,63,'Tajweed basics','Class','2022-11-06 06:30:00',60,'','','Africa/Cairo',1,1,1,NULL,NULL,0,0,NULL,NULL,NULL,NULL,'2022-10-01 21:37:54'),(2706,24,NULL,NULL,7,63,'Tajweed basics','Class','2022-11-13 06:30:00',60,'','','Africa/Cairo',1,1,1,NULL,NULL,0,0,NULL,NULL,NULL,NULL,'2022-10-01 21:37:54'),(2707,24,NULL,NULL,7,63,'Tajweed basics','Class','2022-11-20 06:30:00',60,'','','Africa/Cairo',1,1,1,NULL,NULL,0,0,NULL,NULL,NULL,NULL,'2022-10-01 21:37:54'),(2708,24,NULL,NULL,7,63,'Tajweed basics','Class','2022-11-27 06:30:00',60,'','','Africa/Cairo',1,1,1,NULL,NULL,0,0,NULL,NULL,NULL,NULL,'2022-10-01 21:37:54'),(2710,24,NULL,NULL,7,63,'Tajweed basics','Class','2022-10-08 06:30:00',60,'','','Africa/Cairo',1,1,1,NULL,NULL,0,1,1,4,'Recite suret Al Qiyaamah',NULL,'2022-10-01 21:37:54'),(2711,24,NULL,NULL,7,63,'Tajweed basics','Class','2022-10-15 06:30:00',60,'','','Africa/Cairo',1,1,1,NULL,NULL,0,0,NULL,NULL,NULL,NULL,'2022-10-01 21:37:54'),(2712,24,NULL,NULL,7,63,'Tajweed basics','Class','2022-10-22 06:30:00',60,'','','Africa/Cairo',1,1,1,NULL,NULL,0,0,NULL,NULL,NULL,NULL,'2022-10-01 21:37:54'),(2713,24,NULL,NULL,7,63,'Tajweed basics','Class','2022-10-29 06:30:00',60,'','','Africa/Cairo',1,1,1,NULL,NULL,0,0,NULL,NULL,NULL,NULL,'2022-10-01 21:37:54'),(2714,24,NULL,NULL,7,63,'Tajweed basics','Class','2022-11-05 06:30:00',60,'','','Africa/Cairo',1,1,1,NULL,NULL,0,0,NULL,NULL,NULL,NULL,'2022-10-01 21:37:54'),(2715,24,NULL,NULL,7,63,'Tajweed basics','Class','2022-11-12 06:30:00',60,'','','Africa/Cairo',1,1,1,NULL,NULL,0,0,NULL,NULL,NULL,NULL,'2022-10-01 21:37:54'),(2716,24,NULL,NULL,7,63,'Tajweed basics','Class','2022-11-19 06:30:00',60,'','','Africa/Cairo',1,1,1,NULL,NULL,0,0,NULL,NULL,NULL,NULL,'2022-10-01 21:37:54'),(2717,24,NULL,NULL,7,63,'Tajweed basics','Class','2022-11-26 06:30:00',60,'','','Africa/Cairo',1,1,1,NULL,NULL,0,0,NULL,NULL,NULL,NULL,'2022-10-01 21:37:54'),(2720,49,NULL,NULL,19,84,'Intermediate','Class','2022-10-10 11:30:00',45,'','','Africa/Cairo',1,1,1,NULL,NULL,0,1,2,2,NULL,NULL,'2022-10-01 21:44:29'),(2721,49,NULL,NULL,19,84,'Intermediate','Class','2022-10-17 11:30:00',45,'','','Africa/Cairo',1,1,1,NULL,NULL,0,0,NULL,NULL,NULL,NULL,'2022-10-01 21:44:29'),(2722,49,NULL,NULL,19,84,'Intermediate','Class','2022-10-24 11:30:00',45,'','','Africa/Cairo',1,1,1,NULL,NULL,0,0,NULL,NULL,NULL,NULL,'2022-10-01 21:44:29'),(2723,49,NULL,NULL,19,84,'Intermediate','Class','2022-10-31 11:30:00',45,'','','Africa/Cairo',1,1,1,NULL,NULL,0,0,NULL,NULL,NULL,NULL,'2022-10-01 21:44:29'),(2724,49,NULL,NULL,19,84,'Intermediate','Class','2022-11-07 11:30:00',45,'','','Africa/Cairo',1,1,1,NULL,NULL,0,0,NULL,NULL,NULL,NULL,'2022-10-01 21:44:29'),(2725,49,NULL,NULL,19,84,'Intermediate','Class','2022-11-14 11:30:00',45,'','','Africa/Cairo',1,1,1,NULL,NULL,0,0,NULL,NULL,NULL,NULL,'2022-10-01 21:44:29'),(2726,49,NULL,NULL,19,84,'Intermediate','Class','2022-11-21 11:30:00',45,'','','Africa/Cairo',1,1,1,NULL,NULL,0,0,NULL,NULL,NULL,NULL,'2022-10-01 21:44:29'),(2727,49,NULL,NULL,19,84,'Intermediate','Class','2022-11-28 11:30:00',45,'','','Africa/Cairo',1,1,1,NULL,NULL,0,0,NULL,NULL,NULL,NULL,'2022-10-01 21:44:29'),(2728,8,NULL,NULL,19,120,'Ljazah program','Class','2022-10-02 11:30:00',60,'','','Africa/Cairo',1,1,1,NULL,NULL,0,1,1,5,NULL,NULL,'2022-10-01 21:44:53'),(2729,8,NULL,NULL,19,120,'Ljazah program','Class','2022-10-09 11:30:00',60,'','','Africa/Cairo',1,1,1,NULL,NULL,0,1,1,5,NULL,NULL,'2022-10-01 21:44:53'),(2730,8,NULL,NULL,19,120,'Ljazah program','Class','2022-10-16 11:30:00',60,'','','Africa/Cairo',1,1,1,NULL,NULL,0,0,NULL,NULL,NULL,NULL,'2022-10-01 21:44:53'),(2731,8,NULL,NULL,19,120,'Ljazah program','Class','2022-10-23 11:30:00',60,'','','Africa/Cairo',1,1,1,NULL,NULL,0,0,NULL,NULL,NULL,NULL,'2022-10-01 21:44:53'),(2732,8,NULL,NULL,19,120,'Ljazah program','Class','2022-10-30 11:30:00',60,'','','Africa/Cairo',1,1,1,NULL,NULL,0,0,NULL,NULL,NULL,NULL,'2022-10-01 21:44:53'),(2733,8,NULL,NULL,19,120,'Ljazah program','Class','2022-11-06 11:30:00',60,'','','Africa/Cairo',1,1,1,NULL,NULL,0,0,NULL,NULL,NULL,NULL,'2022-10-01 21:44:53'),(2734,8,NULL,NULL,19,120,'Ljazah program','Class','2022-11-13 11:30:00',60,'','','Africa/Cairo',1,1,1,NULL,NULL,0,0,NULL,NULL,NULL,NULL,'2022-10-01 21:44:53'),(2735,8,NULL,NULL,19,120,'Ljazah program','Class','2022-11-20 11:30:00',60,'','','Africa/Cairo',1,1,1,NULL,NULL,0,0,NULL,NULL,NULL,NULL,'2022-10-01 21:44:53'),(2736,8,NULL,NULL,19,120,'Ljazah program','Class','2022-11-27 11:30:00',60,'','','Africa/Cairo',1,1,1,NULL,NULL,0,0,NULL,NULL,NULL,NULL,'2022-10-01 21:44:53'),(2737,8,NULL,NULL,19,120,'Ljazah program','Class','2022-10-05 11:30:00',60,'','','Africa/Cairo',1,1,1,NULL,NULL,0,1,1,5,NULL,NULL,'2022-10-01 21:44:53'),(2738,8,NULL,NULL,19,120,'Ljazah program','Class','2022-10-12 11:30:00',60,'','','Africa/Cairo',1,1,1,NULL,NULL,0,0,NULL,NULL,NULL,NULL,'2022-10-01 21:44:53'),(2739,8,NULL,NULL,19,120,'Ljazah program','Class','2022-10-19 11:30:00',60,'','','Africa/Cairo',1,1,1,NULL,NULL,0,0,NULL,NULL,NULL,NULL,'2022-10-01 21:44:53'),(2740,8,NULL,NULL,19,120,'Ljazah program','Class','2022-10-26 11:30:00',60,'','','Africa/Cairo',1,1,1,NULL,NULL,0,0,NULL,NULL,NULL,NULL,'2022-10-01 21:44:53'),(2741,8,NULL,NULL,19,120,'Ljazah program','Class','2022-11-02 11:30:00',60,'','','Africa/Cairo',1,1,1,NULL,NULL,0,0,NULL,NULL,NULL,NULL,'2022-10-01 21:44:53'),(2742,8,NULL,NULL,19,120,'Ljazah program','Class','2022-11-09 11:30:00',60,'','','Africa/Cairo',1,1,1,NULL,NULL,0,0,NULL,NULL,NULL,NULL,'2022-10-01 21:44:53'),(2743,8,NULL,NULL,19,120,'Ljazah program','Class','2022-11-16 11:30:00',60,'','','Africa/Cairo',1,1,1,NULL,NULL,0,0,NULL,NULL,NULL,NULL,'2022-10-01 21:44:53'),(2744,8,NULL,NULL,19,120,'Ljazah program','Class','2022-11-23 11:30:00',60,'','','Africa/Cairo',1,1,1,NULL,NULL,0,0,NULL,NULL,NULL,NULL,'2022-10-01 21:44:53'),(2745,8,NULL,NULL,19,120,'Ljazah program','Class','2022-11-30 11:30:00',60,'','','Africa/Cairo',1,1,1,NULL,NULL,0,0,NULL,NULL,NULL,NULL,'2022-10-01 21:44:53'),(2746,8,NULL,NULL,19,120,'Ljazah program','Class','2022-10-01 11:30:00',60,'','','Africa/Cairo',1,1,1,NULL,NULL,0,1,1,5,NULL,NULL,'2022-10-01 21:44:53'),(2747,8,NULL,NULL,19,120,'Ljazah program','Class','2022-10-08 11:30:00',60,'','','Africa/Cairo',1,1,1,NULL,NULL,1,7,NULL,NULL,NULL,NULL,'2022-10-01 21:44:53'),(2748,8,NULL,NULL,19,120,'Ljazah program','Class','2022-10-15 11:30:00',60,'','','Africa/Cairo',1,1,1,NULL,NULL,0,0,NULL,NULL,NULL,NULL,'2022-10-01 21:44:53'),(2749,8,NULL,NULL,19,120,'Ljazah program','Class','2022-10-22 11:30:00',60,'','','Africa/Cairo',1,1,1,NULL,NULL,0,0,NULL,NULL,NULL,NULL,'2022-10-01 21:44:53'),(2750,8,NULL,NULL,19,120,'Ljazah program','Class','2022-10-29 11:30:00',60,'','','Africa/Cairo',1,1,1,NULL,NULL,0,0,NULL,NULL,NULL,NULL,'2022-10-01 21:44:53'),(2751,8,NULL,NULL,19,120,'Ljazah program','Class','2022-11-05 11:30:00',60,'','','Africa/Cairo',1,1,1,NULL,NULL,0,0,NULL,NULL,NULL,NULL,'2022-10-01 21:44:53'),(2752,8,NULL,NULL,19,120,'Ljazah program','Class','2022-11-12 11:30:00',60,'','','Africa/Cairo',1,1,1,NULL,NULL,0,0,NULL,NULL,NULL,NULL,'2022-10-01 21:44:53'),(2753,8,NULL,NULL,19,120,'Ljazah program','Class','2022-11-19 11:30:00',60,'','','Africa/Cairo',1,1,1,NULL,NULL,0,0,NULL,NULL,NULL,NULL,'2022-10-01 21:44:53'),(2754,8,NULL,NULL,19,120,'Ljazah program','Class','2022-11-26 11:30:00',60,'','','Africa/Cairo',1,1,1,NULL,NULL,0,0,NULL,NULL,NULL,NULL,'2022-10-01 21:44:53'),(2756,48,NULL,NULL,19,49,'Intermediate','Class','2022-10-09 17:00:00',30,'','','Africa/Cairo',1,1,1,NULL,NULL,1,7,NULL,NULL,NULL,NULL,'2022-10-01 21:45:14'),(2757,48,NULL,NULL,19,49,'Intermediate','Class','2022-10-16 17:00:00',30,'','','Africa/Cairo',1,1,1,NULL,NULL,0,0,NULL,NULL,NULL,NULL,'2022-10-01 21:45:14'),(2758,48,NULL,NULL,19,49,'Intermediate','Class','2022-10-23 17:00:00',30,'','','Africa/Cairo',1,1,1,NULL,NULL,0,0,NULL,NULL,NULL,NULL,'2022-10-01 21:45:14'),(2759,48,NULL,NULL,19,49,'Intermediate','Class','2022-10-30 17:00:00',30,'','','Africa/Cairo',1,1,1,NULL,NULL,0,0,NULL,NULL,NULL,NULL,'2022-10-01 21:45:14'),(2760,48,NULL,NULL,19,49,'Intermediate','Class','2022-11-06 17:00:00',30,'','','Africa/Cairo',1,1,1,NULL,NULL,0,0,NULL,NULL,NULL,NULL,'2022-10-01 21:45:14'),(2761,48,NULL,NULL,19,49,'Intermediate','Class','2022-11-13 17:00:00',30,'','','Africa/Cairo',1,1,1,NULL,NULL,0,0,NULL,NULL,NULL,NULL,'2022-10-01 21:45:14'),(2762,48,NULL,NULL,19,49,'Intermediate','Class','2022-11-20 17:00:00',30,'','','Africa/Cairo',1,1,1,NULL,NULL,0,0,NULL,NULL,NULL,NULL,'2022-10-01 21:45:14'),(2763,48,NULL,NULL,19,49,'Intermediate','Class','2022-11-27 17:00:00',30,'','','Africa/Cairo',1,1,1,NULL,NULL,0,0,NULL,NULL,NULL,NULL,'2022-10-01 21:45:14'),(2766,48,NULL,NULL,19,49,'Intermediate','Class','2022-10-15 17:00:00',30,'','','Africa/Cairo',1,1,1,NULL,NULL,0,0,NULL,NULL,NULL,NULL,'2022-10-01 21:45:14'),(2767,48,NULL,NULL,19,49,'Intermediate','Class','2022-10-22 17:00:00',30,'','','Africa/Cairo',1,1,1,NULL,NULL,0,0,NULL,NULL,NULL,NULL,'2022-10-01 21:45:14'),(2768,48,NULL,NULL,19,49,'Intermediate','Class','2022-10-29 17:00:00',30,'','','Africa/Cairo',1,1,1,NULL,NULL,0,0,NULL,NULL,NULL,NULL,'2022-10-01 21:45:14'),(2769,48,NULL,NULL,19,49,'Intermediate','Class','2022-11-05 17:00:00',30,'','','Africa/Cairo',1,1,1,NULL,NULL,0,0,NULL,NULL,NULL,NULL,'2022-10-01 21:45:14'),(2770,48,NULL,NULL,19,49,'Intermediate','Class','2022-11-12 17:00:00',30,'','','Africa/Cairo',1,1,1,NULL,NULL,0,0,NULL,NULL,NULL,NULL,'2022-10-01 21:45:14'),(2771,48,NULL,NULL,19,49,'Intermediate','Class','2022-11-19 17:00:00',30,'','','Africa/Cairo',1,1,1,NULL,NULL,0,0,NULL,NULL,NULL,NULL,'2022-10-01 21:45:14'),(2772,48,NULL,NULL,19,49,'Intermediate','Class','2022-11-26 17:00:00',30,'','','Africa/Cairo',1,1,1,NULL,NULL,0,0,NULL,NULL,NULL,NULL,'2022-10-01 21:45:14'),(2773,6,NULL,NULL,9,91,'Foundation level','Class','2022-10-03 17:30:00',30,'','','Africa/Cairo',1,1,1,NULL,NULL,0,3,NULL,NULL,NULL,NULL,'2022-10-01 21:56:49'),(2774,6,101,NULL,9,91,'Foundation level','Class','2022-10-10 17:30:00',30,'','','Africa/Cairo',1,1,1,NULL,NULL,0,1,4,5,NULL,'اللام الشمسية والقمرية - الفرق بين همزة الوصل و القطع و الالف','2022-10-01 21:56:49'),(2775,6,101,NULL,9,91,'Foundation level','Class','2022-10-17 17:30:00',30,'','','Africa/Cairo',1,1,1,NULL,NULL,0,0,NULL,NULL,NULL,NULL,'2022-10-01 21:56:49'),(2776,6,101,NULL,9,91,'Foundation level','Class','2022-10-24 17:30:00',30,'','','Africa/Cairo',1,1,1,NULL,NULL,0,0,NULL,NULL,NULL,NULL,'2022-10-01 21:56:49'),(2777,6,NULL,NULL,9,91,'Foundation level','Class','2022-10-31 17:30:00',30,'','','Africa/Cairo',1,1,1,NULL,NULL,0,0,NULL,NULL,NULL,NULL,'2022-10-01 21:56:49'),(2778,6,NULL,NULL,9,91,'Foundation level','Class','2022-11-07 17:30:00',30,'','','Africa/Cairo',1,1,1,NULL,NULL,0,0,NULL,NULL,NULL,NULL,'2022-10-01 21:56:49'),(2779,6,NULL,NULL,9,91,'Foundation level','Class','2022-11-14 17:30:00',30,'','','Africa/Cairo',1,1,1,NULL,NULL,0,0,NULL,NULL,NULL,NULL,'2022-10-01 21:56:49'),(2780,6,NULL,NULL,9,91,'Foundation level','Class','2022-11-21 17:30:00',30,'','','Africa/Cairo',1,1,1,NULL,NULL,0,0,NULL,NULL,NULL,NULL,'2022-10-01 21:56:49'),(2781,6,NULL,NULL,9,91,'Foundation level','Class','2022-11-28 17:30:00',30,'','','Africa/Cairo',1,1,1,NULL,NULL,0,0,NULL,NULL,NULL,NULL,'2022-10-01 21:56:49'),(2782,6,101,NULL,9,91,'Foundation level','Class','2022-10-04 17:30:00',30,'','','Africa/Cairo',1,1,1,NULL,NULL,0,1,4,3,'---------','ص 76 يمشي مكبا على وجهه','2022-10-01 21:56:49'),(2783,6,101,NULL,9,91,'Foundation level','Class','2022-10-11 17:30:00',30,'','','Africa/Cairo',1,1,1,NULL,NULL,0,4,NULL,NULL,NULL,NULL,'2022-10-01 21:56:49'),(2784,6,101,NULL,9,91,'Foundation level','Class','2022-10-18 17:30:00',30,'','','Africa/Cairo',1,1,1,NULL,NULL,0,0,NULL,NULL,NULL,NULL,'2022-10-01 21:56:49'),(2785,6,101,NULL,9,91,'Foundation level','Class','2022-10-25 17:30:00',30,'','','Africa/Cairo',1,1,1,NULL,NULL,0,0,NULL,NULL,NULL,NULL,'2022-10-01 21:56:49'),(2786,6,NULL,NULL,9,91,'Foundation level','Class','2022-11-01 17:30:00',30,'','','Africa/Cairo',1,1,1,NULL,NULL,0,0,NULL,NULL,NULL,NULL,'2022-10-01 21:56:49'),(2787,6,NULL,NULL,9,91,'Foundation level','Class','2022-11-08 17:30:00',30,'','','Africa/Cairo',1,1,1,NULL,NULL,0,0,NULL,NULL,NULL,NULL,'2022-10-01 21:56:49'),(2788,6,NULL,NULL,9,91,'Foundation level','Class','2022-11-15 17:30:00',30,'','','Africa/Cairo',1,1,1,NULL,NULL,0,0,NULL,NULL,NULL,NULL,'2022-10-01 21:56:49'),(2789,6,NULL,NULL,9,91,'Foundation level','Class','2022-11-22 17:30:00',30,'','','Africa/Cairo',1,1,1,NULL,NULL,0,0,NULL,NULL,NULL,NULL,'2022-10-01 21:56:49'),(2790,6,NULL,NULL,9,91,'Foundation level','Class','2022-11-29 17:30:00',30,'','','Africa/Cairo',1,1,1,NULL,NULL,0,0,NULL,NULL,NULL,NULL,'2022-10-01 21:56:49'),(2791,6,101,NULL,9,91,'Foundation level','Class','2022-10-05 17:30:00',30,'','','Africa/Cairo',1,1,1,NULL,NULL,0,1,4,4,NULL,' ص 76 إلى نهايتها ','2022-10-01 21:56:49'),(2792,6,101,NULL,9,91,'Foundation level','Class','2022-10-12 17:30:00',30,'','','Africa/Cairo',1,1,1,NULL,NULL,0,1,4,4,NULL,'قراءة كلمات مختارة لضبط زمن الحروف - الصوت الطيل يكون بسسب حروف المد و هي 3 اوي','2022-10-01 21:56:49'),(2793,6,101,NULL,9,91,'Foundation level','Class','2022-10-19 17:30:00',30,'','','Africa/Cairo',1,1,1,NULL,NULL,0,0,NULL,NULL,NULL,NULL,'2022-10-01 21:56:49'),(2794,6,101,NULL,9,91,'Foundation level','Class','2022-10-26 17:30:00',30,'','','Africa/Cairo',1,1,1,NULL,NULL,0,0,NULL,NULL,NULL,NULL,'2022-10-01 21:56:49'),(2795,6,NULL,NULL,9,91,'Foundation level','Class','2022-11-02 17:30:00',30,'','','Africa/Cairo',1,1,1,NULL,NULL,0,0,NULL,NULL,NULL,NULL,'2022-10-01 21:56:49'),(2796,6,NULL,NULL,9,91,'Foundation level','Class','2022-11-09 17:30:00',30,'','','Africa/Cairo',1,1,1,NULL,NULL,0,0,NULL,NULL,NULL,NULL,'2022-10-01 21:56:49'),(2797,6,NULL,NULL,9,91,'Foundation level','Class','2022-11-16 17:30:00',30,'','','Africa/Cairo',1,1,1,NULL,NULL,0,0,NULL,NULL,NULL,NULL,'2022-10-01 21:56:49'),(2798,6,NULL,NULL,9,91,'Foundation level','Class','2022-11-23 17:30:00',30,'','','Africa/Cairo',1,1,1,NULL,NULL,0,0,NULL,NULL,NULL,NULL,'2022-10-01 21:56:49'),(2799,6,NULL,NULL,9,91,'Foundation level','Class','2022-11-30 17:30:00',30,'','','Africa/Cairo',1,1,1,NULL,NULL,0,0,NULL,NULL,NULL,NULL,'2022-10-01 21:56:49'),(2800,5,NULL,NULL,9,30,'Foundation level','Class','2022-10-03 21:00:00',30,'','','Africa/Cairo',1,1,1,NULL,NULL,0,3,NULL,NULL,NULL,NULL,'2022-10-01 21:57:02'),(2801,5,NULL,NULL,9,30,'Foundation level','Class','2022-10-10 21:00:00',30,'','','Africa/Cairo',1,1,1,NULL,NULL,0,1,4,5,NULL,'ص23 إلى فذهب ظمؤه','2022-10-01 21:57:02'),(2802,5,NULL,NULL,9,30,'Foundation level','Class','2022-10-17 21:00:00',30,'','','Africa/Cairo',1,1,1,NULL,NULL,0,0,NULL,NULL,NULL,NULL,'2022-10-01 21:57:02'),(2803,5,NULL,NULL,9,30,'Foundation level','Class','2022-10-24 21:00:00',30,'','','Africa/Cairo',1,1,1,NULL,NULL,0,0,NULL,NULL,NULL,NULL,'2022-10-01 21:57:02'),(2804,5,NULL,NULL,9,30,'Foundation level','Class','2022-10-31 21:00:00',30,'','','Africa/Cairo',1,1,1,NULL,NULL,0,0,NULL,NULL,NULL,NULL,'2022-10-01 21:57:02'),(2805,5,NULL,NULL,9,30,'Foundation level','Class','2022-11-07 21:00:00',30,'','','Africa/Cairo',1,1,1,NULL,NULL,0,0,NULL,NULL,NULL,NULL,'2022-10-01 21:57:02'),(2806,5,NULL,NULL,9,30,'Foundation level','Class','2022-11-14 21:00:00',30,'','','Africa/Cairo',1,1,1,NULL,NULL,0,0,NULL,NULL,NULL,NULL,'2022-10-01 21:57:02'),(2807,5,NULL,NULL,9,30,'Foundation level','Class','2022-11-21 21:00:00',30,'','','Africa/Cairo',1,1,1,NULL,NULL,0,0,NULL,NULL,NULL,NULL,'2022-10-01 21:57:02'),(2808,5,NULL,NULL,9,30,'Foundation level','Class','2022-11-28 21:00:00',30,'','','Africa/Cairo',1,1,1,NULL,NULL,0,0,NULL,NULL,NULL,NULL,'2022-10-01 21:57:02'),(2809,5,NULL,NULL,9,30,'Foundation level','Class','2022-10-04 21:00:00',30,'','','Africa/Cairo',1,1,1,NULL,NULL,0,1,4,5,NULL,'نور البيان ص 21 - فقطع','2022-10-01 21:57:02'),(2810,5,NULL,NULL,9,30,'Foundation level','Class','2022-10-11 21:00:00',30,'','','Africa/Cairo',1,1,1,NULL,NULL,0,1,4,5,NULL,'ص 23 إلى ظلم فصبر و نصر ','2022-10-01 21:57:02'),(2811,5,NULL,NULL,9,30,'Foundation level','Class','2022-10-18 21:00:00',30,'','','Africa/Cairo',1,1,1,NULL,NULL,0,0,NULL,NULL,NULL,NULL,'2022-10-01 21:57:02'),(2812,5,NULL,NULL,9,30,'Foundation level','Class','2022-10-25 21:00:00',30,'','','Africa/Cairo',1,1,1,NULL,NULL,0,0,NULL,NULL,NULL,NULL,'2022-10-01 21:57:02'),(2813,5,NULL,NULL,9,30,'Foundation level','Class','2022-11-01 21:00:00',30,'','','Africa/Cairo',1,1,1,NULL,NULL,0,0,NULL,NULL,NULL,NULL,'2022-10-01 21:57:02'),(2814,5,NULL,NULL,9,30,'Foundation level','Class','2022-11-08 21:00:00',30,'','','Africa/Cairo',1,1,1,NULL,NULL,0,0,NULL,NULL,NULL,NULL,'2022-10-01 21:57:02'),(2815,5,NULL,NULL,9,30,'Foundation level','Class','2022-11-15 21:00:00',30,'','','Africa/Cairo',1,1,1,NULL,NULL,0,0,NULL,NULL,NULL,NULL,'2022-10-01 21:57:02'),(2816,5,NULL,NULL,9,30,'Foundation level','Class','2022-11-22 21:00:00',30,'','','Africa/Cairo',1,1,1,NULL,NULL,0,0,NULL,NULL,NULL,NULL,'2022-10-01 21:57:02'),(2817,5,NULL,NULL,9,30,'Foundation level','Class','2022-11-29 21:00:00',30,'','','Africa/Cairo',1,1,1,NULL,NULL,0,0,NULL,NULL,NULL,NULL,'2022-10-01 21:57:02'),(2818,5,NULL,NULL,9,30,'Foundation level','Class','2022-10-05 21:00:00',30,'','','Africa/Cairo',1,1,1,NULL,NULL,0,1,4,5,NULL,'ص 21 إلى نهايتها - 22 سجد فخشع ','2022-10-01 21:57:02'),(2819,5,NULL,NULL,9,30,'Foundation level','Class','2022-10-12 21:00:00',30,'','','Africa/Cairo',1,1,1,NULL,NULL,0,1,4,NULL,NULL,'الحصة لم تكتمل - بسبب مرض الطالبة ','2022-10-01 21:57:02'),(2820,5,NULL,NULL,9,30,'Foundation level','Class','2022-10-19 21:00:00',30,'','','Africa/Cairo',1,1,1,NULL,NULL,0,0,NULL,NULL,NULL,NULL,'2022-10-01 21:57:02'),(2821,5,NULL,NULL,9,30,'Foundation level','Class','2022-10-26 21:00:00',30,'','','Africa/Cairo',1,1,1,NULL,NULL,0,0,NULL,NULL,NULL,NULL,'2022-10-01 21:57:02'),(2822,5,NULL,NULL,9,30,'Foundation level','Class','2022-11-02 21:00:00',30,'','','Africa/Cairo',1,1,1,NULL,NULL,0,0,NULL,NULL,NULL,NULL,'2022-10-01 21:57:02'),(2823,5,NULL,NULL,9,30,'Foundation level','Class','2022-11-09 21:00:00',30,'','','Africa/Cairo',1,1,1,NULL,NULL,0,0,NULL,NULL,NULL,NULL,'2022-10-01 21:57:02'),(2824,5,NULL,NULL,9,30,'Foundation level','Class','2022-11-16 21:00:00',30,'','','Africa/Cairo',1,1,1,NULL,NULL,0,0,NULL,NULL,NULL,NULL,'2022-10-01 21:57:02'),(2825,5,NULL,NULL,9,30,'Foundation level','Class','2022-11-23 21:00:00',30,'','','Africa/Cairo',1,1,1,NULL,NULL,0,0,NULL,NULL,NULL,NULL,'2022-10-01 21:57:02'),(2826,5,NULL,NULL,9,30,'Foundation level','Class','2022-11-30 21:00:00',30,'','','Africa/Cairo',1,1,1,NULL,NULL,0,0,NULL,NULL,NULL,NULL,'2022-10-01 21:57:02'),(2827,5,NULL,NULL,9,30,'Foundation level','Class','2022-10-06 21:00:00',30,'','','Africa/Cairo',1,1,1,NULL,NULL,0,1,4,5,NULL,' ص 22 إلى حسن عملك ','2022-10-01 21:57:02'),(2828,5,NULL,NULL,9,30,'Foundation level','Class','2022-10-13 21:00:00',30,'','','Africa/Cairo',1,1,1,NULL,NULL,0,2,NULL,NULL,NULL,NULL,'2022-10-01 21:57:02'),(2829,5,NULL,NULL,9,30,'Foundation level','Class','2022-10-20 21:00:00',30,'','','Africa/Cairo',1,1,1,NULL,NULL,0,0,NULL,NULL,NULL,NULL,'2022-10-01 21:57:02'),(2830,5,NULL,NULL,9,30,'Foundation level','Class','2022-10-27 21:00:00',30,'','','Africa/Cairo',1,1,1,NULL,NULL,0,0,NULL,NULL,NULL,NULL,'2022-10-01 21:57:02'),(2831,5,NULL,NULL,9,30,'Foundation level','Class','2022-11-03 21:00:00',30,'','','Africa/Cairo',1,1,1,NULL,NULL,0,0,NULL,NULL,NULL,NULL,'2022-10-01 21:57:02'),(2832,5,NULL,NULL,9,30,'Foundation level','Class','2022-11-10 21:00:00',30,'','','Africa/Cairo',1,1,1,NULL,NULL,0,0,NULL,NULL,NULL,NULL,'2022-10-01 21:57:02'),(2833,5,NULL,NULL,9,30,'Foundation level','Class','2022-11-17 21:00:00',30,'','','Africa/Cairo',1,1,1,NULL,NULL,0,0,NULL,NULL,NULL,NULL,'2022-10-01 21:57:02'),(2834,5,NULL,NULL,9,30,'Foundation level','Class','2022-11-24 21:00:00',30,'','','Africa/Cairo',1,1,1,NULL,NULL,0,0,NULL,NULL,NULL,NULL,'2022-10-01 21:57:02'),(2835,5,NULL,NULL,9,30,'Foundation level','Class','2022-12-01 21:00:00',30,'','','Africa/Cairo',1,1,1,NULL,NULL,0,0,NULL,NULL,NULL,NULL,'2022-10-01 21:57:02'),(2836,4,NULL,NULL,9,38,'Qari program','Class','2022-10-03 22:00:00',60,'','','Africa/Cairo',1,1,1,NULL,NULL,0,3,NULL,NULL,NULL,NULL,'2022-10-01 21:57:20'),(2845,4,NULL,NULL,9,38,'Qari program','Class','2022-10-06 22:00:00',60,'','','Africa/Cairo',1,1,1,NULL,NULL,0,1,1,4,NULL,NULL,'2022-10-01 21:57:20'),(2853,3,NULL,NULL,9,22,'Foundation level','Class','2022-10-03 20:30:00',30,'','','Africa/Cairo',1,1,1,NULL,NULL,0,3,NULL,NULL,NULL,NULL,'2022-10-01 21:57:40'),(2854,3,NULL,NULL,9,22,'Foundation level','Class','2022-10-10 20:30:00',30,'','','Africa/Cairo',1,1,1,NULL,NULL,0,1,4,4,'----','المرسلات32:40','2022-10-01 21:57:40'),(2855,3,NULL,NULL,9,22,'Foundation level','Class','2022-10-17 20:30:00',30,'','','Africa/Cairo',1,1,1,NULL,NULL,0,0,NULL,NULL,NULL,NULL,'2022-10-01 21:57:40'),(2856,3,NULL,NULL,9,22,'Foundation level','Class','2022-10-24 20:30:00',30,'','','Africa/Cairo',1,1,1,NULL,NULL,0,0,NULL,NULL,NULL,NULL,'2022-10-01 21:57:40'),(2857,3,NULL,NULL,9,22,'Foundation level','Class','2022-10-31 20:30:00',30,'','','Africa/Cairo',1,1,1,NULL,NULL,0,0,NULL,NULL,NULL,NULL,'2022-10-01 21:57:40'),(2858,3,NULL,NULL,9,22,'Foundation level','Class','2022-11-07 20:30:00',30,'','','Africa/Cairo',1,1,1,NULL,NULL,0,0,NULL,NULL,NULL,NULL,'2022-10-01 21:57:40'),(2859,3,NULL,NULL,9,22,'Foundation level','Class','2022-11-14 20:30:00',30,'','','Africa/Cairo',1,1,1,NULL,NULL,0,0,NULL,NULL,NULL,NULL,'2022-10-01 21:57:40'),(2860,3,NULL,NULL,9,22,'Foundation level','Class','2022-11-21 20:30:00',30,'','','Africa/Cairo',1,1,1,NULL,NULL,0,0,NULL,NULL,NULL,NULL,'2022-10-01 21:57:40'),(2861,3,NULL,NULL,9,22,'Foundation level','Class','2022-11-28 20:30:00',30,'','','Africa/Cairo',1,1,1,NULL,NULL,0,0,NULL,NULL,NULL,NULL,'2022-10-01 21:57:40'),(2862,3,NULL,NULL,9,22,'Foundation level','Class','2022-10-04 20:30:00',30,'','','Africa/Cairo',1,1,1,NULL,NULL,0,1,4,5,'------',NULL,'2022-10-01 21:57:40'),(2863,3,NULL,NULL,9,22,'Foundation level','Class','2022-10-11 20:30:00',30,'','','Africa/Cairo',1,1,1,NULL,NULL,0,1,4,5,NULL,NULL,'2022-10-01 21:57:40'),(2864,3,NULL,NULL,9,22,'Foundation level','Class','2022-10-18 20:30:00',30,'','','Africa/Cairo',1,1,1,NULL,NULL,0,0,NULL,NULL,NULL,NULL,'2022-10-01 21:57:40'),(2865,3,NULL,NULL,9,22,'Foundation level','Class','2022-10-25 20:30:00',30,'','','Africa/Cairo',1,1,1,NULL,NULL,0,0,NULL,NULL,NULL,NULL,'2022-10-01 21:57:40'),(2866,3,NULL,NULL,9,22,'Foundation level','Class','2022-11-01 20:30:00',30,'','','Africa/Cairo',1,1,1,NULL,NULL,0,0,NULL,NULL,NULL,NULL,'2022-10-01 21:57:40'),(2867,3,NULL,NULL,9,22,'Foundation level','Class','2022-11-08 20:30:00',30,'','','Africa/Cairo',1,1,1,NULL,NULL,0,0,NULL,NULL,NULL,NULL,'2022-10-01 21:57:40'),(2868,3,NULL,NULL,9,22,'Foundation level','Class','2022-11-15 20:30:00',30,'','','Africa/Cairo',1,1,1,NULL,NULL,0,0,NULL,NULL,NULL,NULL,'2022-10-01 21:57:40'),(2869,3,NULL,NULL,9,22,'Foundation level','Class','2022-11-22 20:30:00',30,'','','Africa/Cairo',1,1,1,NULL,NULL,0,0,NULL,NULL,NULL,NULL,'2022-10-01 21:57:40'),(2870,3,NULL,NULL,9,22,'Foundation level','Class','2022-11-29 20:30:00',30,'','','Africa/Cairo',1,1,1,NULL,NULL,0,0,NULL,NULL,NULL,NULL,'2022-10-01 21:57:40'),(2871,3,NULL,NULL,9,22,'Foundation level','Class','2022-10-05 20:30:00',30,'','','Africa/Cairo',1,1,1,NULL,NULL,0,1,4,3,NULL,' ستتم اعادة المراجعة مرة اخرى غدا','2022-10-01 21:57:40'),(2872,3,NULL,NULL,9,22,'Foundation level','Class','2022-10-12 20:30:00',30,'','','Africa/Cairo',1,1,1,NULL,NULL,0,1,4,5,NULL,NULL,'2022-10-01 21:57:40'),(2873,3,NULL,NULL,9,22,'Foundation level','Class','2022-10-19 20:30:00',30,'','','Africa/Cairo',1,1,1,NULL,NULL,0,0,NULL,NULL,NULL,NULL,'2022-10-01 21:57:40'),(2874,3,NULL,NULL,9,22,'Foundation level','Class','2022-10-26 20:30:00',30,'','','Africa/Cairo',1,1,1,NULL,NULL,0,0,NULL,NULL,NULL,NULL,'2022-10-01 21:57:40'),(2875,3,NULL,NULL,9,22,'Foundation level','Class','2022-11-02 20:30:00',30,'','','Africa/Cairo',1,1,1,NULL,NULL,0,0,NULL,NULL,NULL,NULL,'2022-10-01 21:57:40'),(2876,3,NULL,NULL,9,22,'Foundation level','Class','2022-11-09 20:30:00',30,'','','Africa/Cairo',1,1,1,NULL,NULL,0,0,NULL,NULL,NULL,NULL,'2022-10-01 21:57:40'),(2877,3,NULL,NULL,9,22,'Foundation level','Class','2022-11-16 20:30:00',30,'','','Africa/Cairo',1,1,1,NULL,NULL,0,0,NULL,NULL,NULL,NULL,'2022-10-01 21:57:40'),(2878,3,NULL,NULL,9,22,'Foundation level','Class','2022-11-23 20:30:00',30,'','','Africa/Cairo',1,1,1,NULL,NULL,0,0,NULL,NULL,NULL,NULL,'2022-10-01 21:57:40'),(2879,3,NULL,NULL,9,22,'Foundation level','Class','2022-11-30 20:30:00',30,'','','Africa/Cairo',1,1,1,NULL,NULL,0,0,NULL,NULL,NULL,NULL,'2022-10-01 21:57:40'),(2880,3,NULL,NULL,9,22,'Foundation level','Class','2022-10-06 20:30:00',30,'','','Africa/Cairo',1,1,1,NULL,NULL,0,1,4,4,NULL,'6 ارباع من جزء عم ','2022-10-01 21:57:40'),(2881,3,NULL,NULL,9,22,'Foundation level','Class','2022-10-13 20:30:00',30,'','','Africa/Cairo',1,1,1,NULL,NULL,0,1,4,4,NULL,NULL,'2022-10-01 21:57:40'),(2882,3,NULL,NULL,9,22,'Foundation level','Class','2022-10-20 20:30:00',30,'','','Africa/Cairo',1,1,1,NULL,NULL,0,0,NULL,NULL,NULL,NULL,'2022-10-01 21:57:40'),(2883,3,NULL,NULL,9,22,'Foundation level','Class','2022-10-27 20:30:00',30,'','','Africa/Cairo',1,1,1,NULL,NULL,0,0,NULL,NULL,NULL,NULL,'2022-10-01 21:57:40'),(2884,3,NULL,NULL,9,22,'Foundation level','Class','2022-11-03 20:30:00',30,'','','Africa/Cairo',1,1,1,NULL,NULL,0,0,NULL,NULL,NULL,NULL,'2022-10-01 21:57:40'),(2885,3,NULL,NULL,9,22,'Foundation level','Class','2022-11-10 20:30:00',30,'','','Africa/Cairo',1,1,1,NULL,NULL,0,0,NULL,NULL,NULL,NULL,'2022-10-01 21:57:40'),(2886,3,NULL,NULL,9,22,'Foundation level','Class','2022-11-17 20:30:00',30,'','','Africa/Cairo',1,1,1,NULL,NULL,0,0,NULL,NULL,NULL,NULL,'2022-10-01 21:57:40'),(2887,3,NULL,NULL,9,22,'Foundation level','Class','2022-11-24 20:30:00',30,'','','Africa/Cairo',1,1,1,NULL,NULL,0,0,NULL,NULL,NULL,NULL,'2022-10-01 21:57:40'),(2888,3,NULL,NULL,9,22,'Foundation level','Class','2022-12-01 20:30:00',30,'','','Africa/Cairo',1,1,1,NULL,NULL,0,0,NULL,NULL,NULL,NULL,'2022-10-01 21:57:40'),(2889,3,NULL,NULL,9,22,'Foundation level','Class','2022-10-07 20:30:00',30,'','','Africa/Cairo',1,1,1,NULL,NULL,0,1,4,5,NULL,NULL,'2022-10-01 21:57:40'),(2890,3,NULL,NULL,9,22,'Foundation level','Class','2022-10-14 20:30:00',30,'','','Africa/Cairo',1,1,1,NULL,NULL,0,0,NULL,NULL,NULL,NULL,'2022-10-01 21:57:40'),(2891,3,NULL,NULL,9,22,'Foundation level','Class','2022-10-21 20:30:00',30,'','','Africa/Cairo',1,1,1,NULL,NULL,0,0,NULL,NULL,NULL,NULL,'2022-10-01 21:57:40'),(2892,3,NULL,NULL,9,22,'Foundation level','Class','2022-10-28 20:30:00',30,'','','Africa/Cairo',1,1,1,NULL,NULL,0,0,NULL,NULL,NULL,NULL,'2022-10-01 21:57:40'),(2893,3,NULL,NULL,9,22,'Foundation level','Class','2022-11-04 20:30:00',30,'','','Africa/Cairo',1,1,1,NULL,NULL,0,0,NULL,NULL,NULL,NULL,'2022-10-01 21:57:40'),(2894,3,NULL,NULL,9,22,'Foundation level','Class','2022-11-11 20:30:00',30,'','','Africa/Cairo',1,1,1,NULL,NULL,0,0,NULL,NULL,NULL,NULL,'2022-10-01 21:57:40'),(2895,3,NULL,NULL,9,22,'Foundation level','Class','2022-11-18 20:30:00',30,'','','Africa/Cairo',1,1,1,NULL,NULL,0,0,NULL,NULL,NULL,NULL,'2022-10-01 21:57:40'),(2896,3,NULL,NULL,9,22,'Foundation level','Class','2022-11-25 20:30:00',30,'','','Africa/Cairo',1,1,1,NULL,NULL,0,0,NULL,NULL,NULL,NULL,'2022-10-01 21:57:40'),(2897,NULL,NULL,NULL,10,104,'Foundation level','Class','2022-10-02 10:00:00',30,'','','Africa/Cairo',0,1,1,NULL,NULL,0,1,1,5,'ممارسة الحروف بالفتح',NULL,'2022-10-02 09:10:18'),(2898,35,NULL,NULL,5,114,'Foundation level','Class','2022-12-03 14:30:00',30,'','','Africa/Cairo',1,1,1,NULL,NULL,0,0,NULL,NULL,NULL,NULL,'2022-10-02 11:04:02'),(2899,37,NULL,NULL,5,36,'Intermediate arabic','Class','2022-12-03 15:30:00',30,'','','Africa/Cairo',1,1,1,NULL,NULL,0,0,NULL,NULL,NULL,NULL,'2022-10-02 11:04:42'),(2900,36,NULL,NULL,5,88,'Intermediate arabic','Class','2022-12-03 09:00:00',30,'','','Africa/Cairo',1,1,1,NULL,NULL,0,0,NULL,NULL,NULL,NULL,'2022-10-02 11:05:03'),(2901,38,NULL,NULL,5,82,'Intermediate arabic','Class','2022-12-03 16:00:00',45,'','','Africa/Cairo',1,1,1,NULL,NULL,0,0,NULL,NULL,NULL,NULL,'2022-10-02 11:05:58'),(2902,39,NULL,NULL,5,83,'Intermediate arabic','Class','2022-12-03 16:45:00',45,'','','Africa/Cairo',1,1,1,NULL,NULL,0,0,NULL,NULL,NULL,NULL,'2022-10-02 11:06:38'),(2903,47,NULL,NULL,5,18,'Foundation level','Class','2022-12-03 17:30:00',60,'','','Africa/Cairo',1,1,1,NULL,NULL,0,0,NULL,NULL,NULL,NULL,'2022-10-02 11:06:51'),(2904,42,NULL,NULL,5,45,'Tajweed basics','Class','2022-12-03 18:30:00',30,'','','Africa/Cairo',1,1,1,NULL,NULL,0,0,NULL,NULL,NULL,NULL,'2022-10-02 11:07:33'),(2905,43,NULL,NULL,5,46,'Tajweed basics','Class','2022-12-03 19:00:00',30,'','','Africa/Cairo',1,1,1,NULL,NULL,0,0,NULL,NULL,NULL,NULL,'2022-10-02 11:07:54'),(2906,105,NULL,NULL,19,136,'Tajweed basics','Class','2022-10-09 10:30:00',45,'','','Africa/Cairo',1,1,1,NULL,NULL,0,1,1,4,NULL,NULL,'2022-10-02 11:30:09'),(2907,105,NULL,NULL,19,136,'Tajweed basics','Class','2022-10-16 10:30:00',45,'','','Africa/Cairo',1,1,1,NULL,NULL,0,0,NULL,NULL,NULL,NULL,'2022-10-02 11:30:09'),(2908,105,NULL,NULL,19,136,'Tajweed basics','Class','2022-10-23 10:30:00',45,'','','Africa/Cairo',1,1,1,NULL,NULL,0,0,NULL,NULL,NULL,NULL,'2022-10-02 11:30:09'),(2909,105,NULL,NULL,19,136,'Tajweed basics','Class','2022-10-30 10:30:00',45,'','','Africa/Cairo',1,1,1,NULL,NULL,0,0,NULL,NULL,NULL,NULL,'2022-10-02 11:30:09'),(2910,105,NULL,NULL,19,136,'Tajweed basics','Class','2022-11-06 10:30:00',45,'','','Africa/Cairo',1,1,1,NULL,NULL,0,0,NULL,NULL,NULL,NULL,'2022-10-02 11:30:09'),(2911,105,NULL,NULL,19,136,'Tajweed basics','Class','2022-11-13 10:30:00',45,'','','Africa/Cairo',1,1,1,NULL,NULL,0,0,NULL,NULL,NULL,NULL,'2022-10-02 11:30:09'),(2912,105,NULL,NULL,19,136,'Tajweed basics','Class','2022-11-20 10:30:00',45,'','','Africa/Cairo',1,1,1,NULL,NULL,0,0,NULL,NULL,NULL,NULL,'2022-10-02 11:30:09'),(2913,105,NULL,NULL,19,136,'Tajweed basics','Class','2022-11-27 10:30:00',45,'','','Africa/Cairo',1,1,1,NULL,NULL,0,0,NULL,NULL,NULL,NULL,'2022-10-02 11:30:09'),(2914,105,NULL,NULL,19,136,'Tajweed basics','Class','2022-12-04 10:30:00',45,'','','Africa/Cairo',1,1,1,NULL,NULL,0,0,NULL,NULL,NULL,NULL,'2022-10-02 11:30:09'),(2915,105,NULL,NULL,19,136,'Tajweed basics','Class','2022-10-12 10:30:00',45,'','','Africa/Cairo',1,1,1,NULL,NULL,0,1,1,5,NULL,NULL,'2022-10-02 11:30:09'),(2916,105,NULL,NULL,19,136,'Tajweed basics','Class','2022-10-19 10:30:00',45,'','','Africa/Cairo',1,1,1,NULL,NULL,0,0,NULL,NULL,NULL,NULL,'2022-10-02 11:30:09'),(2917,105,NULL,NULL,19,136,'Tajweed basics','Class','2022-10-26 10:30:00',45,'','','Africa/Cairo',1,1,1,NULL,NULL,0,0,NULL,NULL,NULL,NULL,'2022-10-02 11:30:09'),(2918,105,NULL,NULL,19,136,'Tajweed basics','Class','2022-11-02 10:30:00',45,'','','Africa/Cairo',1,1,1,NULL,NULL,0,0,NULL,NULL,NULL,NULL,'2022-10-02 11:30:09'),(2919,105,NULL,NULL,19,136,'Tajweed basics','Class','2022-11-09 10:30:00',45,'','','Africa/Cairo',1,1,1,NULL,NULL,0,0,NULL,NULL,NULL,NULL,'2022-10-02 11:30:09'),(2920,105,NULL,NULL,19,136,'Tajweed basics','Class','2022-11-16 10:30:00',45,'','','Africa/Cairo',1,1,1,NULL,NULL,0,0,NULL,NULL,NULL,NULL,'2022-10-02 11:30:09'),(2921,105,NULL,NULL,19,136,'Tajweed basics','Class','2022-11-23 10:30:00',45,'','','Africa/Cairo',1,1,1,NULL,NULL,0,0,NULL,NULL,NULL,NULL,'2022-10-02 11:30:09'),(2922,105,NULL,NULL,19,136,'Tajweed basics','Class','2022-11-30 10:30:00',45,'','','Africa/Cairo',1,1,1,NULL,NULL,0,0,NULL,NULL,NULL,NULL,'2022-10-02 11:30:09'),(2923,105,NULL,NULL,19,136,'Tajweed basics','Class','2022-12-07 10:30:00',45,'','','Africa/Cairo',1,1,1,NULL,NULL,0,0,NULL,NULL,NULL,NULL,'2022-10-02 11:30:09'),(2924,106,NULL,NULL,9,134,'Foundation level','Class','2022-10-04 21:30:00',30,'','','Africa/Cairo',1,1,1,NULL,NULL,0,2,NULL,NULL,NULL,NULL,'2022-10-02 11:46:33'),(2933,106,107,NULL,9,134,'Foundation level','Class','2022-10-08 15:00:00',30,'','','Africa/Cairo',1,1,1,NULL,NULL,0,1,4,5,NULL,'الحروف ج ح خ','2022-10-02 11:46:33'),(2941,NULL,107,NULL,9,134,'Foundation level','Class','2022-10-02 12:00:00',30,'','','Africa/Cairo',1,1,1,NULL,NULL,1,1,4,5,NULL,'الحروف ب ت ث ','2022-10-02 11:47:21'),(2942,107,NULL,NULL,9,135,'Tajweed basics','Class','2022-10-05 11:00:00',60,'','','Africa/Cairo',1,1,1,NULL,NULL,0,1,4,4,NULL,'الحروف المتشابهة نطقا و كتابة - الحروف المفخخة - الحروف الحلقية - تصحيح الفاتحة','2022-10-02 12:17:13'),(2943,107,NULL,NULL,9,135,'Tajweed basics','Class','2022-10-12 11:00:00',30,'','','Africa/Cairo',1,1,1,NULL,NULL,0,1,1,5,NULL,'ماهو التجويد -فرض كفاية/عين - اللحن - انواع اللحن - الاستعاذة والبسملة  - البسملة بين السورتين ','2022-10-02 12:17:13'),(2951,NULL,115,NULL,8,132,'Tajweed basics','Class','2022-10-02 20:30:00',30,'','','Africa/Cairo',1,1,1,NULL,NULL,1,1,NULL,NULL,NULL,NULL,'2022-10-02 12:23:08'),(2952,108,115,NULL,8,132,'Tajweed basics','Class','2022-10-09 20:00:00',45,'','','Africa/Cairo',1,1,1,NULL,NULL,1,7,NULL,NULL,NULL,NULL,'2022-10-02 12:25:08'),(2953,108,115,NULL,8,132,'Tajweed basics','Class','2022-10-16 20:00:00',45,'','','Africa/Cairo',1,1,1,NULL,NULL,0,0,NULL,NULL,NULL,NULL,'2022-10-02 12:25:08'),(2954,108,115,NULL,8,132,'Tajweed basics','Class','2022-10-23 20:00:00',45,'','','Africa/Cairo',1,1,1,NULL,NULL,0,0,NULL,NULL,NULL,NULL,'2022-10-02 12:25:08'),(2955,108,115,NULL,8,132,'Tajweed basics','Class','2022-10-30 20:00:00',45,'','','Africa/Cairo',1,1,1,NULL,NULL,0,0,NULL,NULL,NULL,NULL,'2022-10-02 12:25:08'),(2956,108,NULL,NULL,8,132,'Tajweed basics','Class','2022-11-06 20:00:00',45,'','','Africa/Cairo',1,1,1,NULL,NULL,0,0,NULL,NULL,NULL,NULL,'2022-10-02 12:25:08'),(2957,108,NULL,NULL,8,132,'Tajweed basics','Class','2022-11-13 20:00:00',45,'','','Africa/Cairo',1,1,1,NULL,NULL,0,0,NULL,NULL,NULL,NULL,'2022-10-02 12:25:08'),(2958,108,NULL,NULL,8,132,'Tajweed basics','Class','2022-11-20 20:00:00',45,'','','Africa/Cairo',1,1,1,NULL,NULL,0,0,NULL,NULL,NULL,NULL,'2022-10-02 12:25:08'),(2959,108,NULL,NULL,8,132,'Tajweed basics','Class','2022-11-27 20:00:00',45,'','','Africa/Cairo',1,1,1,NULL,NULL,0,0,NULL,NULL,NULL,NULL,'2022-10-02 12:25:08'),(2960,108,NULL,NULL,8,132,'Tajweed basics','Class','2022-12-04 20:00:00',45,'','','Africa/Cairo',1,1,1,NULL,NULL,0,0,NULL,NULL,NULL,NULL,'2022-10-02 12:25:08'),(2962,108,115,NULL,8,132,'Tajweed basics','Class','2022-10-11 21:45:00',45,'','','Africa/Cairo',1,1,1,NULL,NULL,0,1,4,4,'Reading ',NULL,'2022-10-02 12:25:08'),(2963,108,115,NULL,8,132,'Tajweed basics','Class','2022-10-18 21:45:00',45,'','','Africa/Cairo',1,1,1,NULL,NULL,0,0,NULL,NULL,NULL,NULL,'2022-10-02 12:25:08'),(2964,108,115,NULL,8,132,'Tajweed basics','Class','2022-10-25 21:45:00',45,'','','Africa/Cairo',1,1,1,NULL,NULL,0,0,NULL,NULL,NULL,NULL,'2022-10-02 12:25:08'),(2965,108,NULL,NULL,8,132,'Tajweed basics','Class','2022-11-01 21:45:00',45,'','','Africa/Cairo',1,1,1,NULL,NULL,0,0,NULL,NULL,NULL,NULL,'2022-10-02 12:25:08'),(2966,108,NULL,NULL,8,132,'Tajweed basics','Class','2022-11-08 21:45:00',45,'','','Africa/Cairo',1,1,1,NULL,NULL,0,0,NULL,NULL,NULL,NULL,'2022-10-02 12:25:08'),(2967,108,NULL,NULL,8,132,'Tajweed basics','Class','2022-11-15 21:45:00',45,'','','Africa/Cairo',1,1,1,NULL,NULL,0,0,NULL,NULL,NULL,NULL,'2022-10-02 12:25:08'),(2968,108,NULL,NULL,8,132,'Tajweed basics','Class','2022-11-22 21:45:00',45,'','','Africa/Cairo',1,1,1,NULL,NULL,0,0,NULL,NULL,NULL,NULL,'2022-10-02 12:25:08'),(2969,108,NULL,NULL,8,132,'Tajweed basics','Class','2022-11-29 21:45:00',45,'','','Africa/Cairo',1,1,1,NULL,NULL,0,0,NULL,NULL,NULL,NULL,'2022-10-02 12:25:08'),(2970,8,NULL,NULL,19,120,'Ljazah program','Class','2022-12-03 11:30:00',60,'','','Africa/Cairo',1,1,1,NULL,NULL,0,0,NULL,NULL,NULL,NULL,'2022-10-02 12:49:26'),(2971,8,NULL,NULL,19,120,'Ljazah program','Class','2022-12-04 11:30:00',60,'','','Africa/Cairo',1,1,1,NULL,NULL,0,0,NULL,NULL,NULL,NULL,'2022-10-02 12:50:07'),(2972,35,NULL,NULL,5,114,'Foundation level','Class','2022-12-04 14:30:00',30,'','','Africa/Cairo',1,1,1,NULL,NULL,0,0,NULL,NULL,NULL,NULL,'2022-10-02 15:29:12'),(2973,37,NULL,NULL,5,36,'Intermediate arabic','Class','2022-12-04 15:30:00',30,'','','Africa/Cairo',1,1,1,NULL,NULL,0,0,NULL,NULL,NULL,NULL,'2022-10-02 16:04:44'),(2974,13,NULL,NULL,4,41,'Intermediate arabic','Class','2022-12-08 16:30:00',60,'','','Africa/Cairo',1,1,1,NULL,NULL,0,0,NULL,NULL,NULL,NULL,'2022-10-02 16:13:53'),(2975,101,NULL,NULL,4,24,'Pre-reading level','Class','2022-12-04 16:00:00',45,'','','Africa/Cairo',1,1,1,NULL,NULL,0,0,NULL,NULL,NULL,NULL,'2022-10-02 16:15:17'),(2976,38,NULL,NULL,5,82,'Intermediate arabic','Class','2022-12-04 16:00:00',45,'','','Africa/Cairo',1,1,1,NULL,NULL,0,0,NULL,NULL,NULL,NULL,'2022-10-02 17:22:05'),(2977,39,NULL,NULL,5,83,'Intermediate arabic','Class','2022-12-04 16:45:00',45,'','','Africa/Cairo',1,1,1,NULL,NULL,0,0,NULL,NULL,NULL,NULL,'2022-10-02 17:23:00'),(2978,40,NULL,NULL,5,70,'Intermediate arabic','Class','2022-12-04 17:30:00',30,'','','Africa/Cairo',1,1,1,NULL,NULL,0,0,NULL,NULL,NULL,NULL,'2022-10-02 17:40:17'),(2979,102,NULL,NULL,4,25,'Pre-reading level','Class','2022-12-04 16:45:00',45,'','','Africa/Cairo',1,1,1,NULL,NULL,0,0,NULL,NULL,NULL,NULL,'2022-10-02 17:52:24'),(2980,103,NULL,NULL,4,26,'Foundation level','Class','2022-12-04 17:30:00',30,'','','Africa/Cairo',1,1,1,NULL,NULL,0,0,NULL,NULL,NULL,NULL,'2022-10-02 17:54:45'),(2981,41,NULL,NULL,5,72,'Intermediate arabic','Class','2022-12-04 18:00:00',30,'','','Africa/Cairo',1,1,1,NULL,NULL,0,0,NULL,NULL,NULL,NULL,'2022-10-02 18:20:43'),(2982,42,NULL,NULL,5,45,'Tajweed basics','Class','2022-12-04 18:30:00',30,'','','Africa/Cairo',1,1,1,NULL,NULL,0,0,NULL,NULL,NULL,NULL,'2022-10-02 19:04:39'),(2983,43,NULL,NULL,5,46,'Tajweed basics','Class','2022-12-04 19:00:00',30,'','','Africa/Cairo',1,1,1,NULL,NULL,0,0,NULL,NULL,NULL,NULL,'2022-10-02 19:05:29'),(2984,94,NULL,NULL,7,31,'Intermediate','Class','2022-12-02 22:15:00',30,'','','Africa/Cairo',1,1,1,NULL,NULL,0,0,NULL,NULL,NULL,NULL,'2022-10-02 21:18:08'),(2985,24,NULL,NULL,7,63,'Tajweed basics','Class','2022-12-03 06:30:00',60,'','','Africa/Cairo',1,1,1,NULL,NULL,0,0,NULL,NULL,NULL,NULL,'2022-10-02 21:20:18'),(2986,28,NULL,NULL,7,23,'Tajweed basics','Class','2022-12-04 20:30:00',60,'','','Africa/Cairo',1,1,1,NULL,NULL,0,0,NULL,NULL,NULL,NULL,'2022-10-02 21:22:39'),(2987,19,NULL,NULL,10,104,'Foundation level','Class','2022-12-05 21:00:00',30,'','','Africa/Cairo',1,1,1,NULL,NULL,0,0,NULL,NULL,NULL,NULL,'2022-10-03 21:29:55'),(2988,51,NULL,NULL,11,65,'Basic arabic','Class','2022-12-03 18:00:00',60,'','','Africa/Cairo',1,1,1,NULL,NULL,0,0,NULL,NULL,NULL,NULL,'2022-10-03 22:17:58'),(2989,52,NULL,NULL,11,64,'Basic arabic','Class','2022-12-03 19:00:00',60,'','','Africa/Cairo',1,1,1,NULL,NULL,0,0,NULL,NULL,NULL,NULL,'2022-10-03 22:19:16'),(2990,93,NULL,NULL,11,53,'Foundation level','Class','2022-12-05 20:30:00',30,'','','Africa/Cairo',1,1,1,NULL,NULL,0,0,NULL,NULL,NULL,NULL,'2022-10-03 22:21:21'),(2991,50,NULL,NULL,11,126,'Foundation level','Class','2022-12-04 21:30:00',30,'','','Africa/Cairo',1,1,1,NULL,NULL,0,0,NULL,NULL,NULL,NULL,'2022-10-03 22:22:05'),(2992,67,NULL,NULL,8,129,'Basic arabic','Class','2022-12-03 11:00:00',90,'','','Africa/Cairo',1,1,1,NULL,NULL,0,0,NULL,NULL,NULL,NULL,'2022-10-04 10:13:07'),(2993,57,NULL,NULL,8,8,'Tajweed basics','Class','2022-12-04 15:15:00',45,'','','Africa/Cairo',1,1,1,NULL,NULL,0,0,NULL,NULL,NULL,NULL,'2022-10-04 10:14:04'),(2994,59,NULL,NULL,8,85,'Tajweed basics','Class','2022-12-04 22:00:00',45,'','','Africa/Cairo',1,1,1,NULL,NULL,0,0,NULL,NULL,NULL,NULL,'2022-10-04 10:14:33'),(2995,98,NULL,NULL,8,133,'Pre-reading level','Class','2022-12-02 12:00:00',45,'','','Africa/Cairo',1,1,1,NULL,NULL,0,0,NULL,NULL,NULL,NULL,'2022-10-04 10:15:31'),(2996,64,NULL,NULL,8,127,'Intermediate','Class','2022-12-05 22:30:00',60,'','','Africa/Cairo',1,1,1,NULL,NULL,0,0,NULL,NULL,NULL,NULL,'2022-10-04 10:16:35'),(2998,5,NULL,NULL,9,30,'Foundation level','Class','2022-12-05 21:00:00',30,'','','Africa/Cairo',1,1,1,NULL,NULL,0,0,NULL,NULL,NULL,NULL,'2022-10-04 17:19:16'),(2999,6,NULL,NULL,9,91,'Foundation level','Class','2022-12-05 17:30:00',30,'','','Africa/Cairo',1,1,1,NULL,NULL,0,0,NULL,NULL,NULL,NULL,'2022-10-04 20:23:04'),(3000,3,NULL,NULL,9,22,'Foundation level','Class','2022-12-02 20:30:00',30,'','','Africa/Cairo',1,1,1,NULL,NULL,0,0,NULL,NULL,NULL,NULL,'2022-10-04 20:24:53'),(3001,6,NULL,NULL,9,91,'Foundation level','Class','2022-12-06 17:30:00',30,'','','Africa/Cairo',1,1,1,NULL,NULL,0,0,NULL,NULL,NULL,NULL,'2022-10-04 20:25:18'),(3002,3,NULL,NULL,9,22,'Foundation level','Class','2022-12-05 20:30:00',30,'','','Africa/Cairo',1,1,1,NULL,NULL,0,0,NULL,NULL,NULL,NULL,'2022-10-04 20:44:01'),(3004,5,NULL,NULL,9,30,'Foundation level','Class','2022-12-06 21:00:00',30,'','','Africa/Cairo',1,1,1,NULL,NULL,0,0,NULL,NULL,NULL,NULL,'2022-10-04 21:32:27'),(3005,109,NULL,NULL,4,28,'Foundation level','Class','2022-10-09 14:00:00',30,'','','Africa/Cairo',1,0,1,NULL,NULL,0,1,4,3,NULL,NULL,'2022-10-05 09:53:33'),(3006,109,NULL,NULL,4,28,'Foundation level','Class','2022-10-16 14:00:00',30,'','','Africa/Cairo',1,1,1,NULL,NULL,0,0,NULL,NULL,NULL,NULL,'2022-10-05 09:53:33'),(3007,109,NULL,NULL,4,28,'Foundation level','Class','2022-10-23 14:00:00',30,'','','Africa/Cairo',1,1,1,NULL,NULL,0,0,NULL,NULL,NULL,NULL,'2022-10-05 09:53:33'),(3008,109,NULL,NULL,4,28,'Foundation level','Class','2022-10-30 14:00:00',30,'','','Africa/Cairo',1,1,1,NULL,NULL,0,0,NULL,NULL,NULL,NULL,'2022-10-05 09:53:33'),(3009,109,NULL,NULL,4,28,'Foundation level','Class','2022-11-06 14:00:00',30,'','','Africa/Cairo',1,1,1,NULL,NULL,0,0,NULL,NULL,NULL,NULL,'2022-10-05 09:53:33'),(3010,109,NULL,NULL,4,28,'Foundation level','Class','2022-11-13 14:00:00',30,'','','Africa/Cairo',1,1,1,NULL,NULL,0,0,NULL,NULL,NULL,NULL,'2022-10-05 09:53:33'),(3011,109,NULL,NULL,4,28,'Foundation level','Class','2022-11-20 14:00:00',30,'','','Africa/Cairo',1,1,1,NULL,NULL,0,0,NULL,NULL,NULL,NULL,'2022-10-05 09:53:33'),(3012,109,NULL,NULL,4,28,'Foundation level','Class','2022-11-27 14:00:00',30,'','','Africa/Cairo',1,1,1,NULL,NULL,0,0,NULL,NULL,NULL,NULL,'2022-10-05 09:53:33'),(3013,109,NULL,NULL,4,28,'Foundation level','Class','2022-12-04 14:00:00',30,'','','Africa/Cairo',1,1,1,NULL,NULL,0,0,NULL,NULL,NULL,NULL,'2022-10-05 09:53:33'),(3014,109,NULL,NULL,4,28,'Foundation level','Class','2022-10-12 22:00:00',30,'','','Africa/Cairo',1,1,1,NULL,NULL,0,2,NULL,NULL,NULL,NULL,'2022-10-05 09:53:33'),(3015,109,NULL,NULL,4,28,'Foundation level','Class','2022-10-19 22:00:00',30,'','','Africa/Cairo',1,1,1,NULL,NULL,0,0,NULL,NULL,NULL,NULL,'2022-10-05 09:53:33'),(3016,109,NULL,NULL,4,28,'Foundation level','Class','2022-10-26 22:00:00',30,'','','Africa/Cairo',1,1,1,NULL,NULL,0,0,NULL,NULL,NULL,NULL,'2022-10-05 09:53:33'),(3017,109,NULL,NULL,4,28,'Foundation level','Class','2022-11-02 22:00:00',30,'','','Africa/Cairo',1,1,1,NULL,NULL,0,0,NULL,NULL,NULL,NULL,'2022-10-05 09:53:33'),(3018,109,NULL,NULL,4,28,'Foundation level','Class','2022-11-09 22:00:00',30,'','','Africa/Cairo',1,1,1,NULL,NULL,0,0,NULL,NULL,NULL,NULL,'2022-10-05 09:53:33'),(3019,109,NULL,NULL,4,28,'Foundation level','Class','2022-11-16 22:00:00',30,'','','Africa/Cairo',1,1,1,NULL,NULL,0,0,NULL,NULL,NULL,NULL,'2022-10-05 09:53:33'),(3020,109,NULL,NULL,4,28,'Foundation level','Class','2022-11-23 22:00:00',30,'','','Africa/Cairo',1,1,1,NULL,NULL,0,0,NULL,NULL,NULL,NULL,'2022-10-05 09:53:33'),(3021,109,NULL,NULL,4,28,'Foundation level','Class','2022-11-30 22:00:00',30,'','','Africa/Cairo',1,1,1,NULL,NULL,0,0,NULL,NULL,NULL,NULL,'2022-10-05 09:53:33'),(3022,109,NULL,NULL,4,28,'Foundation level','Class','2022-12-07 22:00:00',30,'','','Africa/Cairo',1,1,1,NULL,NULL,0,0,NULL,NULL,NULL,NULL,'2022-10-05 09:53:33'),(3023,109,NULL,NULL,4,28,'Foundation level','Class','2022-10-13 22:00:00',30,'','','Africa/Cairo',1,1,1,NULL,NULL,0,1,4,2,'Practicing more with listening ',NULL,'2022-10-05 09:53:33'),(3024,109,NULL,NULL,4,28,'Foundation level','Class','2022-10-20 22:00:00',30,'','','Africa/Cairo',1,1,1,NULL,NULL,0,0,NULL,NULL,NULL,NULL,'2022-10-05 09:53:33'),(3025,109,NULL,NULL,4,28,'Foundation level','Class','2022-10-27 22:00:00',30,'','','Africa/Cairo',1,1,1,NULL,NULL,0,0,NULL,NULL,NULL,NULL,'2022-10-05 09:53:33'),(3026,109,NULL,NULL,4,28,'Foundation level','Class','2022-11-03 22:00:00',30,'','','Africa/Cairo',1,1,1,NULL,NULL,0,0,NULL,NULL,NULL,NULL,'2022-10-05 09:53:33'),(3027,109,NULL,NULL,4,28,'Foundation level','Class','2022-11-10 22:00:00',30,'','','Africa/Cairo',1,1,1,NULL,NULL,0,0,NULL,NULL,NULL,NULL,'2022-10-05 09:53:33'),(3028,109,NULL,NULL,4,28,'Foundation level','Class','2022-11-17 22:00:00',30,'','','Africa/Cairo',1,1,1,NULL,NULL,0,0,NULL,NULL,NULL,NULL,'2022-10-05 09:53:33'),(3029,109,NULL,NULL,4,28,'Foundation level','Class','2022-11-24 22:00:00',30,'','','Africa/Cairo',1,1,1,NULL,NULL,0,0,NULL,NULL,NULL,NULL,'2022-10-05 09:53:33'),(3030,109,NULL,NULL,4,28,'Foundation level','Class','2022-12-01 22:00:00',30,'','','Africa/Cairo',1,1,1,NULL,NULL,0,0,NULL,NULL,NULL,NULL,'2022-10-05 09:53:33'),(3031,109,NULL,NULL,4,28,'Foundation level','Class','2022-12-08 22:00:00',30,'','','Africa/Cairo',1,1,1,NULL,NULL,0,0,NULL,NULL,NULL,NULL,'2022-10-05 09:53:33'),(3032,110,NULL,NULL,4,27,'Tajweed basics','Class','2022-10-09 14:30:00',30,'','','Africa/Cairo',1,0,1,NULL,NULL,0,1,4,3,NULL,NULL,'2022-10-05 09:54:10'),(3033,110,NULL,NULL,4,27,'Tajweed basics','Class','2022-10-16 14:30:00',30,'','','Africa/Cairo',1,1,1,NULL,NULL,0,0,NULL,NULL,NULL,NULL,'2022-10-05 09:54:10'),(3034,110,NULL,NULL,4,27,'Tajweed basics','Class','2022-10-23 14:30:00',30,'','','Africa/Cairo',1,1,1,NULL,NULL,0,0,NULL,NULL,NULL,NULL,'2022-10-05 09:54:10'),(3035,110,NULL,NULL,4,27,'Tajweed basics','Class','2022-10-30 14:30:00',30,'','','Africa/Cairo',1,1,1,NULL,NULL,0,0,NULL,NULL,NULL,NULL,'2022-10-05 09:54:10'),(3036,110,NULL,NULL,4,27,'Tajweed basics','Class','2022-11-06 14:30:00',30,'','','Africa/Cairo',1,1,1,NULL,NULL,0,0,NULL,NULL,NULL,NULL,'2022-10-05 09:54:10'),(3037,110,NULL,NULL,4,27,'Tajweed basics','Class','2022-11-13 14:30:00',30,'','','Africa/Cairo',1,1,1,NULL,NULL,0,0,NULL,NULL,NULL,NULL,'2022-10-05 09:54:10'),(3038,110,NULL,NULL,4,27,'Tajweed basics','Class','2022-11-20 14:30:00',30,'','','Africa/Cairo',1,1,1,NULL,NULL,0,0,NULL,NULL,NULL,NULL,'2022-10-05 09:54:10'),(3039,110,NULL,NULL,4,27,'Tajweed basics','Class','2022-11-27 14:30:00',30,'','','Africa/Cairo',1,1,1,NULL,NULL,0,0,NULL,NULL,NULL,NULL,'2022-10-05 09:54:10'),(3040,110,NULL,NULL,4,27,'Tajweed basics','Class','2022-12-04 14:30:00',30,'','','Africa/Cairo',1,1,1,NULL,NULL,0,0,NULL,NULL,NULL,NULL,'2022-10-05 09:54:10'),(3041,110,NULL,NULL,4,27,'Tajweed basics','Class','2022-10-12 22:30:00',30,'','','Africa/Cairo',1,1,1,NULL,NULL,0,2,NULL,NULL,NULL,NULL,'2022-10-05 09:54:10'),(3042,110,NULL,NULL,4,27,'Tajweed basics','Class','2022-10-19 22:30:00',30,'','','Africa/Cairo',1,1,1,NULL,NULL,0,0,NULL,NULL,NULL,NULL,'2022-10-05 09:54:10'),(3043,110,NULL,NULL,4,27,'Tajweed basics','Class','2022-10-26 22:30:00',30,'','','Africa/Cairo',1,1,1,NULL,NULL,0,0,NULL,NULL,NULL,NULL,'2022-10-05 09:54:10'),(3044,110,NULL,NULL,4,27,'Tajweed basics','Class','2022-11-02 22:30:00',30,'','','Africa/Cairo',1,1,1,NULL,NULL,0,0,NULL,NULL,NULL,NULL,'2022-10-05 09:54:10'),(3045,110,NULL,NULL,4,27,'Tajweed basics','Class','2022-11-09 22:30:00',30,'','','Africa/Cairo',1,1,1,NULL,NULL,0,0,NULL,NULL,NULL,NULL,'2022-10-05 09:54:10'),(3046,110,NULL,NULL,4,27,'Tajweed basics','Class','2022-11-16 22:30:00',30,'','','Africa/Cairo',1,1,1,NULL,NULL,0,0,NULL,NULL,NULL,NULL,'2022-10-05 09:54:10'),(3047,110,NULL,NULL,4,27,'Tajweed basics','Class','2022-11-23 22:30:00',30,'','','Africa/Cairo',1,1,1,NULL,NULL,0,0,NULL,NULL,NULL,NULL,'2022-10-05 09:54:10'),(3048,110,NULL,NULL,4,27,'Tajweed basics','Class','2022-11-30 22:30:00',30,'','','Africa/Cairo',1,1,1,NULL,NULL,0,0,NULL,NULL,NULL,NULL,'2022-10-05 09:54:10'),(3049,110,NULL,NULL,4,27,'Tajweed basics','Class','2022-12-07 22:30:00',30,'','','Africa/Cairo',1,1,1,NULL,NULL,0,0,NULL,NULL,NULL,NULL,'2022-10-05 09:54:10'),(3050,110,NULL,NULL,4,27,'Tajweed basics','Class','2022-10-13 22:30:00',30,'','','Africa/Cairo',1,1,1,NULL,NULL,0,1,4,3,'Practicing with listening to Al-Hosary ',NULL,'2022-10-05 09:54:10'),(3051,110,NULL,NULL,4,27,'Tajweed basics','Class','2022-10-20 22:30:00',30,'','','Africa/Cairo',1,1,1,NULL,NULL,0,0,NULL,NULL,NULL,NULL,'2022-10-05 09:54:10'),(3052,110,NULL,NULL,4,27,'Tajweed basics','Class','2022-10-27 22:30:00',30,'','','Africa/Cairo',1,1,1,NULL,NULL,0,0,NULL,NULL,NULL,NULL,'2022-10-05 09:54:10'),(3053,110,NULL,NULL,4,27,'Tajweed basics','Class','2022-11-03 22:30:00',30,'','','Africa/Cairo',1,1,1,NULL,NULL,0,0,NULL,NULL,NULL,NULL,'2022-10-05 09:54:10'),(3054,110,NULL,NULL,4,27,'Tajweed basics','Class','2022-11-10 22:30:00',30,'','','Africa/Cairo',1,1,1,NULL,NULL,0,0,NULL,NULL,NULL,NULL,'2022-10-05 09:54:10'),(3055,110,NULL,NULL,4,27,'Tajweed basics','Class','2022-11-17 22:30:00',30,'','','Africa/Cairo',1,1,1,NULL,NULL,0,0,NULL,NULL,NULL,NULL,'2022-10-05 09:54:10'),(3056,110,NULL,NULL,4,27,'Tajweed basics','Class','2022-11-24 22:30:00',30,'','','Africa/Cairo',1,1,1,NULL,NULL,0,0,NULL,NULL,NULL,NULL,'2022-10-05 09:54:10'),(3057,110,NULL,NULL,4,27,'Tajweed basics','Class','2022-12-01 22:30:00',30,'','','Africa/Cairo',1,1,1,NULL,NULL,0,0,NULL,NULL,NULL,NULL,'2022-10-05 09:54:10'),(3058,110,NULL,NULL,4,27,'Tajweed basics','Class','2022-12-08 22:30:00',30,'','','Africa/Cairo',1,1,1,NULL,NULL,0,0,NULL,NULL,NULL,NULL,'2022-10-05 09:54:10'),(3059,NULL,NULL,NULL,19,120,'Qari program','Class','2022-10-05 10:00:00',60,'','','Africa/Cairo',1,1,1,NULL,NULL,0,1,1,5,NULL,NULL,'2022-10-05 09:55:29'),(3061,8,NULL,NULL,19,120,'Ljazah program','Class','2022-12-07 11:30:00',60,'','','Africa/Cairo',1,1,1,NULL,NULL,0,0,NULL,NULL,NULL,NULL,'2022-10-05 11:37:12'),(3062,6,NULL,NULL,9,91,'Foundation level','Class','2022-12-07 17:30:00',30,'','','Africa/Cairo',1,1,1,NULL,NULL,0,0,NULL,NULL,NULL,NULL,'2022-10-05 18:02:06'),(3063,3,NULL,NULL,9,22,'Foundation level','Class','2022-12-06 20:30:00',30,'','','Africa/Cairo',1,1,1,NULL,NULL,0,0,NULL,NULL,NULL,NULL,'2022-10-05 21:00:54'),(3064,19,NULL,NULL,10,104,'Foundation level','Class','2022-12-07 21:00:00',30,'','','Africa/Cairo',1,1,1,NULL,NULL,0,0,NULL,NULL,NULL,NULL,'2022-10-05 21:22:53'),(3065,5,NULL,NULL,9,30,'Foundation level','Class','2022-12-07 21:00:00',30,'','','Africa/Cairo',1,1,1,NULL,NULL,0,0,NULL,NULL,NULL,NULL,'2022-10-05 21:33:10'),(3066,94,NULL,NULL,7,31,'Intermediate','Class','2022-12-05 22:15:00',30,'','','Africa/Cairo',1,1,1,NULL,NULL,0,0,NULL,NULL,NULL,NULL,'2022-10-05 23:10:20'),(3067,57,NULL,NULL,8,8,'Tajweed basics','Class','2022-12-06 15:15:00',45,'','','Africa/Cairo',1,1,1,NULL,NULL,0,0,NULL,NULL,NULL,NULL,'2022-10-05 23:11:49'),(3068,58,NULL,NULL,8,122,'Tajweed basics','Class','2022-12-01 21:30:00',30,'','','Africa/Cairo',1,1,1,NULL,NULL,0,0,NULL,NULL,NULL,NULL,'2022-10-05 23:12:41'),(3069,59,NULL,NULL,8,85,'Tajweed basics','Class','2022-12-06 22:00:00',45,'','','Africa/Cairo',1,1,1,NULL,NULL,0,0,NULL,NULL,NULL,NULL,'2022-10-05 23:13:22'),(3070,98,NULL,NULL,8,133,'Pre-reading level','Class','2022-12-05 15:15:00',45,'','','Africa/Cairo',1,1,1,NULL,NULL,0,0,NULL,NULL,NULL,NULL,'2022-10-05 23:15:17'),(3071,64,NULL,NULL,8,127,'Intermediate','Class','2022-12-07 22:30:00',60,'','','Africa/Cairo',1,1,1,NULL,NULL,0,0,NULL,NULL,NULL,NULL,'2022-10-05 23:16:11'),(3072,94,NULL,NULL,7,31,'Intermediate','Class','2022-12-07 22:15:00',30,'','','Africa/Cairo',1,1,1,NULL,NULL,0,0,NULL,NULL,NULL,NULL,'2022-10-05 23:17:06'),(3073,3,NULL,NULL,9,22,'Foundation level','Class','2022-12-07 20:30:00',30,'','','Africa/Cairo',1,1,1,NULL,NULL,0,0,NULL,NULL,NULL,NULL,'2022-10-06 20:36:08'),(3074,5,NULL,NULL,9,30,'Foundation level','Class','2022-12-08 21:00:00',30,'','','Africa/Cairo',1,1,1,NULL,NULL,0,0,NULL,NULL,NULL,NULL,'2022-10-06 21:31:08'),(3076,36,NULL,NULL,5,88,'Intermediate arabic','Class','2022-12-06 17:00:00',30,'','','Africa/Cairo',1,1,1,NULL,NULL,0,0,NULL,NULL,NULL,NULL,'2022-10-07 09:13:33'),(3077,47,NULL,NULL,5,18,'Foundation level','Class','2022-12-07 15:00:00',60,'','','Africa/Cairo',1,1,1,NULL,NULL,0,0,NULL,NULL,NULL,NULL,'2022-10-07 09:15:17'),(3079,97,NULL,NULL,11,59,'Pre-reading level','Class','2022-12-08 21:00:00',45,'','','Africa/Cairo',1,1,1,NULL,NULL,0,0,NULL,NULL,NULL,NULL,'2022-10-07 15:09:15'),(3080,93,NULL,NULL,11,53,'Foundation level','Class','2022-12-08 20:30:00',30,'','','Africa/Cairo',1,1,1,NULL,NULL,0,0,NULL,NULL,NULL,NULL,'2022-10-07 15:10:20'),(3081,32,NULL,NULL,11,32,'Pre-reading level','Class','2022-12-08 11:00:00',60,'','','Africa/Cairo',1,1,1,NULL,NULL,0,0,NULL,NULL,NULL,NULL,'2022-10-07 15:11:04'),(3082,3,NULL,NULL,9,22,'Foundation level','Class','2022-12-08 20:30:00',30,'','','Africa/Cairo',1,1,1,NULL,NULL,0,0,NULL,NULL,NULL,NULL,'2022-10-07 21:03:18'),(3083,30,NULL,NULL,11,102,'Intermediate arabic','Class','2022-12-07 18:00:00',30,'','','Africa/Cairo',1,1,1,NULL,NULL,0,0,NULL,NULL,NULL,NULL,'2022-10-08 00:06:06'),(3084,50,NULL,NULL,11,126,'Foundation level','Class','2022-12-07 21:30:00',30,'','','Africa/Cairo',1,1,1,NULL,NULL,0,0,NULL,NULL,NULL,NULL,'2022-10-08 00:07:17'),(3085,9,NULL,NULL,2,44,'Tajweed basics','Class','2022-10-30 18:00:00',60,'','','Africa/Cairo',1,1,1,NULL,NULL,0,0,NULL,NULL,NULL,NULL,'2022-10-08 09:05:59'),(3104,36,NULL,NULL,5,88,'Intermediate arabic','Class','2022-12-10 09:00:00',30,'','','Africa/Cairo',1,1,1,NULL,NULL,0,0,NULL,NULL,NULL,NULL,'2022-10-08 15:02:47'),(3105,35,NULL,NULL,5,114,'Foundation level','Class','2022-12-10 14:30:00',30,'','','Africa/Cairo',1,1,1,NULL,NULL,0,0,NULL,NULL,NULL,NULL,'2022-10-08 15:03:20'),(3106,37,NULL,NULL,5,36,'Intermediate arabic','Class','2022-12-10 15:30:00',30,'','','Africa/Cairo',1,1,1,NULL,NULL,0,0,NULL,NULL,NULL,NULL,'2022-10-08 16:04:18'),(3108,38,NULL,NULL,5,82,'Intermediate arabic','Class','2022-12-10 16:00:00',45,'','','Africa/Cairo',1,1,1,NULL,NULL,0,0,NULL,NULL,NULL,NULL,'2022-10-08 16:53:11'),(3109,39,NULL,NULL,5,83,'Intermediate arabic','Class','2022-12-10 16:45:00',45,'','','Africa/Cairo',1,1,1,NULL,NULL,0,0,NULL,NULL,NULL,NULL,'2022-10-08 17:16:55'),(3110,47,NULL,NULL,5,18,'Foundation level','Class','2022-12-10 17:30:00',60,'','','Africa/Cairo',1,1,1,NULL,NULL,0,0,NULL,NULL,NULL,NULL,'2022-10-08 19:09:25'),(3111,42,NULL,NULL,5,45,'Tajweed basics','Class','2022-12-10 18:30:00',30,'','','Africa/Cairo',1,1,1,NULL,NULL,0,0,NULL,NULL,NULL,NULL,'2022-10-08 19:10:03'),(3112,43,NULL,NULL,5,46,'Tajweed basics','Class','2022-12-10 19:00:00',30,'','','Africa/Cairo',1,1,1,NULL,NULL,0,0,NULL,NULL,NULL,NULL,'2022-10-08 19:10:49'),(3113,24,NULL,NULL,7,63,'Tajweed basics','Class','2022-12-04 06:30:00',60,'','','Africa/Cairo',1,1,1,NULL,NULL,0,0,NULL,NULL,NULL,NULL,'2022-10-08 19:35:01'),(3114,94,NULL,NULL,7,31,'Intermediate','Class','2022-12-09 22:15:00',30,'','','Africa/Cairo',1,1,1,NULL,NULL,0,0,NULL,NULL,NULL,NULL,'2022-10-08 19:36:24'),(3115,27,NULL,NULL,7,16,'Tajweed basics','Class','2022-12-08 14:45:00',45,'','','Africa/Cairo',1,1,1,NULL,NULL,0,0,NULL,NULL,NULL,NULL,'2022-10-08 19:37:12'),(3116,26,NULL,NULL,7,17,'Tajweed basics','Class','2022-12-08 14:00:00',45,'','','Africa/Cairo',1,1,1,NULL,NULL,0,0,NULL,NULL,NULL,NULL,'2022-10-08 19:39:31'),(3117,NULL,NULL,NULL,7,5,'Tajweed basics','Class','2022-10-08 17:15:00',45,'','','Africa/Cairo',1,1,1,NULL,NULL,0,0,NULL,NULL,NULL,NULL,'2022-10-09 06:42:22'),(3118,NULL,NULL,NULL,7,6,'Tajweed basics','Class','2022-10-08 18:00:00',45,'','','Africa/Cairo',1,1,1,NULL,NULL,0,0,NULL,NULL,NULL,NULL,'2022-10-09 06:42:40'),(3119,111,NULL,NULL,7,6,'Tajweed basics','Class','2022-10-09 17:15:00',45,'','','Africa/Cairo',1,1,1,NULL,NULL,0,0,NULL,NULL,NULL,NULL,'2022-10-09 06:43:54'),(3120,111,NULL,NULL,7,6,'Tajweed basics','Class','2022-10-16 17:15:00',45,'','','Africa/Cairo',1,1,1,NULL,NULL,0,0,NULL,NULL,NULL,NULL,'2022-10-09 06:43:54'),(3121,111,NULL,NULL,7,6,'Tajweed basics','Class','2022-10-23 17:15:00',45,'','','Africa/Cairo',1,1,1,NULL,NULL,0,0,NULL,NULL,NULL,NULL,'2022-10-09 06:43:54'),(3122,111,NULL,NULL,7,6,'Tajweed basics','Class','2022-10-30 17:15:00',45,'','','Africa/Cairo',1,1,1,NULL,NULL,0,0,NULL,NULL,NULL,NULL,'2022-10-09 06:43:54'),(3123,111,NULL,NULL,7,6,'Tajweed basics','Class','2022-11-06 17:15:00',45,'','','Africa/Cairo',1,1,1,NULL,NULL,0,0,NULL,NULL,NULL,NULL,'2022-10-09 06:43:54'),(3124,111,NULL,NULL,7,6,'Tajweed basics','Class','2022-11-13 17:15:00',45,'','','Africa/Cairo',1,1,1,NULL,NULL,0,0,NULL,NULL,NULL,NULL,'2022-10-09 06:43:54'),(3125,111,NULL,NULL,7,6,'Tajweed basics','Class','2022-11-20 17:15:00',45,'','','Africa/Cairo',1,1,1,NULL,NULL,0,0,NULL,NULL,NULL,NULL,'2022-10-09 06:43:54'),(3126,111,NULL,NULL,7,6,'Tajweed basics','Class','2022-11-27 17:15:00',45,'','','Africa/Cairo',1,1,1,NULL,NULL,0,0,NULL,NULL,NULL,NULL,'2022-10-09 06:43:54'),(3127,111,NULL,NULL,7,6,'Tajweed basics','Class','2022-12-04 17:15:00',45,'','','Africa/Cairo',1,1,1,NULL,NULL,0,0,NULL,NULL,NULL,NULL,'2022-10-09 06:43:54'),(3128,111,NULL,NULL,7,6,'Tajweed basics','Class','2022-10-15 17:15:00',45,'','','Africa/Cairo',1,1,1,NULL,NULL,0,0,NULL,NULL,NULL,NULL,'2022-10-09 06:43:54'),(3129,111,NULL,NULL,7,6,'Tajweed basics','Class','2022-10-22 17:15:00',45,'','','Africa/Cairo',1,1,1,NULL,NULL,0,0,NULL,NULL,NULL,NULL,'2022-10-09 06:43:54'),(3130,111,NULL,NULL,7,6,'Tajweed basics','Class','2022-10-29 17:15:00',45,'','','Africa/Cairo',1,1,1,NULL,NULL,0,0,NULL,NULL,NULL,NULL,'2022-10-09 06:43:54'),(3131,111,NULL,NULL,7,6,'Tajweed basics','Class','2022-11-05 17:15:00',45,'','','Africa/Cairo',1,1,1,NULL,NULL,0,0,NULL,NULL,NULL,NULL,'2022-10-09 06:43:54'),(3132,111,NULL,NULL,7,6,'Tajweed basics','Class','2022-11-12 17:15:00',45,'','','Africa/Cairo',1,1,1,NULL,NULL,0,0,NULL,NULL,NULL,NULL,'2022-10-09 06:43:54'),(3133,111,NULL,NULL,7,6,'Tajweed basics','Class','2022-11-19 17:15:00',45,'','','Africa/Cairo',1,1,1,NULL,NULL,0,0,NULL,NULL,NULL,NULL,'2022-10-09 06:43:54'),(3134,111,NULL,NULL,7,6,'Tajweed basics','Class','2022-11-26 17:15:00',45,'','','Africa/Cairo',1,1,1,NULL,NULL,0,0,NULL,NULL,NULL,NULL,'2022-10-09 06:43:54'),(3135,111,NULL,NULL,7,6,'Tajweed basics','Class','2022-12-03 17:15:00',45,'','','Africa/Cairo',1,1,1,NULL,NULL,0,0,NULL,NULL,NULL,NULL,'2022-10-09 06:43:54'),(3136,112,NULL,NULL,7,5,'Tajweed basics','Class','2022-10-09 18:00:00',45,'','','Africa/Cairo',1,1,1,NULL,NULL,0,0,NULL,NULL,NULL,NULL,'2022-10-09 06:44:24'),(3137,112,NULL,NULL,7,5,'Tajweed basics','Class','2022-10-16 18:00:00',45,'','','Africa/Cairo',1,1,1,NULL,NULL,0,0,NULL,NULL,NULL,NULL,'2022-10-09 06:44:24'),(3138,112,NULL,NULL,7,5,'Tajweed basics','Class','2022-10-23 18:00:00',45,'','','Africa/Cairo',1,1,1,NULL,NULL,0,0,NULL,NULL,NULL,NULL,'2022-10-09 06:44:24'),(3139,112,NULL,NULL,7,5,'Tajweed basics','Class','2022-10-30 18:00:00',45,'','','Africa/Cairo',1,1,1,NULL,NULL,0,0,NULL,NULL,NULL,NULL,'2022-10-09 06:44:24'),(3140,112,NULL,NULL,7,5,'Tajweed basics','Class','2022-11-06 18:00:00',45,'','','Africa/Cairo',1,1,1,NULL,NULL,0,0,NULL,NULL,NULL,NULL,'2022-10-09 06:44:24'),(3141,112,NULL,NULL,7,5,'Tajweed basics','Class','2022-11-13 18:00:00',45,'','','Africa/Cairo',1,1,1,NULL,NULL,0,0,NULL,NULL,NULL,NULL,'2022-10-09 06:44:24'),(3142,112,NULL,NULL,7,5,'Tajweed basics','Class','2022-11-20 18:00:00',45,'','','Africa/Cairo',1,1,1,NULL,NULL,0,0,NULL,NULL,NULL,NULL,'2022-10-09 06:44:24'),(3143,112,NULL,NULL,7,5,'Tajweed basics','Class','2022-11-27 18:00:00',45,'','','Africa/Cairo',1,1,1,NULL,NULL,0,0,NULL,NULL,NULL,NULL,'2022-10-09 06:44:24'),(3144,112,NULL,NULL,7,5,'Tajweed basics','Class','2022-12-04 18:00:00',45,'','','Africa/Cairo',1,1,1,NULL,NULL,0,0,NULL,NULL,NULL,NULL,'2022-10-09 06:44:24'),(3145,112,NULL,NULL,7,5,'Tajweed basics','Class','2022-10-15 18:00:00',45,'','','Africa/Cairo',1,1,1,NULL,NULL,0,0,NULL,NULL,NULL,NULL,'2022-10-09 06:44:24'),(3146,112,NULL,NULL,7,5,'Tajweed basics','Class','2022-10-22 18:00:00',45,'','','Africa/Cairo',1,1,1,NULL,NULL,0,0,NULL,NULL,NULL,NULL,'2022-10-09 06:44:24'),(3147,112,NULL,NULL,7,5,'Tajweed basics','Class','2022-10-29 18:00:00',45,'','','Africa/Cairo',1,1,1,NULL,NULL,0,0,NULL,NULL,NULL,NULL,'2022-10-09 06:44:24'),(3148,112,NULL,NULL,7,5,'Tajweed basics','Class','2022-11-05 18:00:00',45,'','','Africa/Cairo',1,1,1,NULL,NULL,0,0,NULL,NULL,NULL,NULL,'2022-10-09 06:44:24'),(3149,112,NULL,NULL,7,5,'Tajweed basics','Class','2022-11-12 18:00:00',45,'','','Africa/Cairo',1,1,1,NULL,NULL,0,0,NULL,NULL,NULL,NULL,'2022-10-09 06:44:24'),(3150,112,NULL,NULL,7,5,'Tajweed basics','Class','2022-11-19 18:00:00',45,'','','Africa/Cairo',1,1,1,NULL,NULL,0,0,NULL,NULL,NULL,NULL,'2022-10-09 06:44:24'),(3151,112,NULL,NULL,7,5,'Tajweed basics','Class','2022-11-26 18:00:00',45,'','','Africa/Cairo',1,1,1,NULL,NULL,0,0,NULL,NULL,NULL,NULL,'2022-10-09 06:44:24'),(3152,112,NULL,NULL,7,5,'Tajweed basics','Class','2022-12-03 18:00:00',45,'','','Africa/Cairo',1,1,1,NULL,NULL,0,0,NULL,NULL,NULL,NULL,'2022-10-09 06:44:24'),(3153,113,NULL,NULL,6,137,'Intermediate arabic','Class','2022-10-15 18:00:00',60,'','','Africa/Cairo',1,1,1,NULL,NULL,0,0,NULL,NULL,NULL,NULL,'2022-10-09 08:51:29'),(3154,113,NULL,NULL,6,137,'Intermediate arabic','Class','2022-10-22 18:00:00',60,'','','Africa/Cairo',1,1,1,NULL,NULL,0,0,NULL,NULL,NULL,NULL,'2022-10-09 08:51:29'),(3155,113,NULL,NULL,6,137,'Intermediate arabic','Class','2022-10-29 18:00:00',60,'','','Africa/Cairo',1,1,1,NULL,NULL,0,0,NULL,NULL,NULL,NULL,'2022-10-09 08:51:29'),(3156,113,NULL,NULL,6,137,'Intermediate arabic','Class','2022-11-05 18:00:00',60,'','','Africa/Cairo',1,1,1,NULL,NULL,0,0,NULL,NULL,NULL,NULL,'2022-10-09 08:51:29'),(3157,113,NULL,NULL,6,137,'Intermediate arabic','Class','2022-11-12 18:00:00',60,'','','Africa/Cairo',1,1,1,NULL,NULL,0,0,NULL,NULL,NULL,NULL,'2022-10-09 08:51:29'),(3158,113,NULL,NULL,6,137,'Intermediate arabic','Class','2022-11-19 18:00:00',60,'','','Africa/Cairo',1,1,1,NULL,NULL,0,0,NULL,NULL,NULL,NULL,'2022-10-09 08:51:29'),(3159,113,NULL,NULL,6,137,'Intermediate arabic','Class','2022-11-26 18:00:00',60,'','','Africa/Cairo',1,1,1,NULL,NULL,0,0,NULL,NULL,NULL,NULL,'2022-10-09 08:51:29'),(3160,113,NULL,NULL,6,137,'Intermediate arabic','Class','2022-12-03 18:00:00',60,'','','Africa/Cairo',1,1,1,NULL,NULL,0,0,NULL,NULL,NULL,NULL,'2022-10-09 08:51:29'),(3161,113,NULL,NULL,6,137,'Intermediate arabic','Class','2022-12-10 18:00:00',60,'','','Africa/Cairo',1,1,1,NULL,NULL,0,0,NULL,NULL,NULL,NULL,'2022-10-09 08:51:29'),(3162,113,NULL,NULL,6,137,'Intermediate arabic','Class','2022-12-17 18:00:00',60,'','','Africa/Cairo',1,1,1,NULL,NULL,0,0,NULL,NULL,NULL,NULL,'2022-10-09 08:51:29'),(3163,113,NULL,NULL,6,137,'Intermediate arabic','Class','2022-12-24 18:00:00',60,'','','Africa/Cairo',1,1,1,NULL,NULL,0,0,NULL,NULL,NULL,NULL,'2022-10-09 08:51:29'),(3164,113,NULL,NULL,6,137,'Intermediate arabic','Class','2022-12-31 18:00:00',60,'','','Africa/Cairo',1,1,1,NULL,NULL,0,0,NULL,NULL,NULL,NULL,'2022-10-09 08:51:29'),(3165,113,NULL,NULL,6,137,'Intermediate arabic','Class','2023-01-07 18:00:00',60,'','','Africa/Cairo',1,1,1,NULL,NULL,0,0,NULL,NULL,NULL,NULL,'2022-10-09 08:51:29'),(3167,114,NULL,NULL,6,138,'Intermediate arabic','Class','2022-10-16 19:00:00',60,'','','Africa/Cairo',1,1,1,NULL,NULL,0,0,NULL,NULL,NULL,NULL,'2022-10-09 08:53:55'),(3168,114,NULL,NULL,6,138,'Intermediate arabic','Class','2022-10-23 19:00:00',60,'','','Africa/Cairo',1,1,1,NULL,NULL,0,0,NULL,NULL,NULL,NULL,'2022-10-09 08:53:55'),(3169,114,NULL,NULL,6,138,'Intermediate arabic','Class','2022-10-30 19:00:00',60,'','','Africa/Cairo',1,1,1,NULL,NULL,0,0,NULL,NULL,NULL,NULL,'2022-10-09 08:53:55'),(3170,114,NULL,NULL,6,138,'Intermediate arabic','Class','2022-11-06 19:00:00',60,'','','Africa/Cairo',1,1,1,NULL,NULL,0,0,NULL,NULL,NULL,NULL,'2022-10-09 08:53:55'),(3171,114,NULL,NULL,6,138,'Intermediate arabic','Class','2022-11-13 19:00:00',60,'','','Africa/Cairo',1,1,1,NULL,NULL,0,0,NULL,NULL,NULL,NULL,'2022-10-09 08:53:55'),(3172,114,NULL,NULL,6,138,'Intermediate arabic','Class','2022-11-20 19:00:00',60,'','','Africa/Cairo',1,1,1,NULL,NULL,0,0,NULL,NULL,NULL,NULL,'2022-10-09 08:53:55'),(3173,114,NULL,NULL,6,138,'Intermediate arabic','Class','2022-11-27 19:00:00',60,'','','Africa/Cairo',1,1,1,NULL,NULL,0,0,NULL,NULL,NULL,NULL,'2022-10-09 08:53:55'),(3174,114,NULL,NULL,6,138,'Intermediate arabic','Class','2022-12-04 19:00:00',60,'','','Africa/Cairo',1,1,1,NULL,NULL,0,0,NULL,NULL,NULL,NULL,'2022-10-09 08:53:55'),(3175,114,NULL,NULL,6,138,'Intermediate arabic','Class','2022-12-11 19:00:00',60,'','','Africa/Cairo',1,1,1,NULL,NULL,0,0,NULL,NULL,NULL,NULL,'2022-10-09 08:53:55'),(3176,114,NULL,NULL,6,138,'Intermediate arabic','Class','2022-12-18 19:00:00',60,'','','Africa/Cairo',1,1,1,NULL,NULL,0,0,NULL,NULL,NULL,NULL,'2022-10-09 08:53:55'),(3177,114,NULL,NULL,6,138,'Intermediate arabic','Class','2022-12-25 19:00:00',60,'','','Africa/Cairo',1,1,1,NULL,NULL,0,0,NULL,NULL,NULL,NULL,'2022-10-09 08:53:55'),(3178,114,NULL,NULL,6,138,'Intermediate arabic','Class','2023-01-01 19:00:00',60,'','','Africa/Cairo',1,1,1,NULL,NULL,0,0,NULL,NULL,NULL,NULL,'2022-10-09 08:53:55'),(3179,114,NULL,NULL,6,138,'Intermediate arabic','Class','2023-01-08 19:00:00',60,'','','Africa/Cairo',1,1,1,NULL,NULL,0,0,NULL,NULL,NULL,NULL,'2022-10-09 08:53:55'),(3180,34,NULL,NULL,6,125,'Intermediate arabic','Class','2022-10-10 22:00:00',60,'','','Africa/Cairo',1,1,1,NULL,NULL,0,0,NULL,NULL,NULL,NULL,'2022-10-09 08:54:14'),(3181,34,NULL,NULL,6,125,'Intermediate arabic','Class','2022-10-17 22:00:00',60,'','','Africa/Cairo',1,1,1,NULL,NULL,0,0,NULL,NULL,NULL,NULL,'2022-10-09 08:54:14'),(3182,34,NULL,NULL,6,125,'Intermediate arabic','Class','2022-10-24 22:00:00',60,'','','Africa/Cairo',1,1,1,NULL,NULL,0,0,NULL,NULL,NULL,NULL,'2022-10-09 08:54:14'),(3183,34,NULL,NULL,6,125,'Intermediate arabic','Class','2022-10-31 22:00:00',60,'','','Africa/Cairo',1,1,1,NULL,NULL,0,0,NULL,NULL,NULL,NULL,'2022-10-09 08:54:14'),(3184,34,NULL,NULL,6,125,'Intermediate arabic','Class','2022-11-07 22:00:00',60,'','','Africa/Cairo',1,1,1,NULL,NULL,0,0,NULL,NULL,NULL,NULL,'2022-10-09 08:54:14'),(3185,34,NULL,NULL,6,125,'Intermediate arabic','Class','2022-11-14 22:00:00',60,'','','Africa/Cairo',1,1,1,NULL,NULL,0,0,NULL,NULL,NULL,NULL,'2022-10-09 08:54:14'),(3186,34,NULL,NULL,6,125,'Intermediate arabic','Class','2022-11-21 22:00:00',60,'','','Africa/Cairo',1,1,1,NULL,NULL,0,0,NULL,NULL,NULL,NULL,'2022-10-09 08:54:14'),(3187,34,NULL,NULL,6,125,'Intermediate arabic','Class','2022-11-28 22:00:00',60,'','','Africa/Cairo',1,1,1,NULL,NULL,0,0,NULL,NULL,NULL,NULL,'2022-10-09 08:54:14'),(3188,34,NULL,NULL,6,125,'Intermediate arabic','Class','2022-12-05 22:00:00',60,'','','Africa/Cairo',1,1,1,NULL,NULL,0,0,NULL,NULL,NULL,NULL,'2022-10-09 08:54:14'),(3189,34,NULL,NULL,6,125,'Intermediate arabic','Class','2022-12-12 22:00:00',60,'','','Africa/Cairo',1,1,1,NULL,NULL,0,0,NULL,NULL,NULL,NULL,'2022-10-09 08:54:14'),(3190,34,NULL,NULL,6,125,'Intermediate arabic','Class','2022-12-19 22:00:00',60,'','','Africa/Cairo',1,1,1,NULL,NULL,0,0,NULL,NULL,NULL,NULL,'2022-10-09 08:54:14'),(3191,34,NULL,NULL,6,125,'Intermediate arabic','Class','2022-12-26 22:00:00',60,'','','Africa/Cairo',1,1,1,NULL,NULL,0,0,NULL,NULL,NULL,NULL,'2022-10-09 08:54:14'),(3192,34,NULL,NULL,6,125,'Intermediate arabic','Class','2023-01-02 22:00:00',60,'','','Africa/Cairo',1,1,1,NULL,NULL,0,0,NULL,NULL,NULL,NULL,'2022-10-09 08:54:14'),(3193,8,NULL,NULL,19,120,'Ljazah program','Class','2022-12-10 11:30:00',60,'','','Africa/Cairo',1,1,1,NULL,NULL,0,0,NULL,NULL,NULL,NULL,'2022-10-09 12:08:56'),(3194,105,NULL,NULL,19,136,'Tajweed basics','Class','2022-12-11 10:30:00',45,'','','Africa/Cairo',1,1,1,NULL,NULL,0,0,NULL,NULL,NULL,NULL,'2022-10-09 12:10:31'),(3195,63,NULL,NULL,8,7,'Intermediate arabic','Class','2022-12-01 20:30:00',60,'','','Africa/Cairo',1,1,1,NULL,NULL,0,0,NULL,NULL,NULL,NULL,'2022-10-09 15:25:53'),(3196,58,NULL,NULL,8,122,'Tajweed basics','Class','2022-12-06 21:30:00',30,'','','Africa/Cairo',1,1,1,NULL,NULL,0,0,NULL,NULL,NULL,NULL,'2022-10-09 15:27:28'),(3197,63,NULL,NULL,8,7,'Intermediate arabic','Class','2022-12-02 08:00:00',60,'','','Africa/Cairo',1,1,1,NULL,NULL,0,0,NULL,NULL,NULL,NULL,'2022-10-09 15:28:40'),(3198,62,NULL,NULL,8,19,'Tajweed basics','Class','2022-12-02 11:00:00',45,'','','Africa/Cairo',1,1,1,NULL,NULL,0,0,NULL,NULL,NULL,NULL,'2022-10-09 15:31:14'),(3199,98,NULL,NULL,8,133,'Pre-reading level','Class','2022-12-07 15:15:00',45,'','','Africa/Cairo',1,1,1,NULL,NULL,0,0,NULL,NULL,NULL,NULL,'2022-10-09 15:35:04'),(3200,35,NULL,NULL,5,114,'Foundation level','Class','2022-12-11 14:30:00',30,'','','Africa/Cairo',1,1,1,NULL,NULL,0,0,NULL,NULL,NULL,NULL,'2022-10-09 16:03:13'),(3201,37,NULL,NULL,5,36,'Intermediate arabic','Class','2022-12-11 15:30:00',30,'','','Africa/Cairo',1,1,1,NULL,NULL,0,0,NULL,NULL,NULL,NULL,'2022-10-09 16:03:37'),(3202,67,NULL,NULL,8,129,'Basic arabic','Class','2022-12-04 11:00:00',90,'','','Africa/Cairo',1,1,1,NULL,NULL,0,0,NULL,NULL,NULL,NULL,'2022-10-09 16:04:45'),(3203,67,NULL,NULL,8,129,'Basic arabic','Class','2022-12-10 11:00:00',90,'','','Africa/Cairo',1,1,1,NULL,NULL,0,0,NULL,NULL,NULL,NULL,'2022-10-09 16:05:23'),(3204,57,NULL,NULL,8,8,'Tajweed basics','Class','2022-12-08 15:15:00',45,'','','Africa/Cairo',1,1,1,NULL,NULL,0,0,NULL,NULL,NULL,NULL,'2022-10-09 16:06:04'),(3205,95,NULL,NULL,8,130,'Intermediate arabic','Class','2022-12-01 21:00:00',60,'','','Africa/Cairo',1,1,1,NULL,NULL,0,0,NULL,NULL,NULL,NULL,'2022-10-09 16:23:14'),(3206,39,NULL,NULL,5,83,'Intermediate arabic','Class','2022-12-11 16:45:00',45,'','','Africa/Cairo',1,1,1,NULL,NULL,0,0,NULL,NULL,NULL,NULL,'2022-10-09 16:47:19'),(3207,38,NULL,NULL,5,82,'Intermediate arabic','Class','2022-12-11 16:00:00',45,'','','Africa/Cairo',1,1,1,NULL,NULL,0,0,NULL,NULL,NULL,NULL,'2022-10-09 17:16:52'),(3208,40,NULL,NULL,5,70,'Intermediate arabic','Class','2022-12-11 17:30:00',30,'','','Africa/Cairo',1,1,1,NULL,NULL,0,0,NULL,NULL,NULL,NULL,'2022-10-09 17:57:35'),(3209,41,NULL,NULL,5,72,'Intermediate arabic','Class','2022-12-11 18:00:00',30,'','','Africa/Cairo',1,1,1,NULL,NULL,0,0,NULL,NULL,NULL,NULL,'2022-10-09 18:03:35'),(3213,15,NULL,NULL,6,87,'Intermediate arabic','Class','2022-10-02 16:00:00',120,'','','Africa/Cairo',1,1,1,NULL,NULL,0,1,4,3,NULL,NULL,'2022-10-09 18:48:31'),(3214,15,NULL,NULL,6,87,'Intermediate arabic','Class','2022-10-16 16:00:00',60,'','','Africa/Cairo',1,1,1,NULL,NULL,0,0,NULL,NULL,NULL,NULL,'2022-10-09 18:48:31'),(3215,15,NULL,NULL,6,87,'Intermediate arabic','Class','2022-10-23 16:00:00',60,'','','Africa/Cairo',1,1,1,NULL,NULL,0,0,NULL,NULL,NULL,NULL,'2022-10-09 18:48:31'),(3216,15,NULL,NULL,6,87,'Intermediate arabic','Class','2022-10-30 16:00:00',60,'','','Africa/Cairo',1,1,1,NULL,NULL,0,0,NULL,NULL,NULL,NULL,'2022-10-09 18:48:31'),(3217,15,NULL,NULL,6,87,'Intermediate arabic','Class','2022-11-06 16:00:00',60,'','','Africa/Cairo',1,1,1,NULL,NULL,0,0,NULL,NULL,NULL,NULL,'2022-10-09 18:48:31'),(3218,15,NULL,NULL,6,87,'Intermediate arabic','Class','2022-11-13 16:00:00',60,'','','Africa/Cairo',1,1,1,NULL,NULL,0,0,NULL,NULL,NULL,NULL,'2022-10-09 18:48:31'),(3219,15,NULL,NULL,6,87,'Intermediate arabic','Class','2022-11-20 16:00:00',60,'','','Africa/Cairo',1,1,1,NULL,NULL,0,0,NULL,NULL,NULL,NULL,'2022-10-09 18:48:31'),(3220,15,NULL,NULL,6,87,'Intermediate arabic','Class','2022-11-27 16:00:00',60,'','','Africa/Cairo',1,1,1,NULL,NULL,0,0,NULL,NULL,NULL,NULL,'2022-10-09 18:48:31'),(3221,15,NULL,NULL,6,87,'Intermediate arabic','Class','2022-12-04 16:00:00',60,'','','Africa/Cairo',1,1,1,NULL,NULL,0,0,NULL,NULL,NULL,NULL,'2022-10-09 18:48:31'),(3222,15,NULL,NULL,6,87,'Intermediate arabic','Class','2022-12-11 16:00:00',60,'','','Africa/Cairo',1,1,1,NULL,NULL,0,0,NULL,NULL,NULL,NULL,'2022-10-09 18:54:58'),(3223,115,NULL,NULL,8,33,'Tajweed basics','Class','2022-10-11 23:00:00',30,'','','Africa/Cairo',1,1,1,NULL,NULL,0,1,4,4,'Reading ',NULL,'2022-10-09 20:33:23'),(3224,115,NULL,NULL,8,33,'Tajweed basics','Class','2022-10-18 23:00:00',30,'','','Africa/Cairo',1,1,1,NULL,NULL,0,0,NULL,NULL,NULL,NULL,'2022-10-09 20:33:23'),(3225,115,NULL,NULL,8,33,'Tajweed basics','Class','2022-10-25 23:00:00',30,'','','Africa/Cairo',1,1,1,NULL,NULL,0,0,NULL,NULL,NULL,NULL,'2022-10-09 20:33:23'),(3226,115,NULL,NULL,8,33,'Tajweed basics','Class','2022-11-01 23:00:00',30,'','','Africa/Cairo',1,1,1,NULL,NULL,0,0,NULL,NULL,NULL,NULL,'2022-10-09 20:33:23'),(3227,115,NULL,NULL,8,33,'Tajweed basics','Class','2022-11-08 23:00:00',30,'','','Africa/Cairo',1,1,1,NULL,NULL,0,0,NULL,NULL,NULL,NULL,'2022-10-09 20:33:23'),(3228,115,NULL,NULL,8,33,'Tajweed basics','Class','2022-11-15 23:00:00',30,'','','Africa/Cairo',1,1,1,NULL,NULL,0,0,NULL,NULL,NULL,NULL,'2022-10-09 20:33:23'),(3229,115,NULL,NULL,8,33,'Tajweed basics','Class','2022-11-22 23:00:00',30,'','','Africa/Cairo',1,1,1,NULL,NULL,0,0,NULL,NULL,NULL,NULL,'2022-10-09 20:33:23'),(3230,115,NULL,NULL,8,33,'Tajweed basics','Class','2022-11-29 23:00:00',30,'','','Africa/Cairo',1,1,1,NULL,NULL,0,0,NULL,NULL,NULL,NULL,'2022-10-09 20:33:23'),(3231,115,NULL,NULL,8,33,'Tajweed basics','Class','2022-12-06 23:00:00',30,'','','Africa/Cairo',1,1,1,NULL,NULL,0,0,NULL,NULL,NULL,NULL,'2022-10-09 20:33:23'),(3232,115,NULL,NULL,8,33,'Tajweed basics','Class','2022-10-13 23:00:00',30,'','','Africa/Cairo',1,1,1,NULL,NULL,0,0,NULL,NULL,NULL,NULL,'2022-10-09 20:33:23'),(3233,115,NULL,NULL,8,33,'Tajweed basics','Class','2022-10-20 23:00:00',30,'','','Africa/Cairo',1,1,1,NULL,NULL,0,0,NULL,NULL,NULL,NULL,'2022-10-09 20:33:23'),(3234,115,NULL,NULL,8,33,'Tajweed basics','Class','2022-10-27 23:00:00',30,'','','Africa/Cairo',1,1,1,NULL,NULL,0,0,NULL,NULL,NULL,NULL,'2022-10-09 20:33:23'),(3235,115,NULL,NULL,8,33,'Tajweed basics','Class','2022-11-03 23:00:00',30,'','','Africa/Cairo',1,1,1,NULL,NULL,0,0,NULL,NULL,NULL,NULL,'2022-10-09 20:33:23'),(3236,115,NULL,NULL,8,33,'Tajweed basics','Class','2022-11-10 23:00:00',30,'','','Africa/Cairo',1,1,1,NULL,NULL,0,0,NULL,NULL,NULL,NULL,'2022-10-09 20:33:23'),(3237,115,NULL,NULL,8,33,'Tajweed basics','Class','2022-11-17 23:00:00',30,'','','Africa/Cairo',1,1,1,NULL,NULL,0,0,NULL,NULL,NULL,NULL,'2022-10-09 20:33:23'),(3238,115,NULL,NULL,8,33,'Tajweed basics','Class','2022-11-24 23:00:00',30,'','','Africa/Cairo',1,1,1,NULL,NULL,0,0,NULL,NULL,NULL,NULL,'2022-10-09 20:33:23'),(3239,115,NULL,NULL,8,33,'Tajweed basics','Class','2022-12-01 23:00:00',30,'','','Africa/Cairo',1,1,1,NULL,NULL,0,0,NULL,NULL,NULL,NULL,'2022-10-09 20:33:23'),(3240,115,NULL,NULL,8,33,'Tajweed basics','Class','2022-12-08 23:00:00',30,'','','Africa/Cairo',1,1,1,NULL,NULL,0,0,NULL,NULL,NULL,NULL,'2022-10-09 20:33:23'),(3241,116,NULL,NULL,8,34,'Tajweed basics','Class','2022-10-11 23:30:00',30,'','','Africa/Cairo',1,1,1,NULL,NULL,0,1,4,4,'Reading ',NULL,'2022-10-09 20:33:54'),(3242,116,NULL,NULL,8,34,'Tajweed basics','Class','2022-10-18 23:30:00',30,'','','Africa/Cairo',1,1,1,NULL,NULL,0,0,NULL,NULL,NULL,NULL,'2022-10-09 20:33:54'),(3243,116,NULL,NULL,8,34,'Tajweed basics','Class','2022-10-25 23:30:00',30,'','','Africa/Cairo',1,1,1,NULL,NULL,0,0,NULL,NULL,NULL,NULL,'2022-10-09 20:33:54'),(3244,116,NULL,NULL,8,34,'Tajweed basics','Class','2022-11-01 23:30:00',30,'','','Africa/Cairo',1,1,1,NULL,NULL,0,0,NULL,NULL,NULL,NULL,'2022-10-09 20:33:54'),(3245,116,NULL,NULL,8,34,'Tajweed basics','Class','2022-11-08 23:30:00',30,'','','Africa/Cairo',1,1,1,NULL,NULL,0,0,NULL,NULL,NULL,NULL,'2022-10-09 20:33:54'),(3246,116,NULL,NULL,8,34,'Tajweed basics','Class','2022-11-15 23:30:00',30,'','','Africa/Cairo',1,1,1,NULL,NULL,0,0,NULL,NULL,NULL,NULL,'2022-10-09 20:33:54'),(3247,116,NULL,NULL,8,34,'Tajweed basics','Class','2022-11-22 23:30:00',30,'','','Africa/Cairo',1,1,1,NULL,NULL,0,0,NULL,NULL,NULL,NULL,'2022-10-09 20:33:54'),(3248,116,NULL,NULL,8,34,'Tajweed basics','Class','2022-11-29 23:30:00',30,'','','Africa/Cairo',1,1,1,NULL,NULL,0,0,NULL,NULL,NULL,NULL,'2022-10-09 20:33:54'),(3249,116,NULL,NULL,8,34,'Tajweed basics','Class','2022-12-06 23:30:00',30,'','','Africa/Cairo',1,1,1,NULL,NULL,0,0,NULL,NULL,NULL,NULL,'2022-10-09 20:33:54'),(3250,116,NULL,NULL,8,34,'Tajweed basics','Class','2022-10-13 23:30:00',30,'','','Africa/Cairo',1,1,1,NULL,NULL,0,0,NULL,NULL,NULL,NULL,'2022-10-09 20:33:54'),(3251,116,NULL,NULL,8,34,'Tajweed basics','Class','2022-10-20 23:30:00',30,'','','Africa/Cairo',1,1,1,NULL,NULL,0,0,NULL,NULL,NULL,NULL,'2022-10-09 20:33:54'),(3252,116,NULL,NULL,8,34,'Tajweed basics','Class','2022-10-27 23:30:00',30,'','','Africa/Cairo',1,1,1,NULL,NULL,0,0,NULL,NULL,NULL,NULL,'2022-10-09 20:33:54'),(3253,116,NULL,NULL,8,34,'Tajweed basics','Class','2022-11-03 23:30:00',30,'','','Africa/Cairo',1,1,1,NULL,NULL,0,0,NULL,NULL,NULL,NULL,'2022-10-09 20:33:54'),(3254,116,NULL,NULL,8,34,'Tajweed basics','Class','2022-11-10 23:30:00',30,'','','Africa/Cairo',1,1,1,NULL,NULL,0,0,NULL,NULL,NULL,NULL,'2022-10-09 20:33:54'),(3255,116,NULL,NULL,8,34,'Tajweed basics','Class','2022-11-17 23:30:00',30,'','','Africa/Cairo',1,1,1,NULL,NULL,0,0,NULL,NULL,NULL,NULL,'2022-10-09 20:33:54'),(3256,116,NULL,NULL,8,34,'Tajweed basics','Class','2022-11-24 23:30:00',30,'','','Africa/Cairo',1,1,1,NULL,NULL,0,0,NULL,NULL,NULL,NULL,'2022-10-09 20:33:54'),(3257,116,NULL,NULL,8,34,'Tajweed basics','Class','2022-12-01 23:30:00',30,'','','Africa/Cairo',1,1,1,NULL,NULL,0,0,NULL,NULL,NULL,NULL,'2022-10-09 20:33:54'),(3258,116,NULL,NULL,8,34,'Tajweed basics','Class','2022-12-08 23:30:00',30,'','','Africa/Cairo',1,1,1,NULL,NULL,0,0,NULL,NULL,NULL,NULL,'2022-10-09 20:33:54'),(3259,51,NULL,NULL,11,65,'Basic arabic','Class','2022-12-04 18:00:00',60,'','','Africa/Cairo',1,1,1,NULL,NULL,0,0,NULL,NULL,NULL,NULL,'2022-10-09 20:59:17'),(3260,52,NULL,NULL,11,64,'Basic arabic','Class','2022-12-04 19:00:00',60,'','','Africa/Cairo',1,1,1,NULL,NULL,0,0,NULL,NULL,NULL,NULL,'2022-10-09 21:00:06'),(3261,103,NULL,NULL,4,26,'Foundation level','Class','2022-12-11 17:30:00',30,'','','Africa/Cairo',1,1,1,NULL,NULL,0,0,NULL,NULL,NULL,NULL,'2022-10-09 23:51:26'),(3262,102,NULL,NULL,4,25,'Pre-reading level','Class','2022-12-11 16:45:00',45,'','','Africa/Cairo',1,1,1,NULL,NULL,0,0,NULL,NULL,NULL,NULL,'2022-10-09 23:51:48'),(3263,101,NULL,NULL,4,24,'Pre-reading level','Class','2022-12-11 16:00:00',45,'','','Africa/Cairo',1,1,1,NULL,NULL,0,0,NULL,NULL,NULL,NULL,'2022-10-09 23:52:03'),(3264,110,NULL,NULL,4,27,'Tajweed basics','Class','2022-12-11 14:30:00',30,'','','Africa/Cairo',1,1,1,NULL,NULL,0,0,NULL,NULL,NULL,NULL,'2022-10-09 23:53:37'),(3265,109,NULL,NULL,4,28,'Foundation level','Class','2022-12-11 14:00:00',30,'','','Africa/Cairo',1,1,1,NULL,NULL,0,0,NULL,NULL,NULL,NULL,'2022-10-09 23:54:32'),(3266,42,NULL,NULL,5,45,'Tajweed basics','Class','2022-12-11 18:30:00',30,'','','Africa/Cairo',1,1,1,NULL,NULL,0,0,NULL,NULL,NULL,NULL,'2022-10-10 10:23:58'),(3267,43,NULL,NULL,5,46,'Tajweed basics','Class','2022-12-11 19:00:00',30,'','','Africa/Cairo',1,1,1,NULL,NULL,0,0,NULL,NULL,NULL,NULL,'2022-10-10 10:24:07'),(3268,49,NULL,NULL,19,84,'Intermediate','Class','2022-12-05 11:30:00',45,'','','Africa/Cairo',1,1,1,NULL,NULL,0,0,NULL,NULL,NULL,NULL,'2022-10-10 11:45:38'),(3269,6,NULL,NULL,9,91,'Foundation level','Class','2022-12-12 17:30:00',30,'','','Africa/Cairo',1,1,1,NULL,NULL,0,0,NULL,NULL,NULL,NULL,'2022-10-10 17:52:35'),(3270,117,NULL,NULL,5,140,'Pre-reading level','Class','2022-10-11 18:00:00',30,'','','Africa/Cairo',1,1,1,NULL,NULL,0,2,NULL,NULL,NULL,NULL,'2022-10-10 18:14:33'),(3271,117,NULL,NULL,5,140,'Pre-reading level','Class','2022-10-18 18:00:00',30,'','','Africa/Cairo',1,1,1,NULL,NULL,0,0,NULL,NULL,NULL,NULL,'2022-10-10 18:14:33'),(3272,117,NULL,NULL,5,140,'Pre-reading level','Class','2022-10-25 18:00:00',30,'','','Africa/Cairo',1,1,1,NULL,NULL,0,0,NULL,NULL,NULL,NULL,'2022-10-10 18:14:33'),(3273,117,NULL,NULL,5,140,'Pre-reading level','Class','2022-11-01 18:00:00',30,'','','Africa/Cairo',1,1,1,NULL,NULL,0,0,NULL,NULL,NULL,NULL,'2022-10-10 18:14:33'),(3274,117,NULL,NULL,5,140,'Pre-reading level','Class','2022-11-08 18:00:00',30,'','','Africa/Cairo',1,1,1,NULL,NULL,0,0,NULL,NULL,NULL,NULL,'2022-10-10 18:14:33'),(3275,117,NULL,NULL,5,140,'Pre-reading level','Class','2022-11-15 18:00:00',30,'','','Africa/Cairo',1,1,1,NULL,NULL,0,0,NULL,NULL,NULL,NULL,'2022-10-10 18:14:33'),(3276,117,NULL,NULL,5,140,'Pre-reading level','Class','2022-11-22 18:00:00',30,'','','Africa/Cairo',1,1,1,NULL,NULL,0,0,NULL,NULL,NULL,NULL,'2022-10-10 18:14:33'),(3277,117,NULL,NULL,5,140,'Pre-reading level','Class','2022-11-29 18:00:00',30,'','','Africa/Cairo',1,1,1,NULL,NULL,0,0,NULL,NULL,NULL,NULL,'2022-10-10 18:14:33'),(3278,117,NULL,NULL,5,140,'Pre-reading level','Class','2022-12-06 18:00:00',30,'','','Africa/Cairo',1,1,1,NULL,NULL,0,0,NULL,NULL,NULL,NULL,'2022-10-10 18:14:33'),(3279,117,NULL,NULL,5,140,'Pre-reading level','Class','2022-10-15 09:00:00',30,'','','Africa/Cairo',1,1,1,NULL,NULL,0,0,NULL,NULL,NULL,NULL,'2022-10-10 18:14:33'),(3280,117,NULL,NULL,5,140,'Pre-reading level','Class','2022-10-22 09:00:00',30,'','','Africa/Cairo',1,1,1,NULL,NULL,0,0,NULL,NULL,NULL,NULL,'2022-10-10 18:14:33'),(3281,117,NULL,NULL,5,140,'Pre-reading level','Class','2022-10-29 09:00:00',30,'','','Africa/Cairo',1,1,1,NULL,NULL,0,0,NULL,NULL,NULL,NULL,'2022-10-10 18:14:33'),(3282,117,NULL,NULL,5,140,'Pre-reading level','Class','2022-11-05 09:00:00',30,'','','Africa/Cairo',1,1,1,NULL,NULL,0,0,NULL,NULL,NULL,NULL,'2022-10-10 18:14:33'),(3283,117,NULL,NULL,5,140,'Pre-reading level','Class','2022-11-12 09:00:00',30,'','','Africa/Cairo',1,1,1,NULL,NULL,0,0,NULL,NULL,NULL,NULL,'2022-10-10 18:14:33'),(3284,117,NULL,NULL,5,140,'Pre-reading level','Class','2022-11-19 09:00:00',30,'','','Africa/Cairo',1,1,1,NULL,NULL,0,0,NULL,NULL,NULL,NULL,'2022-10-10 18:14:33'),(3285,117,NULL,NULL,5,140,'Pre-reading level','Class','2022-11-26 09:00:00',30,'','','Africa/Cairo',1,1,1,NULL,NULL,0,0,NULL,NULL,NULL,NULL,'2022-10-10 18:14:33'),(3286,117,NULL,NULL,5,140,'Pre-reading level','Class','2022-12-03 09:00:00',30,'','','Africa/Cairo',1,1,1,NULL,NULL,0,0,NULL,NULL,NULL,NULL,'2022-10-10 18:14:33'),(3287,117,NULL,NULL,5,140,'Pre-reading level','Class','2022-12-10 09:00:00',30,'','','Africa/Cairo',1,1,1,NULL,NULL,0,0,NULL,NULL,NULL,NULL,'2022-10-10 18:14:33'),(3288,118,NULL,NULL,8,139,'Pre-reading level','Class','2022-10-11 16:00:00',45,'','','Africa/Cairo',1,1,1,NULL,NULL,0,1,4,4,'Reading ',NULL,'2022-10-10 18:16:57'),(3289,118,NULL,NULL,8,139,'Pre-reading level','Class','2022-10-18 16:00:00',45,'','','Africa/Cairo',1,1,1,NULL,NULL,0,0,NULL,NULL,NULL,NULL,'2022-10-10 18:16:57'),(3290,118,NULL,NULL,8,139,'Pre-reading level','Class','2022-10-25 16:00:00',45,'','','Africa/Cairo',1,1,1,NULL,NULL,0,0,NULL,NULL,NULL,NULL,'2022-10-10 18:16:57'),(3291,118,NULL,NULL,8,139,'Pre-reading level','Class','2022-11-01 16:00:00',45,'','','Africa/Cairo',1,1,1,NULL,NULL,0,0,NULL,NULL,NULL,NULL,'2022-10-10 18:16:57'),(3292,118,NULL,NULL,8,139,'Pre-reading level','Class','2022-11-08 16:00:00',45,'','','Africa/Cairo',1,1,1,NULL,NULL,0,0,NULL,NULL,NULL,NULL,'2022-10-10 18:16:57'),(3293,118,NULL,NULL,8,139,'Pre-reading level','Class','2022-11-15 16:00:00',45,'','','Africa/Cairo',1,1,1,NULL,NULL,0,0,NULL,NULL,NULL,NULL,'2022-10-10 18:16:57'),(3294,118,NULL,NULL,8,139,'Pre-reading level','Class','2022-11-22 16:00:00',45,'','','Africa/Cairo',1,1,1,NULL,NULL,0,0,NULL,NULL,NULL,NULL,'2022-10-10 18:16:57'),(3295,118,NULL,NULL,8,139,'Pre-reading level','Class','2022-11-29 16:00:00',45,'','','Africa/Cairo',1,1,1,NULL,NULL,0,0,NULL,NULL,NULL,NULL,'2022-10-10 18:16:57'),(3296,118,NULL,NULL,8,139,'Pre-reading level','Class','2022-12-06 16:00:00',45,'','','Africa/Cairo',1,1,1,NULL,NULL,0,0,NULL,NULL,NULL,NULL,'2022-10-10 18:16:57'),(3297,118,NULL,NULL,8,139,'Pre-reading level','Class','2022-10-15 16:00:00',45,'','','Africa/Cairo',1,1,1,NULL,NULL,0,0,NULL,NULL,NULL,NULL,'2022-10-10 18:16:57'),(3298,118,NULL,NULL,8,139,'Pre-reading level','Class','2022-10-22 16:00:00',45,'','','Africa/Cairo',1,1,1,NULL,NULL,0,0,NULL,NULL,NULL,NULL,'2022-10-10 18:16:57'),(3299,118,NULL,NULL,8,139,'Pre-reading level','Class','2022-10-29 16:00:00',45,'','','Africa/Cairo',1,1,1,NULL,NULL,0,0,NULL,NULL,NULL,NULL,'2022-10-10 18:16:57'),(3300,118,NULL,NULL,8,139,'Pre-reading level','Class','2022-11-05 16:00:00',45,'','','Africa/Cairo',1,1,1,NULL,NULL,0,0,NULL,NULL,NULL,NULL,'2022-10-10 18:16:57'),(3301,118,NULL,NULL,8,139,'Pre-reading level','Class','2022-11-12 16:00:00',45,'','','Africa/Cairo',1,1,1,NULL,NULL,0,0,NULL,NULL,NULL,NULL,'2022-10-10 18:16:57'),(3302,118,NULL,NULL,8,139,'Pre-reading level','Class','2022-11-19 16:00:00',45,'','','Africa/Cairo',1,1,1,NULL,NULL,0,0,NULL,NULL,NULL,NULL,'2022-10-10 18:16:57'),(3303,118,NULL,NULL,8,139,'Pre-reading level','Class','2022-11-26 16:00:00',45,'','','Africa/Cairo',1,1,1,NULL,NULL,0,0,NULL,NULL,NULL,NULL,'2022-10-10 18:16:57'),(3304,118,NULL,NULL,8,139,'Pre-reading level','Class','2022-12-03 16:00:00',45,'','','Africa/Cairo',1,1,1,NULL,NULL,0,0,NULL,NULL,NULL,NULL,'2022-10-10 18:16:57'),(3305,118,NULL,NULL,8,139,'Pre-reading level','Class','2022-12-10 16:00:00',45,'','','Africa/Cairo',1,1,1,NULL,NULL,0,0,NULL,NULL,NULL,NULL,'2022-10-10 18:16:57'),(3306,106,NULL,NULL,9,134,'Foundation level','Class','2022-10-10 21:30:00',30,'','','Africa/Cairo',1,1,1,NULL,NULL,0,1,4,5,NULL,'د ذ + مراجعة الحروف من ا : خ','2022-10-10 20:36:45'),(3307,106,NULL,NULL,9,134,'Foundation level','Class','2022-10-17 21:30:00',30,'','','Africa/Cairo',1,1,1,NULL,NULL,0,0,NULL,NULL,NULL,NULL,'2022-10-10 20:36:45'),(3308,106,NULL,NULL,9,134,'Foundation level','Class','2022-10-24 21:30:00',30,'','','Africa/Cairo',1,1,1,NULL,NULL,0,0,NULL,NULL,NULL,NULL,'2022-10-10 20:36:45'),(3309,106,NULL,NULL,9,134,'Foundation level','Class','2022-10-31 21:30:00',30,'','','Africa/Cairo',1,1,1,NULL,NULL,0,0,NULL,NULL,NULL,NULL,'2022-10-10 20:36:45'),(3310,106,NULL,NULL,9,134,'Foundation level','Class','2022-11-07 21:30:00',30,'','','Africa/Cairo',1,1,1,NULL,NULL,0,0,NULL,NULL,NULL,NULL,'2022-10-10 20:36:45'),(3311,106,NULL,NULL,9,134,'Foundation level','Class','2022-11-14 21:30:00',30,'','','Africa/Cairo',1,1,1,NULL,NULL,0,0,NULL,NULL,NULL,NULL,'2022-10-10 20:36:45'),(3312,106,NULL,NULL,9,134,'Foundation level','Class','2022-11-21 21:30:00',30,'','','Africa/Cairo',1,1,1,NULL,NULL,0,0,NULL,NULL,NULL,NULL,'2022-10-10 20:36:45'),(3313,106,NULL,NULL,9,134,'Foundation level','Class','2022-11-28 21:30:00',30,'','','Africa/Cairo',1,1,1,NULL,NULL,0,0,NULL,NULL,NULL,NULL,'2022-10-10 20:36:45'),(3314,106,NULL,NULL,9,134,'Foundation level','Class','2022-12-05 21:30:00',30,'','','Africa/Cairo',1,1,1,NULL,NULL,0,0,NULL,NULL,NULL,NULL,'2022-10-10 20:36:45'),(3315,106,NULL,NULL,9,134,'Foundation level','Class','2022-10-15 15:00:00',30,'','','Africa/Cairo',1,1,1,NULL,NULL,0,0,NULL,NULL,NULL,NULL,'2022-10-10 20:36:45'),(3316,106,NULL,NULL,9,134,'Foundation level','Class','2022-10-22 15:00:00',30,'','','Africa/Cairo',1,1,1,NULL,NULL,0,0,NULL,NULL,NULL,NULL,'2022-10-10 20:36:45'),(3317,106,NULL,NULL,9,134,'Foundation level','Class','2022-10-29 15:00:00',30,'','','Africa/Cairo',1,1,1,NULL,NULL,0,0,NULL,NULL,NULL,NULL,'2022-10-10 20:36:45'),(3318,106,NULL,NULL,9,134,'Foundation level','Class','2022-11-05 15:00:00',30,'','','Africa/Cairo',1,1,1,NULL,NULL,0,0,NULL,NULL,NULL,NULL,'2022-10-10 20:36:45'),(3319,106,NULL,NULL,9,134,'Foundation level','Class','2022-11-12 15:00:00',30,'','','Africa/Cairo',1,1,1,NULL,NULL,0,0,NULL,NULL,NULL,NULL,'2022-10-10 20:36:45'),(3320,106,NULL,NULL,9,134,'Foundation level','Class','2022-11-19 15:00:00',30,'','','Africa/Cairo',1,1,1,NULL,NULL,0,0,NULL,NULL,NULL,NULL,'2022-10-10 20:36:45'),(3321,106,NULL,NULL,9,134,'Foundation level','Class','2022-11-26 15:00:00',30,'','','Africa/Cairo',1,1,1,NULL,NULL,0,0,NULL,NULL,NULL,NULL,'2022-10-10 20:36:45'),(3322,106,NULL,NULL,9,134,'Foundation level','Class','2022-12-03 15:00:00',30,'','','Africa/Cairo',1,1,1,NULL,NULL,0,0,NULL,NULL,NULL,NULL,'2022-10-10 20:36:45'),(3323,106,NULL,NULL,9,134,'Foundation level','Class','2022-12-10 15:00:00',30,'','','Africa/Cairo',1,1,1,NULL,NULL,0,0,NULL,NULL,NULL,NULL,'2022-10-10 20:36:45'),(3324,3,NULL,NULL,9,22,'Foundation level','Class','2022-12-09 20:30:00',30,'','','Africa/Cairo',1,1,1,NULL,NULL,0,0,NULL,NULL,NULL,NULL,'2022-10-10 20:56:58'),(3325,5,NULL,NULL,9,30,'Foundation level','Class','2022-12-12 21:00:00',30,'','','Africa/Cairo',1,1,1,NULL,NULL,0,0,NULL,NULL,NULL,NULL,'2022-10-10 22:03:02'),(3326,106,NULL,NULL,9,134,'Foundation level','Class','2022-12-12 21:30:00',30,'','','Africa/Cairo',1,1,1,NULL,NULL,0,0,NULL,NULL,NULL,NULL,'2022-10-10 22:04:21'),(3327,51,NULL,NULL,11,65,'Basic arabic','Class','2022-12-10 18:00:00',60,'','','Africa/Cairo',1,1,1,NULL,NULL,0,0,NULL,NULL,NULL,NULL,'2022-10-11 08:39:48'),(3328,52,NULL,NULL,11,64,'Basic arabic','Class','2022-12-10 19:00:00',60,'','','Africa/Cairo',1,1,1,NULL,NULL,0,0,NULL,NULL,NULL,NULL,'2022-10-11 08:40:38'),(3329,50,NULL,NULL,11,126,'Foundation level','Class','2022-12-11 21:30:00',30,'','','Africa/Cairo',1,1,1,NULL,NULL,0,0,NULL,NULL,NULL,NULL,'2022-10-11 08:41:35'),(3330,6,NULL,NULL,9,91,'Foundation level','Class','2022-12-13 17:30:00',30,'','','Africa/Cairo',1,1,1,NULL,NULL,0,0,NULL,NULL,NULL,NULL,'2022-10-11 17:34:05'),(3331,36,NULL,NULL,5,88,'Intermediate arabic','Class','2022-12-13 17:00:00',30,'','','Africa/Cairo',1,1,1,NULL,NULL,0,0,NULL,NULL,NULL,NULL,'2022-10-11 20:10:33'),(3332,117,NULL,NULL,5,140,'Pre-reading level','Class','2022-12-13 18:00:00',30,'','','Africa/Cairo',1,1,1,NULL,NULL,0,0,NULL,NULL,NULL,NULL,'2022-10-11 20:11:42'),(3333,3,NULL,NULL,9,22,'Foundation level','Class','2022-12-12 20:30:00',30,'','','Africa/Cairo',1,1,1,NULL,NULL,0,0,NULL,NULL,NULL,NULL,'2022-10-11 20:36:36'),(3334,5,NULL,NULL,9,30,'Foundation level','Class','2022-12-13 21:00:00',30,'','','Africa/Cairo',1,1,1,NULL,NULL,0,0,NULL,NULL,NULL,NULL,'2022-10-11 21:33:36'),(3335,59,NULL,NULL,8,85,'Tajweed basics','Class','2022-12-11 22:00:00',45,'','','Africa/Cairo',1,1,1,NULL,NULL,0,0,NULL,NULL,NULL,NULL,'2022-10-11 23:19:15'),(3336,98,NULL,NULL,8,133,'Pre-reading level','Class','2022-12-09 12:00:00',45,'','','Africa/Cairo',1,1,1,NULL,NULL,0,0,NULL,NULL,NULL,NULL,'2022-10-11 23:20:23'),(3337,64,NULL,NULL,8,127,'Intermediate','Class','2022-12-12 22:30:00',60,'','','Africa/Cairo',1,1,1,NULL,NULL,0,0,NULL,NULL,NULL,NULL,'2022-10-11 23:21:25'),(3338,57,NULL,NULL,8,8,'Tajweed basics','Class','2022-12-11 15:15:00',45,'','','Africa/Cairo',1,1,1,NULL,NULL,0,0,NULL,NULL,NULL,NULL,'2022-10-11 23:22:35'),(3339,118,NULL,NULL,8,139,'Pre-reading level','Class','2022-12-13 16:00:00',45,'','','Africa/Cairo',1,1,1,NULL,NULL,0,0,NULL,NULL,NULL,NULL,'2022-10-11 23:23:37'),(3340,58,NULL,NULL,8,122,'Tajweed basics','Class','2022-12-08 21:30:00',30,'','','Africa/Cairo',1,1,1,NULL,NULL,0,0,NULL,NULL,NULL,NULL,'2022-10-11 23:25:33'),(3341,108,NULL,NULL,8,132,'Tajweed basics','Class','2022-12-06 21:45:00',45,'','','Africa/Cairo',1,1,1,NULL,NULL,0,0,NULL,NULL,NULL,NULL,'2022-10-11 23:26:16'),(3342,115,NULL,NULL,8,33,'Tajweed basics','Class','2022-12-13 23:00:00',30,'','','Africa/Cairo',1,1,1,NULL,NULL,0,0,NULL,NULL,NULL,NULL,'2022-10-11 23:28:05'),(3343,4,NULL,NULL,9,38,'Qari program','Class','2022-10-11 22:00:00',30,'','','Africa/Cairo',1,1,1,NULL,NULL,0,1,4,NULL,NULL,'الطالبة تأخرت 20 دقيقة ','2022-10-12 08:18:55'),(3344,4,NULL,NULL,9,38,'Qari program','Class','2022-10-18 22:00:00',30,'','','Africa/Cairo',1,1,1,NULL,NULL,0,0,NULL,NULL,NULL,NULL,'2022-10-12 08:18:55'),(3345,4,NULL,NULL,9,38,'Qari program','Class','2022-10-25 22:00:00',30,'','','Africa/Cairo',1,1,1,NULL,NULL,0,0,NULL,NULL,NULL,NULL,'2022-10-12 08:18:55'),(3346,4,NULL,NULL,9,38,'Qari program','Class','2022-11-01 22:00:00',30,'','','Africa/Cairo',1,1,1,NULL,NULL,0,0,NULL,NULL,NULL,NULL,'2022-10-12 08:18:55'),(3347,4,NULL,NULL,9,38,'Qari program','Class','2022-11-08 22:00:00',30,'','','Africa/Cairo',1,1,1,NULL,NULL,0,0,NULL,NULL,NULL,NULL,'2022-10-12 08:18:55'),(3348,4,NULL,NULL,9,38,'Qari program','Class','2022-11-15 22:00:00',30,'','','Africa/Cairo',1,1,1,NULL,NULL,0,0,NULL,NULL,NULL,NULL,'2022-10-12 08:18:55'),(3349,4,NULL,NULL,9,38,'Qari program','Class','2022-11-22 22:00:00',30,'','','Africa/Cairo',1,1,1,NULL,NULL,0,0,NULL,NULL,NULL,NULL,'2022-10-12 08:18:55'),(3350,4,NULL,NULL,9,38,'Qari program','Class','2022-11-29 22:00:00',30,'','','Africa/Cairo',1,1,1,NULL,NULL,0,0,NULL,NULL,NULL,NULL,'2022-10-12 08:18:55'),(3351,4,NULL,NULL,9,38,'Qari program','Class','2022-12-06 22:00:00',30,'','','Africa/Cairo',1,1,1,NULL,NULL,0,0,NULL,NULL,NULL,NULL,'2022-10-12 08:18:55'),(3352,4,NULL,NULL,9,38,'Qari program','Class','2022-10-13 22:00:00',60,'','','Africa/Cairo',1,1,1,NULL,NULL,0,1,1,5,NULL,'النساء إلى 166+  quiz','2022-10-12 08:18:55'),(3353,4,NULL,NULL,9,38,'Qari program','Class','2022-10-20 22:00:00',60,'','','Africa/Cairo',1,1,1,NULL,NULL,0,0,NULL,NULL,NULL,NULL,'2022-10-12 08:18:55'),(3354,4,NULL,NULL,9,38,'Qari program','Class','2022-10-27 22:00:00',60,'','','Africa/Cairo',1,1,1,NULL,NULL,0,0,NULL,NULL,NULL,NULL,'2022-10-12 08:18:55'),(3355,4,NULL,NULL,9,38,'Qari program','Class','2022-11-03 22:00:00',60,'','','Africa/Cairo',1,1,1,NULL,NULL,0,0,NULL,NULL,NULL,NULL,'2022-10-12 08:18:55'),(3356,4,NULL,NULL,9,38,'Qari program','Class','2022-11-10 22:00:00',60,'','','Africa/Cairo',1,1,1,NULL,NULL,0,0,NULL,NULL,NULL,NULL,'2022-10-12 08:18:55'),(3357,4,NULL,NULL,9,38,'Qari program','Class','2022-11-17 22:00:00',60,'','','Africa/Cairo',1,1,1,NULL,NULL,0,0,NULL,NULL,NULL,NULL,'2022-10-12 08:18:55'),(3358,4,NULL,NULL,9,38,'Qari program','Class','2022-11-24 22:00:00',60,'','','Africa/Cairo',1,1,1,NULL,NULL,0,0,NULL,NULL,NULL,NULL,'2022-10-12 08:18:55'),(3359,4,NULL,NULL,9,38,'Qari program','Class','2022-12-01 22:00:00',60,'','','Africa/Cairo',1,1,1,NULL,NULL,0,0,NULL,NULL,NULL,NULL,'2022-10-12 08:18:55'),(3360,4,NULL,NULL,9,38,'Qari program','Class','2022-12-08 22:00:00',60,'','','Africa/Cairo',1,1,1,NULL,NULL,0,0,NULL,NULL,NULL,NULL,'2022-10-12 08:18:55'),(3361,119,NULL,NULL,11,60,'Pre-reading level','Class','2022-10-13 21:45:00',45,'','','Africa/Cairo',1,1,1,NULL,NULL,0,0,NULL,NULL,NULL,NULL,'2022-10-12 08:24:36'),(3362,119,NULL,NULL,11,60,'Pre-reading level','Class','2022-10-20 21:45:00',45,'','','Africa/Cairo',1,1,1,NULL,NULL,0,0,NULL,NULL,NULL,NULL,'2022-10-12 08:24:36'),(3363,119,NULL,NULL,11,60,'Pre-reading level','Class','2022-10-27 21:45:00',45,'','','Africa/Cairo',1,1,1,NULL,NULL,0,0,NULL,NULL,NULL,NULL,'2022-10-12 08:24:36'),(3364,119,NULL,NULL,11,60,'Pre-reading level','Class','2022-11-03 21:45:00',45,'','','Africa/Cairo',1,1,1,NULL,NULL,0,0,NULL,NULL,NULL,NULL,'2022-10-12 08:24:36'),(3365,119,NULL,NULL,11,60,'Pre-reading level','Class','2022-11-10 21:45:00',45,'','','Africa/Cairo',1,1,1,NULL,NULL,0,0,NULL,NULL,NULL,NULL,'2022-10-12 08:24:36'),(3366,119,NULL,NULL,11,60,'Pre-reading level','Class','2022-11-17 21:45:00',45,'','','Africa/Cairo',1,1,1,NULL,NULL,0,0,NULL,NULL,NULL,NULL,'2022-10-12 08:24:36'),(3367,119,NULL,NULL,11,60,'Pre-reading level','Class','2022-11-24 21:45:00',45,'','','Africa/Cairo',1,1,1,NULL,NULL,0,0,NULL,NULL,NULL,NULL,'2022-10-12 08:24:36'),(3368,119,NULL,NULL,11,60,'Pre-reading level','Class','2022-12-01 21:45:00',45,'','','Africa/Cairo',1,1,1,NULL,NULL,0,0,NULL,NULL,NULL,NULL,'2022-10-12 08:24:36'),(3369,119,NULL,NULL,11,60,'Pre-reading level','Class','2022-12-08 21:45:00',45,'','','Africa/Cairo',1,1,1,NULL,NULL,0,0,NULL,NULL,NULL,NULL,'2022-10-12 08:24:36'),(3370,4,NULL,NULL,9,38,'Qari program','Class','2022-12-13 22:00:00',60,'','','Africa/Cairo',1,1,1,NULL,NULL,0,0,NULL,NULL,NULL,NULL,'2022-10-12 08:55:04'),(3373,107,NULL,NULL,9,135,'Tajweed basics','Class','2022-10-19 10:00:00',60,'','','Africa/Cairo',1,1,1,NULL,NULL,0,0,NULL,NULL,NULL,NULL,'2022-10-12 12:11:56'),(3374,107,NULL,NULL,9,135,'Tajweed basics','Class','2022-10-26 10:00:00',60,'','','Africa/Cairo',1,1,1,NULL,NULL,0,0,NULL,NULL,NULL,NULL,'2022-10-12 12:11:56'),(3375,107,NULL,NULL,9,135,'Tajweed basics','Class','2022-11-02 10:00:00',60,'','','Africa/Cairo',1,1,1,NULL,NULL,0,0,NULL,NULL,NULL,NULL,'2022-10-12 12:11:56'),(3376,107,NULL,NULL,9,135,'Tajweed basics','Class','2022-11-09 10:00:00',60,'','','Africa/Cairo',1,1,1,NULL,NULL,0,0,NULL,NULL,NULL,NULL,'2022-10-12 12:11:56'),(3377,107,NULL,NULL,9,135,'Tajweed basics','Class','2022-11-16 10:00:00',60,'','','Africa/Cairo',1,1,1,NULL,NULL,0,0,NULL,NULL,NULL,NULL,'2022-10-12 12:11:56'),(3378,107,NULL,NULL,9,135,'Tajweed basics','Class','2022-11-23 10:00:00',60,'','','Africa/Cairo',1,1,1,NULL,NULL,0,0,NULL,NULL,NULL,NULL,'2022-10-12 12:11:56'),(3379,107,NULL,NULL,9,135,'Tajweed basics','Class','2022-11-30 10:00:00',60,'','','Africa/Cairo',1,1,1,NULL,NULL,0,0,NULL,NULL,NULL,NULL,'2022-10-12 12:11:56'),(3380,107,NULL,NULL,9,135,'Tajweed basics','Class','2022-12-07 10:00:00',60,'','','Africa/Cairo',1,1,1,NULL,NULL,0,0,NULL,NULL,NULL,NULL,'2022-10-12 12:11:56'),(3381,9,NULL,NULL,2,44,'Tajweed basics','Class','2022-11-06 18:00:00',60,'','','Africa/Cairo',1,1,1,NULL,NULL,0,0,NULL,NULL,NULL,NULL,'2022-10-12 14:24:13'),(3382,96,NULL,NULL,2,84,'Intermediate arabic','Class','2022-12-04 11:30:00',90,'','','Africa/Cairo',1,1,1,NULL,NULL,0,0,NULL,NULL,NULL,NULL,'2022-10-12 14:25:30'),(3383,14,NULL,NULL,4,102,'Upper-intermediate arabic','Class','2022-12-07 14:00:00',60,'','','Africa/Cairo',1,1,1,NULL,NULL,0,0,NULL,NULL,NULL,NULL,'2022-10-12 15:07:22'),(3384,98,NULL,NULL,8,133,'Pre-reading level','Class','2022-12-12 15:15:00',45,'','','Africa/Cairo',1,1,1,NULL,NULL,0,0,NULL,NULL,NULL,NULL,'2022-10-12 16:02:51'),(3385,116,NULL,NULL,8,34,'Tajweed basics','Class','2022-12-13 23:30:00',30,'','','Africa/Cairo',1,1,1,NULL,NULL,0,0,NULL,NULL,NULL,NULL,'2022-10-12 16:05:14'),(3386,6,NULL,NULL,9,91,'Foundation level','Class','2022-12-14 17:30:00',30,'','','Africa/Cairo',1,1,1,NULL,NULL,0,0,NULL,NULL,NULL,NULL,'2022-10-12 18:02:40'),(3387,19,NULL,NULL,10,104,'Foundation level','Class','2022-12-12 21:00:00',30,'','','Africa/Cairo',1,1,1,NULL,NULL,0,0,NULL,NULL,NULL,NULL,'2022-10-12 20:55:08'),(3388,3,NULL,NULL,9,22,'Foundation level','Class','2022-12-13 20:30:00',30,'','','Africa/Cairo',1,1,1,NULL,NULL,0,0,NULL,NULL,NULL,NULL,'2022-10-12 20:56:11'),(3389,19,NULL,NULL,10,104,'Foundation level','Class','2022-12-14 21:00:00',30,'','','Africa/Cairo',1,1,1,NULL,NULL,0,0,NULL,NULL,NULL,NULL,'2022-10-12 21:25:24'),(3390,50,NULL,NULL,11,126,'Foundation level','Class','2022-12-14 21:30:00',30,'','','Africa/Cairo',1,1,1,NULL,NULL,0,0,NULL,NULL,NULL,NULL,'2022-10-12 21:45:27'),(3391,93,NULL,NULL,11,53,'Foundation level','Class','2022-12-12 20:30:00',30,'','','Africa/Cairo',1,1,1,NULL,NULL,0,0,NULL,NULL,NULL,NULL,'2022-10-12 21:45:53'),(3392,105,NULL,NULL,19,136,'Tajweed basics','Class','2022-12-14 10:30:00',45,'','','Africa/Cairo',1,1,1,NULL,NULL,0,0,NULL,NULL,NULL,NULL,'2022-10-12 22:13:57'),(3393,5,NULL,NULL,9,30,'Foundation level','Class','2022-12-14 21:00:00',30,'','','Africa/Cairo',1,1,1,NULL,NULL,0,0,NULL,NULL,NULL,NULL,'2022-10-13 20:23:37'),(3394,3,NULL,NULL,9,22,'Foundation level','Class','2022-12-14 20:30:00',30,'','','Africa/Cairo',1,1,1,NULL,NULL,0,0,NULL,NULL,NULL,NULL,'2022-10-13 20:53:15'),(3395,5,NULL,NULL,9,30,'Foundation level','Class','2022-12-15 21:00:00',30,'','','Africa/Cairo',1,1,1,NULL,NULL,0,0,NULL,NULL,NULL,NULL,'2022-10-13 21:01:26'),(3396,13,NULL,NULL,4,41,'Intermediate arabic','Class','2022-12-15 16:30:00',60,'','','Africa/Cairo',1,1,1,NULL,NULL,0,0,NULL,NULL,NULL,NULL,'2022-10-13 22:25:01'),(3397,109,NULL,NULL,4,28,'Foundation level','Class','2022-12-14 22:00:00',30,'','','Africa/Cairo',1,1,1,NULL,NULL,0,0,NULL,NULL,NULL,NULL,'2022-10-13 22:25:44'),(3398,110,NULL,NULL,4,27,'Tajweed basics','Class','2022-12-14 22:30:00',30,'','','Africa/Cairo',1,1,1,NULL,NULL,0,0,NULL,NULL,NULL,NULL,'2022-10-13 22:25:56'),(3399,109,NULL,NULL,4,28,'Foundation level','Class','2022-12-15 22:00:00',30,'','','Africa/Cairo',1,1,1,NULL,NULL,0,0,NULL,NULL,NULL,NULL,'2022-10-13 22:27:05'),(3400,110,NULL,NULL,4,27,'Tajweed basics','Class','2022-12-15 22:30:00',30,'','','Africa/Cairo',1,1,1,NULL,NULL,0,0,NULL,NULL,NULL,NULL,'2022-10-13 22:34:26'),(3401,4,NULL,NULL,9,38,'Qari program','Class','2022-12-15 22:00:00',60,'','','Africa/Cairo',1,1,1,NULL,NULL,0,0,NULL,NULL,NULL,NULL,'2022-10-13 23:02:31');
/*!40000 ALTER TABLE `classes` ENABLE KEYS */;
UNLOCK TABLES;

--
-- Table structure for table `classesreq`
--

DROP TABLE IF EXISTS `classesreq`;
/*!40101 SET @saved_cs_client     = @@character_set_client */;
/*!50503 SET character_set_client = utf8mb4 */;
CREATE TABLE `classesreq` (
  `id` int NOT NULL AUTO_INCREMENT,
  `classID` int DEFAULT NULL,
  `teacherID` int DEFAULT NULL,
  `studentID` int DEFAULT NULL,
  `guardianID` int DEFAULT NULL COMMENT 'Notice : Not related yet (foreign key)',
  `teacherCancelReq` tinyint(1) DEFAULT NULL,
  `studentCancelReq` tinyint(1) DEFAULT NULL,
  `teacherReschedule` timestamp NULL DEFAULT NULL,
  `studentReschedule` timestamp NULL DEFAULT NULL,
  `enable` tinyint(1) NOT NULL DEFAULT '1',
  `createdAt` timestamp NOT NULL DEFAULT CURRENT_TIMESTAMP,
  PRIMARY KEY (`id`),
  KEY `trrel` (`teacherID`),
  KEY `srrel` (`studentID`),
  KEY `ccrrel` (`classID`),
  KEY `gcrrel` (`guardianID`),
  CONSTRAINT `ccrrel` FOREIGN KEY (`classID`) REFERENCES `classes` (`id`) ON DELETE CASCADE ON UPDATE CASCADE,
  CONSTRAINT `gcrrel` FOREIGN KEY (`guardianID`) REFERENCES `guardians` (`id`) ON DELETE CASCADE ON UPDATE CASCADE,
  CONSTRAINT `srrel` FOREIGN KEY (`studentID`) REFERENCES `students` (`id`) ON DELETE CASCADE ON UPDATE CASCADE,
  CONSTRAINT `trrel` FOREIGN KEY (`teacherID`) REFERENCES `teachers` (`id`) ON DELETE CASCADE ON UPDATE CASCADE
) ENGINE=InnoDB AUTO_INCREMENT=3 DEFAULT CHARSET=utf8mb3;
/*!40101 SET character_set_client = @saved_cs_client */;

--
-- Dumping data for table `classesreq`
--

LOCK TABLES `classesreq` WRITE;
/*!40000 ALTER TABLE `classesreq` DISABLE KEYS */;
/*!40000 ALTER TABLE `classesreq` ENABLE KEYS */;
UNLOCK TABLES;

--
-- Table structure for table `expenses`
--

DROP TABLE IF EXISTS `expenses`;
/*!40101 SET @saved_cs_client     = @@character_set_client */;
/*!50503 SET character_set_client = utf8mb4 */;
CREATE TABLE `expenses` (
  `id` int NOT NULL AUTO_INCREMENT,
  `process` varchar(50) DEFAULT NULL,
  `amount` int DEFAULT NULL,
  `createdAt` timestamp NOT NULL DEFAULT CURRENT_TIMESTAMP,
  PRIMARY KEY (`id`)
) ENGINE=InnoDB DEFAULT CHARSET=utf8mb3;
/*!40101 SET character_set_client = @saved_cs_client */;

--
-- Dumping data for table `expenses`
--

LOCK TABLES `expenses` WRITE;
/*!40000 ALTER TABLE `expenses` DISABLE KEYS */;
/*!40000 ALTER TABLE `expenses` ENABLE KEYS */;
UNLOCK TABLES;

--
-- Table structure for table `guardianinvoices`
--

DROP TABLE IF EXISTS `guardianinvoices`;
/*!40101 SET @saved_cs_client     = @@character_set_client */;
/*!50503 SET character_set_client = utf8mb4 */;
CREATE TABLE `guardianinvoices` (
  `id` int NOT NULL AUTO_INCREMENT,
  `guardianID` int DEFAULT NULL,
  `invoiceNumber` int DEFAULT NULL,
  `transferFess` int DEFAULT NULL,
  `extraAmount` int DEFAULT NULL,
  `totalAmountPaid` int DEFAULT NULL,
  `savedPaidHours` int DEFAULT NULL,
  `paymentMethod` varchar(10) DEFAULT NULL,
  `paymentDate` timestamp NULL DEFAULT NULL,
  `paid` tinyint(1) NOT NULL DEFAULT '2' COMMENT '1:Paid 2: Unpaid',
  `active` tinyint(1) NOT NULL DEFAULT '0' COMMENT '0: Inactive\r\n1: Active',
  `isSent` tinyint(1) NOT NULL DEFAULT '0' COMMENT '0: not seen 1: seen	',
  `establishedAt` timestamp NOT NULL DEFAULT CURRENT_TIMESTAMP,
  `createdAt` timestamp NOT NULL DEFAULT CURRENT_TIMESTAMP,
  PRIMARY KEY (`id`),
  KEY `girel` (`guardianID`),
  CONSTRAINT `girel` FOREIGN KEY (`guardianID`) REFERENCES `guardians` (`id`) ON DELETE CASCADE ON UPDATE CASCADE
) ENGINE=InnoDB AUTO_INCREMENT=127 DEFAULT CHARSET=utf8mb3;
/*!40101 SET character_set_client = @saved_cs_client */;

--
-- Dumping data for table `guardianinvoices`
--

LOCK TABLES `guardianinvoices` WRITE;
/*!40000 ALTER TABLE `guardianinvoices` DISABLE KEYS */;
INSERT INTO `guardianinvoices` VALUES (2,15,570,5,0,110,660,'1','2022-09-07 22:00:00',1,1,1,'2022-08-27 09:21:20','2022-08-27 09:30:00'),(3,22,571,6,0,220,1290,'1','2022-09-17 22:00:00',1,1,1,'2022-08-27 09:23:12','2022-08-27 10:00:00'),(4,19,586,5,5,100,540,'1','2022-09-17 22:00:00',1,1,1,'2022-08-27 09:26:56','2022-08-27 07:30:00'),(5,43,572,5,0,65,360,'1','2022-09-07 22:00:00',1,1,1,'2022-08-27 09:27:52','2022-08-27 06:00:00'),(6,30,0,1,1,15,90,'1','2022-09-11 22:00:00',1,1,1,'2022-08-27 09:28:56','2022-08-27 09:30:00'),(8,68,1,1,1,1,180,'0','2022-09-11 22:00:00',1,0,0,'2022-08-27 10:14:52','2022-08-28 06:00:00'),(9,86,566,5,0,95,540,'1','2022-08-26 22:00:00',1,1,1,'2022-08-27 10:54:38','2022-08-28 06:00:00'),(10,27,NULL,NULL,NULL,NULL,NULL,NULL,NULL,2,0,0,'2022-08-27 10:57:59','2022-08-28 06:00:00'),(11,23,NULL,NULL,NULL,NULL,NULL,NULL,NULL,2,0,0,'2022-08-28 16:19:58','2022-09-01 06:30:00'),(14,52,NULL,NULL,NULL,NULL,NULL,NULL,NULL,2,0,0,'2022-08-28 16:54:47','2022-08-29 06:00:00'),(18,60,NULL,NULL,NULL,NULL,NULL,NULL,NULL,2,0,0,'2022-08-28 17:16:20','2022-08-28 07:30:00'),(20,54,NULL,NULL,NULL,NULL,NULL,NULL,NULL,2,0,0,'2022-08-28 17:25:58','2022-08-28 08:00:00'),(21,24,561,5,0,45,240,'1','2022-09-17 22:00:00',1,1,1,'2022-08-28 17:27:45','2022-08-31 04:00:00'),(22,20,581,5,0,55,300,'1','2022-09-17 22:00:00',1,1,1,'2022-08-28 17:29:53','2022-09-01 01:00:00'),(23,5,569,5,0,103,585,'1','2022-09-18 22:00:00',1,1,1,'2022-08-28 17:30:34','2022-09-01 01:00:00'),(24,77,583,5,0,75,420,'1','2022-09-16 22:00:00',1,1,1,'2022-08-30 08:18:42','2022-08-30 04:30:00'),(25,42,0,0,0,53,315,'1','2022-08-13 22:00:00',1,1,1,'2022-08-30 08:20:33','2022-08-30 11:30:00'),(26,70,NULL,NULL,NULL,NULL,NULL,NULL,NULL,2,0,0,'2022-08-30 08:22:16','2022-08-30 05:30:00'),(30,46,NULL,NULL,NULL,NULL,NULL,NULL,NULL,2,0,0,'2022-08-30 08:32:18','2022-08-30 06:00:00'),(34,33,0,0,0,0,1560,'1','2022-09-17 22:00:00',2,1,1,'2022-08-30 09:12:29','2022-08-30 08:00:00'),(35,32,NULL,NULL,NULL,NULL,NULL,NULL,NULL,2,0,0,'2022-08-30 09:14:36','2022-08-30 07:00:00'),(36,58,562,5,0,15,90,'1','2022-08-25 22:00:00',1,1,1,'2022-08-31 07:27:13','2022-09-01 00:00:00'),(37,12,580,5,7,8,405,'1','2022-09-19 22:00:00',1,1,1,'2022-08-31 07:32:26','2022-09-01 13:00:00'),(38,4,582,5,0,95,540,'1','2022-09-17 22:00:00',1,1,1,'2022-08-31 07:34:15','2022-08-31 22:30:00'),(39,87,0,0,0,50,300,'1','2022-09-17 22:00:00',1,1,1,'2022-08-31 07:58:58','2022-08-31 13:00:00'),(40,88,0,0,0,50,300,'1','2022-09-17 22:00:00',1,1,1,'2022-08-31 07:59:57','2022-08-31 19:00:00'),(62,89,579,5,NULL,65,360,'1','2022-09-18 22:00:00',1,1,1,'2022-09-14 05:11:10','2022-09-14 05:15:00'),(65,57,NULL,NULL,NULL,NULL,60,NULL,NULL,2,0,0,'2022-09-14 05:25:13','2022-09-14 06:00:00'),(66,71,577,5,0,59,390,'1','2022-09-17 22:00:00',1,1,1,'2022-09-14 05:29:36','2022-09-14 06:00:00'),(71,55,574,5,0,180,1080,'1','2022-09-15 22:00:00',1,1,1,'2022-09-14 05:41:43','2022-09-14 06:00:00'),(72,56,NULL,NULL,NULL,NULL,60,NULL,NULL,2,0,0,'2022-09-14 05:42:13','2022-09-14 06:00:00'),(73,11,0,0,0,30,180,'1','2022-09-15 22:00:00',1,1,1,'2022-09-15 22:00:00','2022-09-16 05:50:34'),(76,16,0,0,0,15,90,'1','2022-09-17 22:00:00',1,1,1,'2022-09-17 22:00:00','2022-09-18 07:16:19'),(77,85,587,5,0,135,780,'1','2022-09-24 22:00:00',1,1,1,'2022-09-17 22:00:00','2022-09-18 07:18:39'),(78,23,0,0,0,20,120,'1','2022-09-17 22:00:00',1,1,1,'2022-09-17 22:00:00','2022-09-18 07:20:12'),(79,28,0,0,0,10,60,'1','2022-09-17 22:00:00',1,1,1,'2022-09-17 22:00:00','2022-09-18 07:23:24'),(80,29,0,0,0,75,450,'1','2022-09-17 22:00:00',1,1,1,'2022-09-17 22:00:00','2022-09-18 07:28:50'),(81,39,0,0,0,53,315,'1','2022-09-17 22:00:00',1,1,1,'2022-09-17 22:00:00','2022-09-18 07:34:00'),(82,46,0,0,0,30,180,'1','2022-09-17 22:00:00',1,1,1,'2022-09-17 22:00:00','2022-09-18 07:40:36'),(83,54,0,0,0,0,255,'1','2022-09-17 22:00:00',1,1,1,'2022-09-17 22:00:00','2022-09-18 07:42:12'),(84,58,0,0,0,10,60,'1','2022-09-17 22:00:00',1,1,1,'2022-09-17 22:00:00','2022-09-18 07:45:10'),(86,62,0,0,0,0,120,'1','2022-09-17 22:00:00',1,1,1,'2022-09-17 22:00:00','2022-09-18 08:02:41'),(87,68,0,0,0,105,630,'1','2022-09-17 22:00:00',1,1,1,'2022-09-17 22:00:00','2022-09-18 08:04:19'),(88,70,0,0,0,50,330,'1','2022-09-17 22:00:00',1,1,1,'2022-09-17 22:00:00','2022-09-18 08:14:51'),(89,9,0,0,0,25,150,'1','2022-09-17 22:00:00',1,1,1,'2022-09-17 22:00:00','2022-09-18 08:27:47'),(90,53,0,0,0,90,540,'1','2022-09-17 22:00:00',1,1,1,'2022-09-17 22:00:00','2022-09-18 08:28:25'),(91,42,0,0,0,52,315,'2','2022-09-17 22:00:00',1,1,1,'2022-09-10 22:00:00','2022-09-18 09:51:28'),(92,59,585,5,20,130,630,'1','2022-09-17 22:00:00',1,1,1,'2022-09-18 19:09:15','2022-09-18 19:10:00'),(93,86,584,5,0,105,600,'1','2022-09-25 22:00:00',1,1,1,'2022-09-17 22:00:00','2022-09-18 19:17:20'),(94,41,0,0,0,63,180,'1','2022-09-18 22:00:00',1,1,1,'2022-09-18 22:00:00','2022-09-19 08:26:50'),(95,28,0,0,0,60,390,'1','2022-09-27 22:00:00',2,1,1,'2022-09-18 22:00:00','2022-09-19 11:07:54'),(96,72,578,5,0,40,210,'1','2022-09-10 22:00:00',1,1,1,'2022-09-10 22:00:00','2022-09-19 11:23:02'),(97,65,0,5,0,0,675,'1','2022-10-08 22:00:00',2,1,1,'2022-09-24 10:20:30','2022-09-25 21:00:00'),(98,16,592,5,NULL,50,270,'1','2022-10-08 22:00:00',1,1,1,'2022-09-25 20:53:18','2022-09-25 20:30:00'),(99,71,NULL,NULL,NULL,NULL,1470,NULL,NULL,2,1,1,'2022-09-25 20:55:14','2022-09-23 22:15:00'),(100,30,0,5,NULL,50,330,'0','2022-09-29 22:00:00',2,1,1,'2022-09-26 21:03:50','2022-09-19 20:30:00'),(101,43,591,5,0,65,360,'1','2022-10-05 22:00:00',1,1,1,'2022-09-28 18:06:03','2022-10-03 17:30:00'),(102,87,598,5,0,180,960,'1','2022-10-06 22:00:00',1,1,1,'2022-10-01 13:27:20','2022-09-20 08:12:00'),(104,60,595,5,0,130,690,'1','2022-10-08 22:00:00',1,1,1,'2022-09-30 22:00:00','2022-10-01 21:58:24'),(105,39,596,5,0,155,900,'1','2022-10-05 22:00:00',1,1,1,'2022-10-02 11:06:38','2022-10-01 16:00:00'),(106,94,0,5,0,90,405,'1','2022-10-09 22:00:00',2,1,1,'2022-10-02 11:30:09','2022-10-09 10:30:00'),(107,92,593,5,0,50,270,'1','2022-10-04 22:00:00',1,1,1,'2022-10-02 11:46:33','2022-10-02 22:00:00'),(108,91,NULL,NULL,NULL,NULL,840,NULL,NULL,2,0,0,'2022-10-02 12:23:08','2022-10-02 20:30:00'),(109,62,0,0,NULL,0,300,'0','2022-10-04 22:00:00',2,1,1,'2022-10-02 17:40:17','2022-10-02 17:30:00'),(110,5,0,5,0,0,585,'1','2022-10-03 22:00:00',2,1,1,'2022-10-05 23:11:49','2022-10-02 15:15:00'),(111,58,0,5,0,0,540,'1','2022-10-08 22:00:00',2,1,1,'2022-10-05 23:13:22','2022-09-20 22:00:00'),(112,11,0,5,NULL,0,720,'0','2022-10-08 22:00:00',2,1,1,'2022-10-07 09:15:17','2022-09-14 18:00:00'),(113,15,0,5,0,50,270,'1','2022-10-08 22:00:00',2,1,1,'2022-10-07 21:03:18','2022-10-04 20:30:00'),(114,52,0,0,NULL,0,180,'1','2022-10-07 22:00:00',2,1,1,'2022-10-07 22:00:00','2022-10-08 09:29:57'),(115,91,599,5,0,63,345,'1','2022-10-08 22:00:00',1,1,1,'2022-10-07 22:00:00','2022-10-08 10:53:11'),(117,3,NULL,NULL,NULL,NULL,1620,NULL,NULL,2,0,0,'2022-10-09 06:42:22','2022-10-09 07:00:00'),(118,95,NULL,NULL,NULL,NULL,1620,NULL,NULL,2,0,0,'2022-10-09 08:51:29','2022-10-09 18:00:00'),(119,95,0,0,0,0,360,'5','2022-10-08 22:00:00',2,1,1,'2022-10-08 22:00:00','2022-10-09 08:56:19'),(120,4,0,5,0,0,540,'1','2022-10-09 22:00:00',2,1,1,'2022-10-09 15:25:53','2022-10-06 20:30:00'),(121,12,0,0,0,0,990,'1','2022-10-09 22:00:00',2,1,1,'2022-10-09 15:35:04','2022-09-28 15:15:00'),(122,41,0,5,NULL,0,300,'1','2022-10-01 22:00:00',2,1,1,'2022-10-01 22:00:00','2022-10-09 18:43:58'),(123,72,NULL,NULL,NULL,NULL,1620,NULL,NULL,2,1,0,'2022-10-09 23:53:37','2022-10-09 14:00:00'),(124,96,NULL,NULL,NULL,NULL,1350,NULL,NULL,2,1,0,'2022-10-10 18:14:33','2022-10-10 18:15:00'),(125,64,0,0,0,0,540,'1','2022-10-09 22:00:00',2,1,1,'2022-10-09 22:00:00','2022-10-10 21:22:20'),(126,22,NULL,NULL,NULL,NULL,2625,NULL,NULL,2,1,0,'2022-10-11 08:41:35','2022-09-24 10:07:00');
/*!40000 ALTER TABLE `guardianinvoices` ENABLE KEYS */;
UNLOCK TABLES;

--
-- Table structure for table `guardians`
--

DROP TABLE IF EXISTS `guardians`;
/*!40101 SET @saved_cs_client     = @@character_set_client */;
/*!50503 SET character_set_client = utf8mb4 */;
CREATE TABLE `guardians` (
  `id` int NOT NULL AUTO_INCREMENT,
  `name` varchar(50) DEFAULT NULL,
  `picture` varchar(100) DEFAULT NULL,
  `birthday` date DEFAULT NULL,
  `email` varchar(50) NOT NULL,
  `password` varchar(255) NOT NULL,
  `language` varchar(50) DEFAULT NULL,
  `phone` varchar(50) DEFAULT NULL,
  `address` varchar(255) DEFAULT NULL,
  `timeZone` varchar(255) DEFAULT NULL,
  `paymentType` tinyint(1) DEFAULT '1' COMMENT '1:Prepaid(Default), 2:Postpaid',
  `paymentMethod` varchar(20) DEFAULT NULL,
  `hoursPrice` int DEFAULT NULL,
  `transferPrice` int DEFAULT NULL,
  `status` tinyint(1) NOT NULL DEFAULT '2' COMMENT '1:Active, 2:Inactive',
  `token` int DEFAULT NULL,
  `createdAt` timestamp NOT NULL DEFAULT CURRENT_TIMESTAMP,
  PRIMARY KEY (`id`)
) ENGINE=InnoDB AUTO_INCREMENT=97 DEFAULT CHARSET=utf8mb3;
/*!40101 SET character_set_client = @saved_cs_client */;

--
-- Dumping data for table `guardians`
--

LOCK TABLES `guardians` WRITE;
/*!40000 ALTER TABLE `guardians` DISABLE KEYS */;
INSERT INTO `guardians` VALUES (3,'Faheem Hasan',NULL,'2022-04-13','faheem.hasan@gmail.com','$2a$10$a2GW6E7smZ2wWq/X3qjhT.BAY9vcqGab2FPeUHz7iSUMONSlQZqgu','null','0','New York, United States','Africa/Cairo',1,'Paypal',10,5,1,NULL,'2022-04-13 03:04:57'),(4,'Abdul-Rahaman Ismail',NULL,'2022-04-28','khomol@hotmail.com','$2a$10$BrfKyhkHJcaBcYZ2rSh/7ui759vDRSfVS/ID7MZIJctuWyKTGwr0i','English','447832345464','London, United Kingdom','Europe/London',1,'Paypal',10,5,1,NULL,'2022-04-13 03:06:17'),(5,'Waleed Ashraf',NULL,'2022-10-02','hellowaleed@hotmail.com','$2a$10$mopyO/AfI37bXWihh30Wme8lCzw9d7qE8TD8SBdQzRHlFNusUqdvi','English','0','Dubai ,United Arab Emirates','Asia/Dubai',1,'Paypal',10,5,1,NULL,'2022-04-13 03:07:40'),(6,'Sehrish Imdad',NULL,'2022-10-02','sehrishimdad@hotmail.com','$2a$10$wIyVOgzqphVfHFH.VGjERuuf23ygffMFRprxFotqsbaOOnor1jxIW','English','0','London, United Kingdom','Europe/London',1,'Paypal',10,5,1,NULL,'2022-04-13 03:09:52'),(7,'Sarah Mostafavi',NULL,NULL,'smostafavi@gmail.com','$2a$10$8qcw.CdQfP/88lvFIwM05u2/mjLjEWvwznOtR0hyqQ9UR7.q6cleu',NULL,'smostafavi@gmail.com','New York, United States','Africa/Cairo',1,NULL,NULL,NULL,2,NULL,'2022-04-13 03:12:11'),(8,'Alejandro Beck-Sosa',NULL,'2022-09-02','alejandrobecksosa@gmail.com','$2a$10$.lpw/BrTbtWpkeKW7qm2RuHLAbG66fOsE58bKlaqhmg3cevjeNcRW','null','0','New York, United States','Africa/Cairo',1,'Paypal',10,5,2,NULL,'2022-04-13 03:14:08'),(9,'Saima Rizvi',NULL,'2022-10-02','s_rizvi@sbcglobal.net','$2a$10$.5988yHQUoQqAe6S4K3eU.XDwTF7nNnE/SoZCAdMu7ds89DBzcjpO','English','0','3509 NW 1730 Edemond Okalhoma 73012','America/Chicago',1,'Paypal',10,5,1,NULL,'2022-04-13 03:17:27'),(10,'Ammon Winder',NULL,'2022-09-19','askchairmenkapow@gmail.com','$2a$10$HcAsmAGibdeQkQTDinMYme59rjuIsdVV7wfZOSK.LKbB6moywC.Ui','null','0','Charlottesville, Virginia, United States','Africa/Cairo',1,'null',10,5,2,NULL,'2022-04-13 03:20:08'),(11,'Anisa Abeytia',NULL,'2022-04-13','anisa@alumni.stanford.edu','$2a$10$Gk06ioE3cXAC60r73OkZR.WBJwFMYjURZ6deVI.H8/wOu65s30BWm','null','0','America/Los_Angeles','America/Los_Angeles',1,'null',10,5,2,NULL,'2022-04-13 03:21:36'),(12,'Anu KMT',NULL,'2022-09-19','akemet@kemethuntlaw.com','$2a$10$6PHMlsEMGOZPXHz6R0xT5ePah5F.8dRlsDq.0BJP/fY4PyHRvrabu','null','0','America/Chicago','Africa/Cairo',1,'null',10,5,2,NULL,'2022-04-13 03:23:35'),(13,'Zehra Wamiq',NULL,NULL,'zwamiq@gmail.com','$2a$10$EL5ah.L8CY.jZjzrPJCAuOnhXQbQfnVYUkwYQTvedBioLN9UsZtLa',NULL,'+16102097146','United States, Pennsylvinia','Africa/Cairo',1,NULL,NULL,NULL,2,NULL,'2022-04-13 03:25:27'),(14,'Awais Khan',NULL,'2022-09-19','mrawaisalikhan2006@gmail.com','$2a$10$MeQ62JxAUmGtfjIVOJ59ruhkoUsCm1zK11a8OPfBx20dPN.JtGTdK','null','0','London, United Kingdom ','Africa/Cairo',1,'null',10,5,2,NULL,'2022-04-13 03:27:00'),(15,'Sumayya Banu',NULL,'2022-10-02','sumzali2003@yahoo.com','$2a$10$LlNt/WNT4XnZ5qU3.n1l8.KwvQIN/VyqkEFBrBO8PXTs8u4zAwF7O','English','0','New York, United States','America/New_York',1,'Paypal',10,5,1,NULL,'2022-04-13 03:31:56'),(16,'Saida Malik',NULL,'2022-10-02','nyapt@hotmail.com','$2a$10$u.e4U1xMkNZYfz2u7DrdAuNsDUg2hKIxhfluIP5JQaXLCvAQ29SGy','English','0','Chicago, Illinois, United States ','America/Chicago',1,'Paypal',10,5,1,NULL,'2022-04-13 03:33:33'),(17,'Mostafa Kabaday',NULL,'2022-10-02','mkabadaya@gmail.com','$2a$10$n2KEZqOdbhMOblR2eftq9uPO8ejn/hQnW7bPVQul/.tStXTyxq7Lu','Arabic, English','0','California, United states','America/Los_Angeles',1,'Paypal',10,5,1,NULL,'2022-04-13 03:35:25'),(18,'Barra Ibrahim',NULL,'2022-09-19','bibrahim914@gmail.com','$2a$10$6al2.tXS06xfyAM8eCEa6eMuGB9SSJ8UOACUsuZWz6zk.gl2xry16','null','0','New York, United States ','Africa/Cairo',1,'null',10,5,2,NULL,'2022-04-13 03:37:47'),(19,'Waad Beaute',NULL,'2022-09-20','wai2894@gmail.com','$2a$10$7ZCx6YLmhdwu/m8xBcmmoOkbAD2jvyMyse0J2JE2Zpc0/WDYG0y/u','English','0','New York, United States ','America/New_York',1,'Paypal',10,5,1,NULL,'2022-04-13 03:40:13'),(20,'Ayu Abdullah',NULL,'2022-09-19','ayuabdullah@gmail.com','$2a$10$zYQMflTL9LyOwAMWBvJlR.SLpC3TvXI0sGEEfZneIzkLN5g/Ly8lG','null','0','Kuala Lumpur, Asia','Africa/Cairo',1,'null',10,5,2,NULL,'2022-04-13 03:41:26'),(21,'Noman Haider',NULL,'2022-10-02','haider.syedn@gmail.com','$2a$10$kjF5nAkzyBCtegcxPxwEeOvJnVzGEIKonNRQUU07lY2sdgHXma0nu','English','0','Chicago, United States ','America/Chicago',1,'Paypal',10,5,1,NULL,'2022-04-13 03:43:03'),(22,'Asma uddin',NULL,'2022-09-19','asmauddin@gmail.com','$2a$10$ofi4iXFFlzaGeUitSZLvo.Lb/NlaiZHXe.9NI9Ot1qdCCFghYqC22','null','0','Washington, United States ','Africa/Cairo',1,'null',10,0,2,NULL,'2022-04-13 03:45:56'),(23,'Danial Farooq',NULL,'2022-09-19','danialf64@gmail.com','$2a$10$6Yqm8RMgzMOAJeFn5TperOdy9tAV.VDZKJz.FkKxGQMoL4EJ6o1k.','null','0','London, United Kingdom ','Africa/Cairo',1,'null',8,5,2,NULL,'2022-04-13 03:47:07'),(24,'Fatema Ibrahim',NULL,'2022-09-19','liatris318@gmail.com','$2a$10$HNuk4QWMLD5z3e40S.qxUuiMNR4I1/Nf6fZD7xfsaKsmCrRB2xSWO','null','0','New York, United States ','Africa/Cairo',1,'null',10,5,2,NULL,'2022-04-13 03:50:56'),(25,'Saema Somalya',NULL,'2022-10-02','ssomalya@gmail.com','$2a$10$k/xP0wPcbRagoAH/wuIf3OEHtgAkjRNn1UavaexSOHFyd6p0jcmcC','English','0','Los Angeles, United States ','America/Los_Angeles',1,'Paypal',10,5,1,NULL,'2022-04-13 03:53:12'),(26,'Fouad Freude',NULL,'2022-09-19','mariofreude75@gmail.com','$2a$10$m6VgKiYlltHoXeBGzXR2EOO4rEQb94Vq5jbvByWnwEt3YS08Cjf2S','null','0','Mexico','Africa/Cairo',1,'null',10,5,2,NULL,'2022-04-13 03:54:21'),(27,'Gretchen Head',NULL,'2022-09-19','gretchen.head@yale-nus.edu.sg','$2a$10$FtBNGEt/3hrjVcXhskmXje85K//nIexHh/VbflNFTPFAumWlsKpr2','null','0','Singapore, Asia','Africa/Cairo',1,'null',20,5,2,NULL,'2022-04-13 03:55:20'),(28,'Tariq Sattar',NULL,'2022-10-02','drtariqsattar@gmail.com','$2a$10$1GNz34ze3itvlhrkqoaTAuixPxCUG6MtVXCCj5QUUa8tk1gfjfG52','English','0','Chicago, United States ','America/Chicago',1,'Paypal',10,5,1,NULL,'2022-04-13 03:56:33'),(29,'Majid Khan',NULL,'2022-09-19','Khanmajid246@yahoo.co.Uk','$2a$10$itM3jhtAUWu0Kc68.M61puSbTdAubIBIeTQHGv60FdRdb/ngmNJQW','null','0','London, United Kingdom ','Europe/London',1,'Paypal',10,5,1,NULL,'2022-04-13 03:57:52'),(30,'Haroon Moghul',NULL,'2022-09-19','Moghul@gmail.com','$2a$10$qDmaliYg3gysOW2HRyERz.nKe5BGfTwZY6Gt8TUhBZqO68fvCfE2m','null','0','Los Angeles, United States ','Africa/Cairo',1,'null',10,5,2,NULL,'2022-04-13 03:59:03'),(31,'Hina Guezmir',NULL,'2022-09-19','lymphnode@live.com','$2a$10$gpKDFo/e/1D2nyFWA8RMeucT50OuoEEhv2ZkS5TM4wm6KXLB.31R2','null','0','Los Angeles, United States ','Africa/Cairo',1,'null',12,5,2,NULL,'2022-04-13 04:00:30'),(32,'Huda Almarashi',NULL,'2022-04-28','huda.almarashi@gmail.com','$2a$10$2KZuAmm1NiJMCtt7HWgaxu2Q23AiTAzh0btudqGSi8uc8lHFWScw2','null','0','California, United States ','America/Los_Angeles',2,'Paypal',10,5,1,NULL,'2022-04-13 04:13:15'),(33,'Wasif Khan',NULL,'2022-10-02','wasifkhan786@hotmail.com','$2a$10$F3i5ePNEo4ZXgdvqz3hWpe9iXCirPLPdQZJEB2/Nm3bkKXaQYQIBW','English','0','London, United Kingdom','Europe/London',1,'Ria Transfer',9,0,1,NULL,'2022-04-13 09:12:12'),(34,'Zineb Abousalama',NULL,'2022-10-02','zineb3@gmail.com','$2a$10$WSGNosco0iP/iT9gRh8Wd.llpq0EHvfW2sQNloqEBMjwGukjmprra','English','410765932151','Adliswil, Switzerland','Europe/Amsterdam',1,'Paypal',10,5,1,NULL,'2022-04-13 09:14:43'),(35,'Sofia Ali-khan',NULL,'2022-10-02','sofianalikhan@gmail.com','$2a$10$jhBNDPf/03i1RtUWuOJceOs4qGJbVTn1vHOdV04RKaihSNv120Vrm','English','0','Canada','Canada/Eastern',1,'Paypal',10,5,1,NULL,'2022-04-13 09:16:49'),(36,'Jake Brancatella',NULL,'2022-09-19','jakebrancatella128@gmail.com','$2a$10$alaPrC3tsCPDKtvi6shdAOvid1eXciUr4Rb7VDrdKVg95.kpG5Nn2','null','0','New York, United States','America/New_York',1,'Paypal',10,5,1,NULL,'2022-04-13 09:19:27'),(37,'Ali Jones',NULL,'2022-09-19','Akenyele@gmail.com','$2a$10$BUAm1khBFxwsbdgvn9s1T.CsVjG4q.mVe6EtYUYS.brZVhimMjPyi','null','0','New York, United States','Africa/Cairo',1,'null',10,5,2,NULL,'2022-04-13 09:21:46'),(38,'Kamal Southall',NULL,'2022-09-19','Southallgroup@gmail.com','$2a$10$.osIfBY2jXN0Ls3NY0VmlORePFs/DUXW6bITt67sNgW26qOydukWi','null','0','Chicago, United States','America/Chicago',1,'Paypal',10,5,1,NULL,'2022-04-13 09:23:04'),(39,'Namirah Qureshi',NULL,'2022-10-02','drjamshed@gmail.com','$2a$10$14XleHQzDCA9JznVTNmRceBYpZoTXpeu4bCwPTlsWeb7Fr1AtT5E.','English','0','Illinois, United States','America/Chicago',1,'Paypal',10,5,1,NULL,'2022-04-13 09:25:08'),(40,'Jamshaid Ashraf',NULL,'2022-09-19','jimshaid@hotmail.com','$2a$10$tzRo60v9FC3aT.A49fZmkevrJegwZSsC0dtEoVeWQ8Q4jJZtyKCb6','null','0','Lahore, Pakistan, Asia','Asia/Karachi',1,'Paypal',10,5,1,NULL,'2022-04-13 09:27:59'),(41,'Ahmed Elsherbiny',NULL,'2022-09-19','mariamhamdyz@gmail.com','$2a$10$KbN7eLefBmKK1kFGUxjiiugPIqzrQGrlQ3YrUYZZNOBrVwkMBrS5q','null','0','Los Angeles, United States','America/Los_Angeles',1,'null',10,5,2,NULL,'2022-04-13 09:32:56'),(42,'Hams Mohamed',NULL,'2022-04-19','hams83@gmail.com','$2a$10$IDwkdz1zN7T/wtLnVs5PZuXqvwT/1K..wmGboZhTdSYb7nAGR8AZi','null','0','Cairo, Egypt','Africa/Cairo',1,'null',10,0,2,NULL,'2022-04-13 09:34:54'),(43,'Omar Mir',NULL,'2022-10-02','mariajqureshi@yahoo.com','$2a$10$76A/ci9hVd87BDmjJenA6OrGywYbPuAtt9tC7Y5MKlGGvOI7WMqzi','English','0',' Los Angeles, United States','America/Los_Angeles',1,'Paypal',10,5,1,NULL,'2022-04-13 09:36:18'),(44,'Zehra Hassan',NULL,'2022-04-28','zehrapaa@gmail.com','$2a$10$x6dRMgZf6qRpQn1jSxf8d.GYdHf6Mt1pzc75AK9tKlktOzplk.Zdq','null','0','New York, United States','America/New_York',2,'Paypal',8,5,1,NULL,'2022-04-13 09:37:47'),(45,'Zakiyyah Jones',NULL,'2022-10-02','zakiyyahjones1@gmail.com','$2a$10$0dWFO9iLPUG6e9KrWbxqoeHLh.48JoV0fYeQCzfv7IPdEltXLQRjm','English','0','Ohio, United States','America/New_York',1,'Paypal',10,5,1,NULL,'2022-04-13 09:39:07'),(46,'Nazia Begum',NULL,'2022-10-02','Naz__17__@hotmail.com','$2a$10$TB3/S7pKmojrqkbTys6FYOwYr/u0rDK6.rTtY7eV6ZfQlx6wEGQM2','English','0','London, United Kingdom','Europe/London',1,'Paypal',10,5,1,NULL,'2022-04-13 09:40:26'),(47,'Nick Orzech',NULL,'2022-10-02','nickorzech1@gmail.com','$2a$10$OIgTT3ypLtBhNQ8xpRAeQ.oCr0Areg2maocTeN4hj2hNPJk3UDQcC','English, Arabic','0','North Dakota - Center, United States','Africa/Cairo',1,'Paypal',10,5,1,NULL,'2022-04-13 09:51:15'),(48,'Noah Ali',NULL,'2022-10-02','drsaniajamshed@hmail.com','$2a$10$rRTJCJPGcu4Iq7I5.jt2t.zACaOQjpNzpN9cB6iEVZmWwUGXgzQLi','English','0','London, United Kingdom','Europe/London',1,'Paypal',10,5,1,NULL,'2022-04-13 09:54:18'),(49,'Nourane Ismail',NULL,'2022-10-02','nouism97@hotmail.fr','$2a$10$1.AcL6fTU2WY5TsVVmXiUOnzgvpRYt4umiF8CutHSkHFNlat08hz6','English, French, Arabic','0','Paris, France','Europe/Paris',1,'Paypal',10,5,1,NULL,'2022-04-13 09:55:43'),(50,'Nuh Mecci',NULL,'2022-10-02','worldbusinessstudios@gmail.com','$2a$10$SKTSy9Nnw8iMWkMi/GJDVO1GLSWwkCX6ppMfGneqydlluCLuODDvS','English','0','Chicago, United States','America/Chicago',1,'Paypal',10,5,1,NULL,'2022-04-13 10:00:33'),(51,'Omar Farooq',NULL,'2022-10-02','omar@eotd.xyz','$2a$10$gWlB6VM1/ZTxLFB4yy/Qkudduxtz9qYoAZ6niHglv9/haMAsE3UnW','English','0','Los Angeles, United States','Africa/Cairo',1,'Paypal',10,5,1,NULL,'2022-04-13 10:01:59'),(52,'Hisham Hamoda',NULL,'2022-08-28','omarrocks922@gmail.com','$2a$10$fTbz7YQQItGXQvZBfE2RxumfYxcIHGySxV7fFubMcobnEbuQfz.ue','null','0','Chicago, United States','Africa/Cairo',1,'Paypal',150,0,2,NULL,'2022-04-13 10:03:24'),(53,'Omar Mahmood',NULL,'2022-10-02','omar3000@gmail.com','$2a$10$hYtCxR0ZGHX5QNwNvASBUeEr/fSa1sEUNQS5bIqg1BpI/IiRcgERq','English','0','New York, United States','America/Chicago',1,'Paypal',10,5,1,NULL,'2022-04-13 10:05:16'),(54,'Ovamir Anjum',NULL,'2022-10-02','oganjum@gmail.com','$2a$10$n.PnZcz55lIDvNob5N1ZvuOxYldCMQGO0h2hX3AzqElAXFJGZ9JmC','English','0','New York, United States','America/New_York',1,'Paypal',10,5,1,NULL,'2022-04-13 10:06:46'),(55,'Rawan Ibrahim',NULL,'2022-08-02','rawan.ibrahim001@gmail.com','$2a$10$bFGuKOl.QeUJwick6KiZVeoMM5QCdOvrvQGkPmWcjDK2qxB1hPRyi','English','0','New York, United States','America/New_York',1,'Paypal',5,3,1,NULL,'2022-04-13 10:08:12'),(56,'Sana Malik',NULL,'2022-10-02','sanam805@gmail.com','$2a$10$fEtvdGeSnnzm/..4MoMNLuzWx50pezqu9hkp5qZElrHxFT1wfPhjW','English','0','New York, United States','America/New_York',1,'Paypal',10,5,1,NULL,'2022-04-13 10:39:05'),(57,'Ayesha Mattu',NULL,'2022-09-19','ayesha_mattu@yahoo.com','$2a$10$dRg75v4WaRPQrieYCKLo6.UzCCCd3eDmT5XZcsKhEJArierSXtgWm','null','0','Anchorage, United States','Africa/Cairo',1,'null',10,5,2,NULL,'2022-04-13 10:41:01'),(58,'Zahra Ahmed',NULL,'2022-10-02','zahra04@googlemail.com','$2a$10$nklBiyGhFAChp/xBwdMVD.k6dMzsdFT6xasrjy302wRHDb5UABehG','English','0','New York, United States','America/New_York',1,'Paypal',10,5,1,NULL,'2022-04-13 10:42:42'),(59,'Sadiuddin Saifuddin',NULL,'2022-10-02','sadiuddin@hotmail.com','$2a$10$dr2ypRKn6yBoisEf71S9m.m24eC2guOAZdv9ckHZBmNq73VAKOwTu','English','0','Sydney, Australia','Australia/Sydney',1,'Paypal',10,5,1,NULL,'2022-04-13 10:45:53'),(60,'Tania Amin',NULL,'2022-04-28','Taniamun654@gmail.com','$2a$10$B6id2ElvLK.b0xUCivkStOchutMSyIVbyTiLFQ/ejqp4bZtSFrWWW','English','0','Dallas, Texas, United States','America/Chicago',2,'Paypal',10,5,2,NULL,'2022-04-13 10:47:58'),(61,'Sharif Randhawa',NULL,'2022-10-02','msharif124@gmail.com','$2a$10$zr4QhBHkxwo7kV3pVJSsi.ThhA2U5pc73lxWnSuFaDfiMB02OPSpW','English','0',' Seneca Rd, New York, United States','America/New_York',1,'Paypal',10,5,1,NULL,'2022-04-13 10:51:04'),(62,'Dahlia Jaffer',NULL,'2022-09-19','dahlia_jaffer@yahoo.com','$2a$10$ZWCX4ybI4o2oif.k05QE0.LXtnnLFjfH11x95MECaQ8NaW3uMxI4K','null','0','Los Angeles, ','Africa/Cairo',1,'null',10,5,2,NULL,'2022-04-13 10:52:55'),(63,'Soaad Elbahwati',NULL,'2022-10-02','selbahwati@gmail.com','$2a$10$oSnWgY8nWMFk07ORP1Iw7ex4Ant7UQ4TopOnc0ZRWP1USwnqN7Aq2','English','0','Philadelphia, United States ','America/New_York',1,'Paypal',10,5,1,NULL,'2022-04-13 10:54:39'),(64,'Sohail Khan',NULL,'2022-10-03','sakhan31@hotmail.com','$2a$10$A8z1CFLwaDx8w7ykKJsIieqmoTjF9LZxZNC3BaTsODNvKohD4/aOS','English','0','London, United Kingdom','Europe/London',1,'Paypal',10,5,1,NULL,'2022-04-13 10:55:49'),(65,'Homayra Ziad',NULL,'2022-09-19','homayra@gmail.com','$2a$10$9D7do.A1PnSUGyeIyrz/Gepf4eUS6SxUJPhTOAT2k9tHlKFiYP8sy','null','0','New York, United States','Africa/Cairo',1,'null',10,5,2,NULL,'2022-04-13 10:57:38'),(66,'Mostafa Habib',NULL,'2022-10-02','habib.mostafa@gmail.com','$2a$10$dCpj0lWgAk/ayP2UE5SEdO8Q8kbuRxAA.tDJPD2Vfa1L0iPEPNAw2','English','0','New York, United States','America/New_York',1,'Paypal',10,5,1,NULL,'2022-04-13 10:59:21'),(67,'Tasneef Mahammad',NULL,'2022-10-02','tasneefm@gmail.com','$2a$10$hWlAkTXSCpFtO5QiLQIGAeEigwBfNO1UkM9H2CEczO.G49s6rYOmG','English','0','London, United Kingdom','Europe/London',1,'Paypal',10,5,1,NULL,'2022-04-13 11:00:38'),(68,'Waseem Butt',NULL,'2022-04-16','suuper7@gmail.com','$2a$10$QfsLx0YBUOTG8dIB5Oegw.a4xMdBE7iGro9cFS7PvBXYNVWqHmcZS','English','0','Los Angeles, United States','America/Chicago',1,'Paypal',8,5,1,NULL,'2022-04-13 11:02:35'),(69,'Sarah Khorshed',NULL,'2022-10-02','sarah.khorshed@gmail.com','$2a$10$brwaVgHFxPH1Jse4yMAEc.wmVMG9d9Db53e0ei2K6ZykRMHhBuSAC','Arabic, English','0','Los Angeles, United States','America/Los_Angeles',1,'Paypal',10,5,1,NULL,'2022-04-13 11:04:29'),(70,'Rand Abbas',NULL,'2022-10-02','rand_abbas@yahoo.ca','$2a$10$VrwJIxVzHrccL.FHhTW7L.OxSmVixV0dT5xf/RGbiHBhAI40T5op2','English','0','Los Angeles, United States','America/Los_Angeles',1,'5',10,0,1,NULL,'2022-04-13 11:06:12'),(71,'Iftekhar Hussain',NULL,'2022-04-13','Iftekharus@yahoo.com','$2a$10$ikD.y55upzCBT4NaR.ktzeE4snlkqGBdoLwfE8LlMbwxRRyJCCFc.','English','0','Chicago, United States','Africa/Cairo',1,'null',8,5,2,NULL,'2022-04-13 11:12:31'),(72,'Nabeel Khan',NULL,'2022-10-02','firdoszohan@yahoo.com','$2a$10$LFcgHeG36oa5aAs93sdFeOaX.lD8BmpT1ZiGeAYJVPpfw7l16Dru6','English','0','Chicago, United States','America/Chicago',1,'Paypal',10,5,1,NULL,'2022-04-13 11:14:13'),(73,'Bilal Ansari',NULL,'2022-09-19','bilal.w.ansari@gmail.com','$2a$10$TTI45ycMJn9uSRaFf5bF4.P3zQP2AFJiXdg7YtRPYR4tJs34bLJ3G','null','0','New York, United States','Africa/Cairo',1,'null',10,5,2,NULL,'2022-04-14 10:06:50'),(74,'Deen Ali',NULL,'2022-09-19','deen5719@outlook.com','$2a$10$WwmjMWlusxj8BK.okB9eyuNJIilI3Zzc/UY4EELc89EDistyitNwS','null','0','London, United Kingdom','Africa/Cairo',1,'null',10,5,2,NULL,'2022-04-14 10:14:04'),(76,'Nadia Begum',NULL,'1999-03-09','nadiabegum1999@icloud.com','$2a$10$0ZyLd9SnehgYkD5C87mM6uKQUJuLZCuW6Z6Y8CsqOBG1JMsM7kJdy','English','447564919001','Sheffield State, South Yorkshire, United Kingdom','Europe/London',1,'Paypal',NULL,NULL,2,NULL,'2022-05-08 10:15:18'),(77,'Samar Abbas',NULL,'2022-05-08','sabbas011@gmail.com','$2a$10$kGdAlzro5MO79ozvSk5Yje8IeaYgp3M7y8zao8z226.80Dw7f8gFe','English','19143464555','City: Harrison State: New York Country: United States','America/New_York',1,'PayPal',NULL,NULL,2,NULL,'2022-05-08 19:32:46'),(78,'Guardian Test','https://res.cloudinary.com/djhd6qba5/image/upload/v1662108211/Waraqa/xhl2j6gdyo9jsp4lnrpq.jpg','2022-05-13','g@gmail.com','$2a$10$UfjIU/PqtIh7w5EBsjSmouYDtrUVU0L0Z1zJeeQfUubWj7WoUeA4i','Arabic','18292000','Test','Europe/London',1,'Paypal',10,5,1,NULL,'2022-05-08 20:27:06'),(85,'Faraz Nomani',NULL,'2022-08-27','faraz.n.amin@gmail.com','$2a$10$zleL43en/UBxekCLkC1RSeqIsOZScpMNNGh9hVdyWkIQBrEvkkQd2','English','61431785232','Australia/Sydney','Australia/Sydney',1,'Paypal',10,5,1,NULL,'2022-08-27 09:53:46'),(86,'Ambereen Safiullah',NULL,'1989-06-22','amber.es@hotmail.com','$2a$10$nl8cb.Dc/tHihJpqj8GAxecLHKmgt.f7RkNfaY0H8FHH134PYPxDa','English','2819125649','Houston, TX, United States','Africa/Cairo',1,'PayPal',10,5,1,NULL,'2022-08-27 10:19:40'),(87,'Shahed Ashraf',NULL,'2022-10-02','rupumia@gmail.com','$2a$10$kes9EStahT9Y0M1LmJmwk.bYXIgu/Zhcgykr0V530lEKLXAEg.Tga','English','0','City: Oconomowoc State: WI Country: United States','Africa/Cairo',1,'Paypal',10,5,1,NULL,'2022-08-31 07:49:31'),(88,'Shain Patrick',NULL,'2022-10-02','shainpatrick36@gmail.com','$2a$10$FEp8Y6gXHMxNyJ89rDlv5uvWwZ3SgaUjM6h6qTCNQxz1381kwt3cG','English','0','City: Snohomish State: Washington Country: United States','America/Los_Angeles',1,'Paypal',10,5,1,NULL,'2022-08-31 07:51:01'),(89,'Aadil Ansareen',NULL,'2022-09-13','aadilansareen@gmail.com','$2a$10$Eh4vsp.msBM6oEOF3PAtLO5mhIzY/e5zhpk9zvU5zv5U621mX1tsq','English','61424370026','Austalia, Sydney','Australia/Sydney',1,'Paypal',10,5,1,NULL,'2022-09-13 08:40:20'),(90,'Saif Alam',NULL,'2022-09-14','sxxaif@gmail.com','$2a$10$8O9Xf80ao2j0MjVyTtmbbOehSiEGRZZ0yKQNhQwG4RXjRBlIsbgwy','English','917992417787','Asia/Kolkata','Asia/Kolkata',1,'Paypal',10,5,2,NULL,'2022-09-14 04:28:10'),(91,'Monem Gillan',NULL,'2022-10-08','mmgillan@yahoo.com','$2a$10$3U3mW7rIu6CcJmYqBR7N5OssYaItWlY1q80aBecI5bbKgzNp9gZ1u','English','4055705870','Edmond Oklahoma USA ','America/Chicago',1,'Paypal',10,5,1,NULL,'2022-09-20 13:01:17'),(92,'Amna Ahmad',NULL,'2022-09-28','amnaia@gmail.com','$2a$10$b8iWy787q7OaSqEOekfX1u0C16XjaGp17EjpRPX/ESKz4MMOLpnja','English','17189089086','City: Brooklyn State: New York Country: United States','Africa/Cairo',1,'Paypal',10,5,1,NULL,'2022-09-28 10:44:53'),(94,'Rashid Ahmed',NULL,'1958-01-04','abujawad1@gmail.com','$2a$10$DF0BjLrgZFnolFPg8hEJxed1MPQUyDoIkkSF3Fr.H1L3TgrsvEEWy','English','61423350395','City: AUBURN State: NSW Country: Australia','Australia/Sydney',1,'Paypal',NULL,NULL,2,NULL,'2022-10-02 11:19:36'),(95,'Mona Hamouda',NULL,'2022-10-09','monamoda@yahoo.com','$2a$10$dk1mq5Zlx.imTQEc8VUCKeTsuShzp4WX4XN5msUJTmun.NhPW/Q.O','Arabic, English','16042090522','City: Milton State: MA Country: United States','Africa/Cairo',1,'Cash',150,0,1,NULL,'2022-10-09 08:38:07'),(96,'Sara tarshouby',NULL,'2022-10-10','saratarshouby@gmail.com','$2a$10$yHVJicdX26Paf19SRgs.KuWzhIhFZvgAzrqLjA.Jix6gBI24.qvGS','Arabic, English','201061555339','City: Akoya compound , cairo Egypt Country: Egypt','Africa/Cairo',1,'Bank account',NULL,NULL,2,NULL,'2022-10-10 18:08:40');
/*!40000 ALTER TABLE `guardians` ENABLE KEYS */;
UNLOCK TABLES;

--
-- Table structure for table `notifications`
--

DROP TABLE IF EXISTS `notifications`;
/*!40101 SET @saved_cs_client     = @@character_set_client */;
/*!50503 SET character_set_client = utf8mb4 */;
CREATE TABLE `notifications` (
  `id` int NOT NULL AUTO_INCREMENT,
  `type` tinyint DEFAULT NULL COMMENT '0: no category, 1: Request, 2:Class, 3:Invoice',
  `admin` tinyint(1) DEFAULT NULL,
  `teacherID` int DEFAULT NULL,
  `guardianID` int DEFAULT NULL,
  `studentID` int DEFAULT NULL,
  `adminMsg` varchar(800) DEFAULT NULL,
  `teacherMsg` varchar(800) DEFAULT NULL,
  `guardianMsg` varchar(800) DEFAULT NULL,
  `seenByAdmin` tinyint NOT NULL DEFAULT '0',
  `seenByGuardian` tinyint NOT NULL DEFAULT '0',
  `seenByTeacher` tinyint NOT NULL DEFAULT '0',
  `createdAt` timestamp NOT NULL DEFAULT CURRENT_TIMESTAMP,
  PRIMARY KEY (`id`),
  KEY `gnrel` (`guardianID`),
  KEY `tnrel` (`teacherID`),
  KEY `snrel` (`studentID`),
  CONSTRAINT `gnrel` FOREIGN KEY (`guardianID`) REFERENCES `guardians` (`id`) ON DELETE CASCADE ON UPDATE CASCADE,
  CONSTRAINT `snrel` FOREIGN KEY (`studentID`) REFERENCES `students` (`id`) ON DELETE CASCADE ON UPDATE CASCADE,
  CONSTRAINT `tnrel` FOREIGN KEY (`teacherID`) REFERENCES `teachers` (`id`) ON DELETE CASCADE ON UPDATE CASCADE
) ENGINE=InnoDB AUTO_INCREMENT=937 DEFAULT CHARSET=utf8mb3;
/*!40101 SET character_set_client = @saved_cs_client */;

--
-- Dumping data for table `notifications`
--

LOCK TABLES `notifications` WRITE;
/*!40000 ALTER TABLE `notifications` DISABLE KEYS */;
INSERT INTO `notifications` VALUES (147,2,0,7,NULL,NULL,NULL,'Reminder: Submit class report of (Thursday, 1 Sep , 02:00 PM)\'s \n            class with student (Fawaz Nawaz) before (Tuesday, 4 Sep , 02:00 PM)',NULL,0,0,1,'2022-09-03 18:26:13'),(148,2,0,7,NULL,NULL,NULL,'Reminder: Submit class report of (Thursday, 1 Sep , 02:45 PM)\'s \n            class with student (Faraz Nawaz) before (Tuesday, 4 Sep , 02:45 PM)',NULL,0,0,0,'2022-09-03 18:26:13'),(159,2,0,12,78,NULL,NULL,'Thank you for reporting Student Test\'s absence.','Student Test missed today\'s class. We hope everything is going well.',0,0,1,'2022-09-04 05:35:43'),(160,2,0,12,78,NULL,NULL,'Thank you for reporting Student Test\'s absence.','Student Test missed today\'s class. We hope everything is going well.',0,0,1,'2022-09-04 05:40:47'),(189,2,0,10,56,NULL,NULL,'Thank you for reporting Inaya Mohiuddin\'s absence.','Inaya Mohiuddin missed today\'s class. We hope everything is going well.',0,0,0,'2022-09-05 20:29:45'),(190,2,0,10,NULL,NULL,NULL,'Reminder: Submit class report of (Saturday, 3 Sep , 08:30 PM)\'s \n            class with student (Zorayz Nabeel) before (Thursday, 6 Sep , 08:30 PM)',NULL,0,0,0,'2022-09-05 20:30:03'),(191,2,0,10,56,NULL,NULL,'Thank you for reporting Rayyaan Mohiuddin\'s absence.','Rayyaan Mohiuddin missed today\'s class. We hope everything is going well.',0,0,0,'2022-09-05 21:02:37'),(193,2,0,10,55,NULL,NULL,'Thank you for reporting Noah Mohamed\'s absence.','Noah Mohamed missed today\'s class. We hope everything is going well.',0,0,0,'2022-09-05 21:46:14'),(219,2,0,10,NULL,NULL,NULL,'Reminder: Submit class report of (Sunday, 4 Sep , 08:30 PM)\'s \n            class with student (Zoya Nabeel) before (Friday, 7 Sep , 08:30 PM)',NULL,0,0,0,'2022-09-07 20:59:59'),(223,2,0,10,NULL,NULL,NULL,'Reminder: Submit class report of (Sunday, 4 Sep , 09:00 PM)\'s \n            class with student (Zorayz Nabeel) before (Friday, 7 Sep , 09:00 PM)',NULL,0,0,0,'2022-09-07 20:59:59'),(226,2,0,12,NULL,NULL,NULL,'Reminder: Submit class report of (Tuesday, 6 Sep , 11:46 AM)\'s \n            class with student (Student Test) before (Sunday, 9 Sep , 11:46 AM)',NULL,0,0,0,'2022-09-08 13:40:24'),(250,2,0,12,78,NULL,NULL,'Thank you for reporting Student Test\'s absence.','Student Test missed today\'s class. We hope everything is going well.',0,0,1,'2022-09-09 13:16:23'),(259,2,0,12,78,NULL,NULL,'Thank you for reporting Student Test\'s absence.','Student Test missed today\'s class. We hope everything is going well.',0,0,0,'2022-09-09 13:33:25'),(261,2,0,12,78,NULL,NULL,'Thank you for reporting Student Test\'s absence.','Student Test missed today\'s class. We hope everything is going well.',0,0,1,'2022-09-09 13:46:29'),(263,2,0,12,78,NULL,NULL,'Thank you for reporting Student Test\'s absence.','Student Test missed today\'s class. We hope everything is going well.',0,0,1,'2022-09-09 13:49:12'),(273,2,0,12,78,NULL,NULL,'Thank you for reporting Student Test\'s absence.','Student Test missed today\'s class. We hope everything is going well.',0,0,0,'2022-09-11 15:12:08'),(275,2,0,12,78,NULL,NULL,'Thank you for reporting Student Test\'s absence.','Student Test missed today\'s class. We hope everything is going well.',0,0,0,'2022-09-11 15:41:18'),(280,2,0,12,78,NULL,NULL,'Thank you for reporting Student Test\'s absence.','Student Test missed today\'s class. We hope everything is going well.',0,0,0,'2022-09-11 20:53:59'),(283,2,0,12,78,NULL,NULL,'Thank you for reporting Student Test\'s absence.','Student Test missed today\'s class. We hope everything is going well.',0,1,0,'2022-09-12 16:18:11'),(288,2,0,12,78,NULL,NULL,'Thank you for reporting Student Test\'s absence.','Student Test missed today\'s class. We hope everything is going well.',0,0,0,'2022-09-12 16:28:58'),(293,2,0,12,78,NULL,NULL,'Thank you for reporting Student Test\'s absence.','Student Test missed today\'s class. We hope everything is going well.',0,0,0,'2022-09-12 19:54:15'),(363,2,0,12,89,NULL,NULL,'Thank you for reporting Aadil Ansareen\'s absence.','Aadil Ansareen missed today\'s class. We hope everything is going well.',0,1,0,'2022-09-14 05:55:47'),(364,2,0,12,7,NULL,NULL,'Thank you for reporting Ala Mostafavi\'s absence.','Ala Mostafavi missed today\'s class. We hope everything is going well.',0,0,0,'2022-09-14 05:57:14'),(365,2,0,12,7,NULL,NULL,'Thank you for reporting Lena Mostafavi\'s absence.','Lena Mostafavi missed today\'s class. We hope everything is going well.',0,0,0,'2022-09-14 05:57:33'),(366,2,0,12,4,NULL,NULL,'Thank you for reporting Abdul-Rahaman Ismail\'s absence.','Abdul-Rahaman Ismail missed today\'s class. We hope everything is going well.',0,0,0,'2022-09-14 05:58:53'),(369,2,0,2,86,NULL,NULL,'Thank you for reporting Ambereen Safiullah\'s absence.','Ambereen Safiullah missed today\'s class. We hope everything is going well.',0,0,0,'2022-09-14 07:55:23'),(372,2,0,12,86,NULL,NULL,'Thank you for reporting Ziyad Safiullah\'s absence.','Ziyad Safiullah missed today\'s class. We hope everything is going well.',0,0,0,'2022-09-14 07:56:08'),(379,2,0,5,11,NULL,NULL,'Thank you for reporting Asmaa yamani\'s absence.','Asmaa yamani missed today\'s class. We hope everything is going well.',0,0,1,'2022-09-14 18:16:11'),(382,2,0,9,19,NULL,NULL,'Thank you for reporting Celine E\'s absence.','Celine E missed today\'s class. We hope everything is going well.',0,0,0,'2022-09-15 21:07:35'),(383,2,0,8,NULL,NULL,NULL,'Reminder: Submit class report of (Tuesday, 13 Sep , 05:15 PM)\'s \n            class with student (Abdullah Waleed) before (Sunday, 16 Sep , 05:15 PM)',NULL,0,0,0,'2022-09-15 22:26:54'),(386,2,0,12,15,NULL,NULL,'Thank you for reporting Ayaan Ahmed\'s absence.','Ayaan Ahmed missed today\'s class. We hope everything is going well.',0,0,0,'2022-09-16 04:30:13'),(387,2,0,12,24,NULL,NULL,'Thank you for reporting Fatema Ibrahim\'s absence.','Fatema Ibrahim missed today\'s class. We hope everything is going well.',0,0,0,'2022-09-16 04:34:12'),(390,2,0,12,32,NULL,NULL,'Thank you for reporting Kareem Jaffer\'s absence.','Kareem Jaffer missed today\'s class. We hope everything is going well.',0,0,0,'2022-09-16 04:48:37'),(392,2,0,12,42,NULL,NULL,'Thank you for reporting Mia Mohamed\'s absence.','Mia Mohamed missed today\'s class. We hope everything is going well.',0,0,0,'2022-09-16 04:51:19'),(393,2,0,12,42,NULL,NULL,'Thank you for reporting Mia Mohamed\'s absence.','Mia Mohamed missed today\'s class. We hope everything is going well.',0,0,0,'2022-09-16 04:51:49'),(394,2,0,12,42,NULL,NULL,'Thank you for reporting Mia Mohamed\'s absence.','Mia Mohamed missed today\'s class. We hope everything is going well.',0,0,0,'2022-09-16 04:52:00'),(397,2,0,12,60,NULL,NULL,'Thank you for reporting Hafeey Shah\'s absence.','Hafeey Shah missed today\'s class. We hope everything is going well.',0,0,0,'2022-09-16 05:31:09'),(400,2,0,12,72,NULL,NULL,'Thank you for reporting Zoya Nabeel\'s absence.','Zoya Nabeel missed today\'s class. We hope everything is going well.',0,0,0,'2022-09-16 05:41:15'),(401,2,0,12,72,NULL,NULL,'Thank you for reporting Zorayz Nabeel\'s absence.','Zorayz Nabeel missed today\'s class. We hope everything is going well.',0,0,0,'2022-09-16 05:41:43'),(404,2,0,8,NULL,NULL,NULL,'Reminder: Submit class report of (Thursday, 15 Sep , 11:30 PM)\'s \n            class with student (Ziyad Safiullah) before (Tuesday, 18 Sep , 11:30 PM)',NULL,0,0,0,'2022-09-17 23:14:31'),(405,2,0,8,NULL,NULL,NULL,'Reminder: Submit class report of (Friday, 16 Sep , 12:00 AM)\'s \n            class with student (Noah Mohamed) before (Wednesday, 19 Sep , 12:00 AM)',NULL,0,0,0,'2022-09-17 23:14:31'),(406,2,0,8,NULL,NULL,NULL,'Reminder: Submit class report of (Friday, 16 Sep , 12:30 AM)\'s \n            class with student (Eesa Ahmed) before (Wednesday, 19 Sep , 12:30 AM)',NULL,0,0,0,'2022-09-17 23:14:31'),(409,2,0,5,NULL,NULL,NULL,'Reminder: Submit class report of (Tuesday, 13 Sep , 07:00 PM)\'s \n            class with student (Mia Mohamed) before (Sunday, 16 Sep , 07:00 PM)',NULL,0,0,0,'2022-09-18 07:59:10'),(410,2,0,5,NULL,NULL,NULL,'Reminder: Submit class report of (Wednesday, 14 Sep , 12:00 PM)\'s \n            class with student (Nazia Begum) before (Monday, 17 Sep , 12:00 PM)',NULL,0,0,0,'2022-09-18 07:59:10'),(411,2,0,5,NULL,NULL,NULL,'Reminder: Submit class report of (Wednesday, 14 Sep , 09:00 PM)\'s \n            class with student (Barra Ibrahim) before (Monday, 17 Sep , 09:00 PM)',NULL,0,0,0,'2022-09-18 07:59:10'),(412,2,0,5,NULL,NULL,NULL,'Reminder: Submit class report of (Tuesday, 13 Sep , 08:00 PM)\'s \n            class with student (Asmaa yamani) before (Sunday, 16 Sep , 08:00 PM)',NULL,0,0,0,'2022-09-18 07:59:10'),(426,2,0,5,39,NULL,NULL,'Thank you for reporting Leya Qureshi\'s absence.','Leya Qureshi missed today\'s class. We hope everything is going well.',0,0,0,'2022-09-18 10:09:43'),(427,2,0,5,39,NULL,NULL,'Thank you for reporting Manahil Qureshi\'s absence.','Manahil Qureshi missed today\'s class. We hope everything is going well.',0,0,0,'2022-09-18 10:09:54'),(430,2,0,12,33,NULL,NULL,'Thank you for reporting Ibrahiem Wasif\'s absence.','Ibrahiem Wasif missed today\'s class. We hope everything is going well.',0,0,0,'2022-09-18 10:49:08'),(431,2,0,12,33,NULL,NULL,'Thank you for reporting Essa Wasif\'s absence.','Essa Wasif missed today\'s class. We hope everything is going well.',0,0,0,'2022-09-18 10:49:19'),(450,2,0,6,NULL,NULL,NULL,'Reminder: Submit class report of (Thursday, 15 Sep , 06:45 PM)\'s \n            class with student (Yousef Soliman) before (Tuesday, 18 Sep , 06:45 PM)',NULL,0,0,0,'2022-09-19 08:43:47'),(451,2,0,6,NULL,NULL,NULL,'Reminder: Submit class report of (Thursday, 15 Sep , 07:30 PM)\'s \n            class with student (Maryam Soliman) before (Tuesday, 18 Sep , 07:30 PM)',NULL,0,0,0,'2022-09-19 08:43:47'),(452,2,0,6,NULL,NULL,NULL,'Reminder: Submit class report of (Thursday, 15 Sep , 12:00 PM)\'s \n            class with student (Ali Hisham) before (Tuesday, 18 Sep , 12:00 PM)',NULL,0,0,0,'2022-09-19 08:43:47'),(462,2,0,8,NULL,NULL,NULL,'Reminder: Submit class report of (Friday, 16 Sep , 10:00 AM)\'s \n            class with student (Abdul-Rahaman Ismail) before (Wednesday, 19 Sep , 10:00 AM)',NULL,0,0,0,'2022-09-19 23:14:27'),(463,2,0,8,NULL,NULL,NULL,'Reminder: Submit class report of (Saturday, 17 Sep , 10:00 AM)\'s \n            class with student (Abdul-Rahaman Ismail) before (Thursday, 20 Sep , 10:00 AM)',NULL,0,0,0,'2022-09-19 23:14:27'),(464,2,0,8,NULL,NULL,NULL,'Reminder: Submit class report of (Friday, 16 Sep , 11:00 PM)\'s \n            class with student (Aadil Ansareen) before (Wednesday, 19 Sep , 11:00 PM)',NULL,0,0,0,'2022-09-19 23:14:27'),(473,2,0,5,11,NULL,NULL,'Thank you for reporting Asmaa yamani\'s absence.','Asmaa yamani missed today\'s class. We hope everything is going well.',0,0,1,'2022-09-20 18:20:04'),(486,2,0,7,NULL,NULL,NULL,'Reminder: Submit class report of (Sunday, 18 Sep , 08:30 AM)\'s \n            class with student (Sohail Khan) before (Friday, 21 Sep , 08:30 AM)',NULL,0,0,0,'2022-09-21 20:41:15'),(487,2,0,7,NULL,NULL,NULL,'Reminder: Submit class report of (Saturday, 17 Sep , 08:30 AM)\'s \n            class with student (Sohail Khan) before (Thursday, 20 Sep , 08:30 AM)',NULL,0,0,0,'2022-09-21 20:41:15'),(488,2,0,7,NULL,NULL,NULL,'Reminder: Submit class report of (Sunday, 18 Sep , 07:00 PM)\'s \n            class with student (Hafeey Shah) before (Friday, 21 Sep , 07:00 PM)',NULL,0,0,0,'2022-09-21 20:41:15'),(491,2,0,11,NULL,NULL,NULL,'Reminder: Submit class report of (Sunday, 18 Sep , 08:00 PM)\'s \n            class with student (Rahma Anjum) before (Friday, 21 Sep , 08:00 PM)',NULL,0,0,0,'2022-09-22 18:14:06'),(500,2,0,11,NULL,NULL,NULL,'Reminder: Submit class report of (Saturday, 17 Sep , 08:00 PM)\'s \n            class with student (Essa Wasif) before (Thursday, 20 Sep , 08:00 PM)',NULL,0,0,0,'2022-09-22 18:14:06'),(501,2,0,11,NULL,NULL,NULL,'Reminder: Submit class report of (Tuesday, 20 Sep , 08:00 PM)\'s \n            class with student (Essa Wasif) before (Sunday, 23 Sep , 08:00 PM)',NULL,0,0,0,'2022-09-22 18:14:06'),(502,2,0,11,NULL,NULL,NULL,'Reminder: Submit class report of (Sunday, 18 Sep , 08:30 PM)\'s \n            class with student (Ibrahiem Wasif) before (Friday, 21 Sep , 08:30 PM)',NULL,0,0,0,'2022-09-22 18:14:06'),(503,2,0,11,NULL,NULL,NULL,'Reminder: Submit class report of (Wednesday, 14 Sep , 08:30 PM)\'s \n            class with student (Ibrahiem Wasif) before (Monday, 17 Sep , 08:30 PM)',NULL,0,0,0,'2022-09-22 18:14:06'),(504,2,0,11,NULL,NULL,NULL,'Reminder: Submit class report of (Monday, 19 Sep , 08:30 PM)\'s \n            class with student (Ibrahiem Wasif) before (Saturday, 22 Sep , 08:30 PM)',NULL,0,0,1,'2022-09-22 18:14:06'),(505,2,0,11,NULL,NULL,NULL,'Reminder: Submit class report of (Wednesday, 14 Sep , 08:00 PM)\'s \n            class with student (Rawan Ibrahim) before (Monday, 17 Sep , 08:00 PM)',NULL,0,0,0,'2022-09-22 18:14:06'),(506,2,0,11,NULL,NULL,NULL,'Reminder: Submit class report of (Sunday, 18 Sep , 11:30 PM)\'s \n            class with student (Mikael Ahmed) before (Friday, 21 Sep , 11:30 PM)',NULL,0,0,0,'2022-09-22 18:14:06'),(509,2,0,11,NULL,NULL,NULL,'Reminder: Submit class report of (Monday, 19 Sep , 10:30 PM)\'s \n            class with student (Reza Haroon) before (Saturday, 22 Sep , 10:30 PM)',NULL,0,0,0,'2022-09-22 18:14:06'),(510,2,0,11,NULL,NULL,NULL,'Reminder: Submit class report of (Friday, 16 Sep , 08:30 PM)\'s \n            class with student (Ibrahiem Wasif) before (Wednesday, 19 Sep , 08:30 PM)',NULL,0,0,0,'2022-09-22 18:14:06'),(511,2,0,11,NULL,NULL,NULL,'Reminder: Submit class report of (Monday, 19 Sep , 08:00 PM)\'s \n            class with student (Essa Wasif) before (Saturday, 22 Sep , 08:00 PM)',NULL,0,0,1,'2022-09-22 18:14:06'),(512,2,0,11,NULL,NULL,NULL,'Reminder: Submit class report of (Wednesday, 14 Sep , 08:00 PM)\'s \n            class with student (Essa Wasif) before (Monday, 17 Sep , 08:00 PM)',NULL,0,0,0,'2022-09-22 18:14:06'),(513,2,0,11,NULL,NULL,NULL,'Reminder: Submit class report of (Sunday, 18 Sep , 08:00 PM)\'s \n            class with student (Essa Wasif) before (Friday, 21 Sep , 08:00 PM)',NULL,0,0,0,'2022-09-22 18:14:06'),(514,2,0,11,NULL,NULL,NULL,'Reminder: Submit class report of (Friday, 16 Sep , 08:00 PM)\'s \n            class with student (Essa Wasif) before (Wednesday, 19 Sep , 08:00 PM)',NULL,0,0,0,'2022-09-22 18:14:06'),(515,2,0,11,NULL,NULL,NULL,'Reminder: Submit class report of (Saturday, 17 Sep , 08:30 PM)\'s \n            class with student (Ibrahiem Wasif) before (Thursday, 20 Sep , 08:30 PM)',NULL,0,0,0,'2022-09-22 18:14:06'),(518,2,0,11,NULL,NULL,NULL,'Reminder: Submit class report of (Friday, 16 Sep , 04:00 PM)\'s \n            class with student (Fatema Ibrahim) before (Wednesday, 19 Sep , 04:00 PM)',NULL,0,0,0,'2022-09-22 18:14:06'),(522,2,0,8,NULL,NULL,NULL,'Reminder: Submit class report of (Wednesday, 21 Sep , 12:30 AM)\'s \n            class with student (Eesa Ahmed) before (Monday, 24 Sep , 12:30 AM)',NULL,0,0,0,'2022-09-23 13:26:43'),(523,2,0,8,NULL,NULL,NULL,'Reminder: Submit class report of (Tuesday, 20 Sep , 07:00 PM)\'s \n            class with student (Shain Patrick) before (Sunday, 23 Sep , 07:00 PM)',NULL,0,0,0,'2022-09-23 13:26:43'),(524,2,0,8,NULL,NULL,NULL,'Reminder: Submit class report of (Wednesday, 21 Sep , 12:00 AM)\'s \n            class with student (Saad Mohamed) before (Monday, 24 Sep , 12:00 AM)',NULL,0,0,0,'2022-09-23 13:26:43'),(526,2,0,5,NULL,NULL,NULL,'Reminder: Submit class report of (Wednesday, 21 Sep , 09:00 PM)\'s \n            class with student (Barra Ibrahim) before (Monday, 24 Sep , 09:00 PM)',NULL,0,0,0,'2022-09-24 09:02:46'),(539,2,0,5,11,NULL,NULL,'Thank you for reporting Asmaa yamani\'s absence.','Asmaa yamani missed today\'s class. We hope everything is going well.',0,0,1,'2022-09-24 18:33:42'),(540,2,0,12,37,NULL,NULL,'Thank you for reporting Amira Ali\'s absence.','Amira Ali missed today\'s class. We hope everything is going well.',0,0,0,'2022-09-25 08:37:47'),(541,2,0,12,37,NULL,NULL,'Thank you for reporting Jebril Ali\'s absence.','Jebril Ali missed today\'s class. We hope everything is going well.',0,0,0,'2022-09-25 08:38:02'),(542,2,0,12,37,NULL,NULL,'Thank you for reporting Omar Ali\'s absence.','Omar Ali missed today\'s class. We hope everything is going well.',0,0,0,'2022-09-25 08:38:13'),(543,2,0,12,38,NULL,NULL,'Thank you for reporting Kamal Southall\'s absence.','Kamal Southall missed today\'s class. We hope everything is going well.',0,0,0,'2022-09-25 08:38:22'),(545,2,0,12,76,NULL,NULL,'Thank you for reporting Nadia Begum\'s absence.','Nadia Begum missed today\'s class. We hope everything is going well.',0,0,0,'2022-09-25 08:38:39'),(546,2,0,12,48,NULL,NULL,'Thank you for reporting Noah Ali\'s absence.','Noah Ali missed today\'s class. We hope everything is going well.',0,0,0,'2022-09-25 08:38:47'),(547,2,0,12,49,NULL,NULL,'Thank you for reporting Nourane Ismail\'s absence.','Nourane Ismail missed today\'s class. We hope everything is going well.',0,0,0,'2022-09-25 08:38:55'),(550,2,0,11,NULL,NULL,NULL,'Reminder: Submit class report of (Wednesday, 21 Sep , 11:30 PM)\'s \n            class with student (Mikael Ahmed) before (Monday, 24 Sep , 11:30 PM)',NULL,0,0,0,'2022-09-25 10:05:10'),(551,2,0,11,NULL,NULL,NULL,'Reminder: Submit class report of (Wednesday, 21 Sep , 08:00 PM)\'s \n            class with student (Essa Wasif) before (Monday, 24 Sep , 08:00 PM)',NULL,0,0,0,'2022-09-25 10:05:10'),(554,2,0,8,NULL,NULL,NULL,'Reminder: Submit class report of (Friday, 23 Sep , 12:30 AM)\'s \n            class with student (Eesa Ahmed) before (Wednesday, 26 Sep , 12:30 AM)',NULL,0,0,1,'2022-09-25 13:04:48'),(555,2,0,5,39,NULL,NULL,'Thank you for reporting Leya Qureshi\'s absence.','Leya Qureshi missed today\'s class. We hope everything is going well.',0,0,0,'2022-09-25 16:14:43'),(558,2,0,11,NULL,NULL,NULL,'Reminder: Submit class report of (Friday, 23 Sep , 04:00 PM)\'s \n            class with student (Fatema Ibrahim) before (Wednesday, 26 Sep , 04:00 PM)',NULL,0,0,0,'2022-09-26 07:21:32'),(559,2,0,7,NULL,NULL,NULL,'Reminder: Submit class report of (Saturday, 24 Sep , 08:30 AM)\'s \n            class with student (Sohail Khan) before (Thursday, 27 Sep , 08:30 AM)',NULL,0,0,0,'2022-09-26 07:30:43'),(563,2,0,11,NULL,NULL,NULL,'Reminder: Submit class report of (Saturday, 24 Sep , 08:00 PM)\'s \n            class with student (Essa Wasif) before (Thursday, 27 Sep , 08:00 PM)',NULL,0,0,0,'2022-09-26 20:40:03'),(564,2,0,11,NULL,NULL,NULL,'Reminder: Submit class report of (Saturday, 24 Sep , 08:30 PM)\'s \n            class with student (Ibrahiem Wasif) before (Thursday, 27 Sep , 08:30 PM)',NULL,0,0,0,'2022-09-26 20:40:03'),(566,2,0,10,NULL,NULL,NULL,'Reminder: Submit class report of (Sunday, 18 Sep , 11:30 PM)\'s \n            class with student (Noah Mohamed) before (Friday, 21 Sep , 11:30 PM)',NULL,0,0,1,'2022-09-26 20:57:52'),(571,2,0,10,NULL,NULL,NULL,'Reminder: Submit class report of (Monday, 19 Sep , 11:00 PM)\'s \n            class with student (Noah Mohamed) before (Saturday, 22 Sep , 11:00 PM)',NULL,0,0,0,'2022-09-26 20:57:52'),(572,2,0,10,NULL,NULL,NULL,'Reminder: Submit class report of (Monday, 19 Sep , 10:30 PM)\'s \n            class with student (Rayyaan Mohiuddin) before (Saturday, 22 Sep , 10:30 PM)',NULL,0,0,0,'2022-09-26 20:57:52'),(573,2,0,10,NULL,NULL,NULL,'Reminder: Submit class report of (Wednesday, 21 Sep , 11:00 PM)\'s \n            class with student (Noah Mohamed) before (Monday, 24 Sep , 11:00 PM)',NULL,0,0,0,'2022-09-26 20:57:52'),(574,2,0,10,NULL,NULL,NULL,'Reminder: Submit class report of (Monday, 19 Sep , 10:00 PM)\'s \n            class with student (Inaya Mohiuddin) before (Saturday, 22 Sep , 10:00 PM)',NULL,0,0,0,'2022-09-26 20:57:52'),(584,2,0,8,NULL,NULL,NULL,'Reminder: Submit class report of (Monday, 26 Sep , 12:00 AM)\'s \n            class with student (Farah Waseem) before (Friday, 28 Sep , 11:00 PM)',NULL,0,0,0,'2022-09-28 16:05:22'),(585,2,0,8,NULL,NULL,NULL,'Reminder: Submit class report of (Monday, 26 Sep , 12:00 AM)\'s \n            class with student (Saad Mohamed) before (Friday, 28 Sep , 11:00 PM)',NULL,0,0,0,'2022-09-28 16:05:22'),(586,2,0,8,NULL,NULL,NULL,'Reminder: Submit class report of (Monday, 26 Sep , 05:15 PM)\'s \n            class with student (Ansar KMT) before (Saturday, 29 Sep , 04:15 PM)',NULL,0,0,0,'2022-09-28 16:05:22'),(592,2,0,11,NULL,NULL,NULL,'Reminder: Submit class report of (Sunday, 25 Sep , 11:30 PM)\'s \n            class with student (Mikael Ahmed) before (Friday, 28 Sep , 10:30 PM)',NULL,0,0,0,'2022-09-28 20:10:10'),(593,2,0,10,NULL,NULL,NULL,'Reminder: Submit class report of (Sunday, 25 Sep , 11:30 PM)\'s \n            class with student (Noah Mohamed) before (Friday, 28 Sep , 10:30 PM)',NULL,0,0,0,'2022-09-28 20:51:54'),(594,2,0,10,NULL,NULL,NULL,'Reminder: Submit class report of (Monday, 26 Sep , 10:00 PM)\'s \n            class with student (Inaya Mohiuddin) before (Saturday, 29 Sep , 09:00 PM)',NULL,0,0,0,'2022-09-28 20:51:54'),(595,2,0,10,NULL,NULL,NULL,'Reminder: Submit class report of (Monday, 26 Sep , 10:30 PM)\'s \n            class with student (Rayyaan Mohiuddin) before (Saturday, 29 Sep , 09:30 PM)',NULL,0,0,0,'2022-09-28 20:51:54'),(596,2,0,10,NULL,NULL,NULL,'Reminder: Submit class report of (Monday, 26 Sep , 11:00 PM)\'s \n            class with student (Noah Mohamed) before (Saturday, 29 Sep , 10:00 PM)',NULL,0,0,0,'2022-09-28 21:11:08'),(598,2,0,8,NULL,NULL,NULL,'Reminder: Submit class report of (Monday, 26 Sep , 07:00 PM)\'s \n            class with student (Shain Patrick) before (Saturday, 29 Sep , 06:00 PM)',NULL,0,0,0,'2022-09-29 11:02:22'),(600,2,0,9,22,NULL,NULL,'Thank you for reporting Zaynab Ahmed\'s absence.','Zaynab Ahmed missed today\'s class. We hope everything is going well.',0,0,1,'2022-09-29 22:07:49'),(601,2,0,8,NULL,NULL,NULL,'Reminder: Submit class report of (Wednesday, 28 Sep , 12:30 AM)\'s \n            class with student (Eesa Ahmed) before (Monday, 1 Oct , 12:30 AM)',NULL,0,0,0,'2022-09-29 22:37:52'),(603,2,0,8,NULL,NULL,NULL,'Reminder: Submit class report of (Tuesday, 27 Sep , 11:30 PM)\'s \n            class with student (Ziyad Safiullah) before (Sunday, 30 Sep , 10:30 PM)',NULL,0,0,0,'2022-09-29 22:37:52'),(604,2,0,8,NULL,NULL,NULL,'Reminder: Submit class report of (Tuesday, 27 Sep , 07:00 PM)\'s \n            class with student (Shain Patrick) before (Sunday, 30 Sep , 06:00 PM)',NULL,0,0,0,'2022-09-29 22:37:52'),(605,2,0,8,NULL,NULL,NULL,'Reminder: Submit class report of (Wednesday, 28 Sep , 12:00 AM)\'s \n            class with student (Saad Mohamed) before (Monday, 1 Oct , 12:00 AM)',NULL,0,0,0,'2022-09-29 22:37:52'),(607,2,0,7,NULL,NULL,NULL,'Reminder: Submit class report of (Sunday, 25 Sep , 08:30 AM)\'s \n            class with student (Sohail Khan) before (Friday, 28 Sep , 07:30 AM)',NULL,0,0,0,'2022-09-29 22:39:34'),(608,2,0,7,NULL,NULL,NULL,'Reminder: Submit class report of (Sunday, 25 Sep , 07:00 PM)\'s \n            class with student (Hafeey Shah) before (Friday, 28 Sep , 06:00 PM)',NULL,0,0,0,'2022-09-29 22:39:34'),(609,2,0,7,NULL,NULL,NULL,'Reminder: Submit class report of (Tuesday, 27 Sep , 12:15 AM)\'s \n            class with student (Zohan Iftekhar) before (Saturday, 29 Sep , 11:15 PM)',NULL,0,0,0,'2022-09-29 22:39:34'),(614,2,0,11,NULL,NULL,NULL,'Reminder: Submit class report of (Wednesday, 28 Sep , 11:30 PM)\'s \n            class with student (Mikael Ahmed) before (Monday, 1 Oct , 11:30 PM)',NULL,0,0,0,'2022-10-01 06:10:46'),(615,2,0,11,NULL,NULL,NULL,'Reminder: Submit class report of (Wednesday, 28 Sep , 08:00 PM)\'s \n            class with student (Rawan Ibrahim) before (Monday, 1 Oct , 08:00 PM)',NULL,0,0,0,'2022-10-01 06:10:46'),(616,3,NULL,11,NULL,NULL,NULL,'We\'d like to let you know that your invoice is now available on the Waraqa web platform; please for more details check bills section in your account.',NULL,0,0,0,'2022-10-01 06:10:46'),(618,3,NULL,19,NULL,NULL,NULL,'We\'d like to let you know that your invoice is now available on the Waraqa web platform; please for more details check bills section in your account.',NULL,0,0,0,'2022-10-01 06:12:09'),(619,3,NULL,12,NULL,NULL,NULL,'We\'d like to let you know that your invoice is now available on the Waraqa web platform; please for more details check bills section in your account.',NULL,0,0,0,'2022-10-01 06:12:09'),(620,3,NULL,2,NULL,NULL,NULL,'We\'d like to let you know that your invoice is now available on the Waraqa web platform; please for more details check bills section in your account.',NULL,0,0,0,'2022-10-01 06:12:09'),(621,3,NULL,2,NULL,NULL,NULL,'We\'d like to let you know that your invoice is now available on the Waraqa web platform; please for more details check bills section in your account.',NULL,0,0,0,'2022-10-01 06:12:09'),(622,3,NULL,12,NULL,NULL,NULL,'We\'d like to let you know that your invoice is now available on the Waraqa web platform; please for more details check bills section in your account.',NULL,0,0,0,'2022-10-01 06:12:09'),(623,3,NULL,12,NULL,NULL,NULL,'We\'d like to let you know that your invoice is now available on the Waraqa web platform; please for more details check bills section in your account.',NULL,0,0,0,'2022-10-01 06:12:09'),(624,3,NULL,12,NULL,NULL,NULL,'We\'d like to let you know that your invoice is now available on the Waraqa web platform; please for more details check bills section in your account.',NULL,0,0,0,'2022-10-01 06:12:09'),(625,3,NULL,12,NULL,NULL,NULL,'We\'d like to let you know that your invoice is now available on the Waraqa web platform; please for more details check bills section in your account.',NULL,0,0,0,'2022-10-01 06:12:09'),(626,3,NULL,12,NULL,NULL,NULL,'We\'d like to let you know that your invoice is now available on the Waraqa web platform; please for more details check bills section in your account.',NULL,0,0,0,'2022-10-01 06:12:09'),(627,3,NULL,12,NULL,NULL,NULL,'We\'d like to let you know that your invoice is now available on the Waraqa web platform; please for more details check bills section in your account.',NULL,0,0,0,'2022-10-01 06:12:09'),(628,3,NULL,12,NULL,NULL,NULL,'We\'d like to let you know that your invoice is now available on the Waraqa web platform; please for more details check bills section in your account.',NULL,0,0,0,'2022-10-01 06:12:09'),(629,3,NULL,19,NULL,NULL,NULL,'We\'d like to let you know that your invoice is now available on the Waraqa web platform; please for more details check bills section in your account.',NULL,0,0,0,'2022-10-01 06:12:09'),(630,3,NULL,12,NULL,NULL,NULL,'We\'d like to let you know that your invoice is now available on the Waraqa web platform; please for more details check bills section in your account.',NULL,0,0,0,'2022-10-01 06:12:09'),(631,3,NULL,2,NULL,NULL,NULL,'We\'d like to let you know that your invoice is now available on the Waraqa web platform; please for more details check bills section in your account.',NULL,0,0,0,'2022-10-01 06:12:09'),(632,3,NULL,12,NULL,NULL,NULL,'We\'d like to let you know that your invoice is now available on the Waraqa web platform; please for more details check bills section in your account.',NULL,0,0,0,'2022-10-01 06:12:09'),(633,3,NULL,12,NULL,NULL,NULL,'We\'d like to let you know that your invoice is now available on the Waraqa web platform; please for more details check bills section in your account.',NULL,0,0,0,'2022-10-01 06:12:09'),(634,3,NULL,12,NULL,NULL,NULL,'We\'d like to let you know that your invoice is now available on the Waraqa web platform; please for more details check bills section in your account.',NULL,0,0,0,'2022-10-01 06:12:09'),(635,3,NULL,12,NULL,NULL,NULL,'We\'d like to let you know that your invoice is now available on the Waraqa web platform; please for more details check bills section in your account.',NULL,0,0,0,'2022-10-01 06:12:09'),(636,3,NULL,9,NULL,NULL,NULL,'We\'d like to let you know that your invoice is now available on the Waraqa web platform; please for more details check bills section in your account.',NULL,0,0,0,'2022-10-01 06:12:09'),(637,3,NULL,12,NULL,NULL,NULL,'We\'d like to let you know that your invoice is now available on the Waraqa web platform; please for more details check bills section in your account.',NULL,0,0,0,'2022-10-01 06:12:09'),(638,3,NULL,12,NULL,NULL,NULL,'We\'d like to let you know that your invoice is now available on the Waraqa web platform; please for more details check bills section in your account.',NULL,0,0,0,'2022-10-01 06:12:09'),(639,3,NULL,12,NULL,NULL,NULL,'We\'d like to let you know that your invoice is now available on the Waraqa web platform; please for more details check bills section in your account.',NULL,0,0,0,'2022-10-01 06:12:09'),(640,3,NULL,2,NULL,NULL,NULL,'We\'d like to let you know that your invoice is now available on the Waraqa web platform; please for more details check bills section in your account.',NULL,0,0,0,'2022-10-01 06:12:09'),(641,3,NULL,12,NULL,NULL,NULL,'We\'d like to let you know that your invoice is now available on the Waraqa web platform; please for more details check bills section in your account.',NULL,0,0,0,'2022-10-01 06:12:09'),(642,3,NULL,9,NULL,NULL,NULL,'We\'d like to let you know that your invoice is now available on the Waraqa web platform; please for more details check bills section in your account.',NULL,0,0,0,'2022-10-01 06:12:09'),(643,3,NULL,2,NULL,NULL,NULL,'We\'d like to let you know that your invoice is now available on the Waraqa web platform; please for more details check bills section in your account.',NULL,0,0,0,'2022-10-01 06:12:09'),(644,3,NULL,12,NULL,NULL,NULL,'We\'d like to let you know that your invoice is now available on the Waraqa web platform; please for more details check bills section in your account.',NULL,0,0,0,'2022-10-01 06:12:09'),(645,3,NULL,9,NULL,NULL,NULL,'We\'d like to let you know that your invoice is now available on the Waraqa web platform; please for more details check bills section in your account.',NULL,0,0,0,'2022-10-01 06:12:09'),(646,3,NULL,9,NULL,NULL,NULL,'We\'d like to let you know that your invoice is now available on the Waraqa web platform; please for more details check bills section in your account.',NULL,0,0,0,'2022-10-01 06:12:09'),(647,3,NULL,2,NULL,NULL,NULL,'We\'d like to let you know that your invoice is now available on the Waraqa web platform; please for more details check bills section in your account.',NULL,0,0,0,'2022-10-01 06:12:09'),(648,3,NULL,12,NULL,NULL,NULL,'We\'d like to let you know that your invoice is now available on the Waraqa web platform; please for more details check bills section in your account.',NULL,0,0,0,'2022-10-01 06:12:09'),(649,3,NULL,12,NULL,NULL,NULL,'We\'d like to let you know that your invoice is now available on the Waraqa web platform; please for more details check bills section in your account.',NULL,0,0,0,'2022-10-01 06:12:09'),(650,3,NULL,12,NULL,NULL,NULL,'We\'d like to let you know that your invoice is now available on the Waraqa web platform; please for more details check bills section in your account.',NULL,0,0,0,'2022-10-01 06:12:09'),(651,3,NULL,12,NULL,NULL,NULL,'We\'d like to let you know that your invoice is now available on the Waraqa web platform; please for more details check bills section in your account.',NULL,0,0,0,'2022-10-01 06:12:09'),(652,3,NULL,9,NULL,NULL,NULL,'We\'d like to let you know that your invoice is now available on the Waraqa web platform; please for more details check bills section in your account.',NULL,0,0,0,'2022-10-01 06:12:09'),(653,3,NULL,2,NULL,NULL,NULL,'We\'d like to let you know that your invoice is now available on the Waraqa web platform; please for more details check bills section in your account.',NULL,0,0,0,'2022-10-01 06:12:09'),(654,3,NULL,12,NULL,NULL,NULL,'We\'d like to let you know that your invoice is now available on the Waraqa web platform; please for more details check bills section in your account.',NULL,0,0,0,'2022-10-01 06:12:09'),(655,3,NULL,9,NULL,NULL,NULL,'We\'d like to let you know that your invoice is now available on the Waraqa web platform; please for more details check bills section in your account.',NULL,0,0,0,'2022-10-01 06:12:09'),(656,3,NULL,9,NULL,NULL,NULL,'We\'d like to let you know that your invoice is now available on the Waraqa web platform; please for more details check bills section in your account.',NULL,0,0,0,'2022-10-01 06:12:09'),(657,3,NULL,12,NULL,NULL,NULL,'We\'d like to let you know that your invoice is now available on the Waraqa web platform; please for more details check bills section in your account.',NULL,0,0,0,'2022-10-01 06:12:09'),(658,3,NULL,12,NULL,NULL,NULL,'We\'d like to let you know that your invoice is now available on the Waraqa web platform; please for more details check bills section in your account.',NULL,0,0,0,'2022-10-01 06:12:09'),(659,3,NULL,9,NULL,NULL,NULL,'We\'d like to let you know that your invoice is now available on the Waraqa web platform; please for more details check bills section in your account.',NULL,0,0,0,'2022-10-01 06:12:09'),(660,3,NULL,12,NULL,NULL,NULL,'We\'d like to let you know that your invoice is now available on the Waraqa web platform; please for more details check bills section in your account.',NULL,0,0,0,'2022-10-01 06:12:09'),(661,3,NULL,9,NULL,NULL,NULL,'We\'d like to let you know that your invoice is now available on the Waraqa web platform; please for more details check bills section in your account.',NULL,0,0,0,'2022-10-01 06:12:09'),(662,3,NULL,9,NULL,NULL,NULL,'We\'d like to let you know that your invoice is now available on the Waraqa web platform; please for more details check bills section in your account.',NULL,0,0,0,'2022-10-01 06:12:09'),(663,3,NULL,9,NULL,NULL,NULL,'We\'d like to let you know that your invoice is now available on the Waraqa web platform; please for more details check bills section in your account.',NULL,0,0,0,'2022-10-01 06:12:09'),(664,3,NULL,9,NULL,NULL,NULL,'We\'d like to let you know that your invoice is now available on the Waraqa web platform; please for more details check bills section in your account.',NULL,0,0,0,'2022-10-01 06:12:09'),(665,3,NULL,9,NULL,NULL,NULL,'We\'d like to let you know that your invoice is now available on the Waraqa web platform; please for more details check bills section in your account.',NULL,0,0,0,'2022-10-01 06:12:09'),(666,3,NULL,12,NULL,NULL,NULL,'We\'d like to let you know that your invoice is now available on the Waraqa web platform; please for more details check bills section in your account.',NULL,0,0,0,'2022-10-01 06:12:09'),(667,3,NULL,9,NULL,NULL,NULL,'We\'d like to let you know that your invoice is now available on the Waraqa web platform; please for more details check bills section in your account.',NULL,0,0,0,'2022-10-01 06:12:09'),(668,3,NULL,9,NULL,NULL,NULL,'We\'d like to let you know that your invoice is now available on the Waraqa web platform; please for more details check bills section in your account.',NULL,0,0,0,'2022-10-01 06:12:09'),(669,3,NULL,9,NULL,NULL,NULL,'We\'d like to let you know that your invoice is now available on the Waraqa web platform; please for more details check bills section in your account.',NULL,0,0,0,'2022-10-01 06:12:09'),(670,3,NULL,12,NULL,NULL,NULL,'We\'d like to let you know that your invoice is now available on the Waraqa web platform; please for more details check bills section in your account.',NULL,0,0,0,'2022-10-01 06:12:09'),(671,3,NULL,2,NULL,NULL,NULL,'We\'d like to let you know that your invoice is now available on the Waraqa web platform; please for more details check bills section in your account.',NULL,0,0,0,'2022-10-01 06:12:09'),(672,3,NULL,9,NULL,NULL,NULL,'We\'d like to let you know that your invoice is now available on the Waraqa web platform; please for more details check bills section in your account.',NULL,0,0,0,'2022-10-01 06:12:09'),(673,3,NULL,12,NULL,NULL,NULL,'We\'d like to let you know that your invoice is now available on the Waraqa web platform; please for more details check bills section in your account.',NULL,0,0,0,'2022-10-01 06:12:09'),(674,3,NULL,9,NULL,NULL,NULL,'We\'d like to let you know that your invoice is now available on the Waraqa web platform; please for more details check bills section in your account.',NULL,0,0,0,'2022-10-01 06:12:09'),(675,3,NULL,10,NULL,NULL,NULL,'We\'d like to let you know that your invoice is now available on the Waraqa web platform; please for more details check bills section in your account.',NULL,0,0,0,'2022-10-01 06:12:09'),(676,3,NULL,12,NULL,NULL,NULL,'We\'d like to let you know that your invoice is now available on the Waraqa web platform; please for more details check bills section in your account.',NULL,0,0,0,'2022-10-01 06:12:09'),(677,3,NULL,9,NULL,NULL,NULL,'We\'d like to let you know that your invoice is now available on the Waraqa web platform; please for more details check bills section in your account.',NULL,0,0,0,'2022-10-01 06:12:09'),(678,3,NULL,9,NULL,NULL,NULL,'We\'d like to let you know that your invoice is now available on the Waraqa web platform; please for more details check bills section in your account.',NULL,0,0,0,'2022-10-01 06:12:09'),(679,3,NULL,9,NULL,NULL,NULL,'We\'d like to let you know that your invoice is now available on the Waraqa web platform; please for more details check bills section in your account.',NULL,0,0,0,'2022-10-01 06:12:09'),(680,3,NULL,12,NULL,NULL,NULL,'We\'d like to let you know that your invoice is now available on the Waraqa web platform; please for more details check bills section in your account.',NULL,0,0,0,'2022-10-01 06:12:09'),(681,3,NULL,9,NULL,NULL,NULL,'We\'d like to let you know that your invoice is now available on the Waraqa web platform; please for more details check bills section in your account.',NULL,0,0,0,'2022-10-01 06:12:09'),(682,3,NULL,12,NULL,NULL,NULL,'We\'d like to let you know that your invoice is now available on the Waraqa web platform; please for more details check bills section in your account.',NULL,0,0,0,'2022-10-01 06:12:09'),(683,3,NULL,12,NULL,NULL,NULL,'We\'d like to let you know that your invoice is now available on the Waraqa web platform; please for more details check bills section in your account.',NULL,0,0,0,'2022-10-01 06:12:09'),(684,3,NULL,9,NULL,NULL,NULL,'We\'d like to let you know that your invoice is now available on the Waraqa web platform; please for more details check bills section in your account.',NULL,0,0,0,'2022-10-01 06:12:09'),(685,3,NULL,12,NULL,NULL,NULL,'We\'d like to let you know that your invoice is now available on the Waraqa web platform; please for more details check bills section in your account.',NULL,0,0,0,'2022-10-01 06:12:09'),(686,3,NULL,9,NULL,NULL,NULL,'We\'d like to let you know that your invoice is now available on the Waraqa web platform; please for more details check bills section in your account.',NULL,0,0,0,'2022-10-01 06:12:09'),(687,3,NULL,12,NULL,NULL,NULL,'We\'d like to let you know that your invoice is now available on the Waraqa web platform; please for more details check bills section in your account.',NULL,0,0,0,'2022-10-01 06:12:09'),(688,3,NULL,9,NULL,NULL,NULL,'We\'d like to let you know that your invoice is now available on the Waraqa web platform; please for more details check bills section in your account.',NULL,0,0,0,'2022-10-01 06:12:09'),(689,3,NULL,12,NULL,NULL,NULL,'We\'d like to let you know that your invoice is now available on the Waraqa web platform; please for more details check bills section in your account.',NULL,0,0,0,'2022-10-01 06:12:09'),(690,3,NULL,9,NULL,NULL,NULL,'We\'d like to let you know that your invoice is now available on the Waraqa web platform; please for more details check bills section in your account.',NULL,0,0,0,'2022-10-01 06:12:09'),(691,3,NULL,9,NULL,NULL,NULL,'We\'d like to let you know that your invoice is now available on the Waraqa web platform; please for more details check bills section in your account.',NULL,0,0,0,'2022-10-01 06:12:09'),(692,3,NULL,12,NULL,NULL,NULL,'We\'d like to let you know that your invoice is now available on the Waraqa web platform; please for more details check bills section in your account.',NULL,0,0,0,'2022-10-01 06:12:09'),(693,3,NULL,12,NULL,NULL,NULL,'We\'d like to let you know that your invoice is now available on the Waraqa web platform; please for more details check bills section in your account.',NULL,0,0,0,'2022-10-01 06:12:09'),(694,3,NULL,12,NULL,NULL,NULL,'We\'d like to let you know that your invoice is now available on the Waraqa web platform; please for more details check bills section in your account.',NULL,0,0,0,'2022-10-01 06:12:09'),(695,3,NULL,9,NULL,NULL,NULL,'We\'d like to let you know that your invoice is now available on the Waraqa web platform; please for more details check bills section in your account.',NULL,0,0,0,'2022-10-01 06:12:09'),(696,3,NULL,9,NULL,NULL,NULL,'We\'d like to let you know that your invoice is now available on the Waraqa web platform; please for more details check bills section in your account.',NULL,0,0,0,'2022-10-01 06:12:09'),(697,3,NULL,9,NULL,NULL,NULL,'We\'d like to let you know that your invoice is now available on the Waraqa web platform; please for more details check bills section in your account.',NULL,0,0,0,'2022-10-01 06:12:09'),(698,3,NULL,9,NULL,NULL,NULL,'We\'d like to let you know that your invoice is now available on the Waraqa web platform; please for more details check bills section in your account.',NULL,0,0,0,'2022-10-01 06:12:09'),(699,3,NULL,9,NULL,NULL,NULL,'We\'d like to let you know that your invoice is now available on the Waraqa web platform; please for more details check bills section in your account.',NULL,0,0,0,'2022-10-01 06:12:09'),(700,3,NULL,9,NULL,NULL,NULL,'We\'d like to let you know that your invoice is now available on the Waraqa web platform; please for more details check bills section in your account.',NULL,0,0,0,'2022-10-01 06:12:09'),(701,3,NULL,9,NULL,NULL,NULL,'We\'d like to let you know that your invoice is now available on the Waraqa web platform; please for more details check bills section in your account.',NULL,0,0,0,'2022-10-01 06:12:09'),(702,3,NULL,9,NULL,NULL,NULL,'We\'d like to let you know that your invoice is now available on the Waraqa web platform; please for more details check bills section in your account.',NULL,0,0,0,'2022-10-01 06:12:09'),(703,3,NULL,12,NULL,NULL,NULL,'We\'d like to let you know that your invoice is now available on the Waraqa web platform; please for more details check bills section in your account.',NULL,0,0,0,'2022-10-01 06:12:09'),(704,3,NULL,9,NULL,NULL,NULL,'We\'d like to let you know that your invoice is now available on the Waraqa web platform; please for more details check bills section in your account.',NULL,0,0,0,'2022-10-01 06:12:09'),(705,3,NULL,9,NULL,NULL,NULL,'We\'d like to let you know that your invoice is now available on the Waraqa web platform; please for more details check bills section in your account.',NULL,0,0,0,'2022-10-01 06:12:09'),(706,3,NULL,12,NULL,NULL,NULL,'We\'d like to let you know that your invoice is now available on the Waraqa web platform; please for more details check bills section in your account.',NULL,0,0,0,'2022-10-01 06:12:09'),(707,3,NULL,12,NULL,NULL,NULL,'We\'d like to let you know that your invoice is now available on the Waraqa web platform; please for more details check bills section in your account.',NULL,0,0,0,'2022-10-01 06:12:09'),(708,3,NULL,12,NULL,NULL,NULL,'We\'d like to let you know that your invoice is now available on the Waraqa web platform; please for more details check bills section in your account.',NULL,0,0,0,'2022-10-01 06:12:09'),(709,3,NULL,12,NULL,NULL,NULL,'We\'d like to let you know that your invoice is now available on the Waraqa web platform; please for more details check bills section in your account.',NULL,0,0,0,'2022-10-01 06:12:09'),(710,3,NULL,12,NULL,NULL,NULL,'We\'d like to let you know that your invoice is now available on the Waraqa web platform; please for more details check bills section in your account.',NULL,0,0,0,'2022-10-01 06:12:09'),(711,3,NULL,12,NULL,NULL,NULL,'We\'d like to let you know that your invoice is now available on the Waraqa web platform; please for more details check bills section in your account.',NULL,0,0,0,'2022-10-01 06:12:09'),(721,2,0,19,NULL,NULL,NULL,'Reminder: Submit class report of (Sunday, 25 Sep , 07:00 PM)\'s \n            class with student (Haaris Sattar) before (Friday, 28 Sep , 06:00 PM)',NULL,0,0,0,'2022-10-01 13:02:41'),(722,2,0,19,NULL,NULL,NULL,'Reminder: Submit class report of (Saturday, 24 Sep , 01:30 PM)\'s \n            class with student (Faraz Nomani) before (Thursday, 27 Sep , 01:30 PM)',NULL,0,0,0,'2022-10-01 13:02:41'),(723,2,0,19,NULL,NULL,NULL,'Reminder: Submit class report of (Sunday, 25 Sep , 01:30 PM)\'s \n            class with student (Faraz Nomani) before (Friday, 28 Sep , 12:30 PM)',NULL,0,0,0,'2022-10-01 13:02:41'),(724,2,0,19,NULL,NULL,NULL,'Reminder: Submit class report of (Wednesday, 21 Sep , 01:30 PM)\'s \n            class with student (Faraz Nomani) before (Monday, 24 Sep , 01:30 PM)',NULL,0,0,0,'2022-10-01 13:02:41'),(725,2,0,19,NULL,NULL,NULL,'Reminder: Submit class report of (Saturday, 24 Sep , 07:00 PM)\'s \n            class with student (Haaris Sattar) before (Thursday, 27 Sep , 07:00 PM)',NULL,0,0,0,'2022-10-01 13:02:41'),(726,2,0,19,NULL,NULL,NULL,'Reminder: Submit class report of (Monday, 26 Sep , 01:30 PM)\'s \n            class with student (Sadiuddin Saifuddin) before (Saturday, 29 Sep , 12:30 PM)',NULL,0,0,0,'2022-10-01 13:02:41'),(727,2,0,19,NULL,NULL,NULL,'Reminder: Submit class report of (Wednesday, 28 Sep , 01:30 PM)\'s \n            class with student (Faraz Nomani) before (Monday, 1 Oct , 01:30 PM)',NULL,0,0,0,'2022-10-01 13:02:41'),(730,2,0,5,NULL,NULL,NULL,'Reminder: Submit class report of (Wednesday, 28 Sep , 09:00 PM)\'s \n            class with student (Barra Ibrahim) before (Monday, 1 Oct , 09:00 PM)',NULL,0,0,0,'2022-10-01 15:07:23'),(731,2,0,5,NULL,NULL,NULL,'Reminder: Submit class report of (Wednesday, 28 Sep , 12:00 PM)\'s \n            class with student (Nazia Begum) before (Monday, 1 Oct , 12:00 PM)',NULL,0,0,0,'2022-10-01 15:07:23'),(732,2,0,5,NULL,NULL,NULL,'Reminder: Submit class report of (Wednesday, 28 Sep , 05:00 PM)\'s \n            class with student (Asmaa yamani) before (Monday, 1 Oct , 05:00 PM)',NULL,0,0,0,'2022-10-01 15:07:23'),(735,2,0,5,42,NULL,NULL,'Thank you for reporting Mia Mohamed\'s absence.','Mia Mohamed missed today\'s class. We hope everything is going well.',0,0,1,'2022-10-01 15:08:19'),(744,2,0,11,NULL,NULL,NULL,'Reminder: Submit class report of (Thursday, 29 Sep , 01:00 PM)\'s \n            class with student (Dash Hamza) before (Tuesday, 2 Oct , 01:00 PM)',NULL,0,0,0,'2022-10-01 17:02:10'),(745,2,0,8,NULL,NULL,NULL,'Reminder: Submit class report of (Thursday, 29 Sep , 05:15 PM)\'s \n            class with student (Abdullah Waleed) before (Tuesday, 2 Oct , 05:15 PM)',NULL,0,0,0,'2022-10-01 17:53:27'),(766,2,0,10,NULL,NULL,NULL,'Reminder: Submit class report of (Thursday, 29 Sep , 12:30 AM)\'s \n            class with student (Zoya Nabeel) before (Tuesday, 2 Oct , 12:30 AM)',NULL,0,0,0,'2022-10-01 20:27:41'),(767,2,0,10,NULL,NULL,NULL,'Reminder: Submit class report of (Thursday, 29 Sep , 12:00 AM)\'s \n            class with student (Zorayz Nabeel) before (Tuesday, 2 Oct , 12:00 AM)',NULL,0,0,0,'2022-10-01 20:27:41'),(815,2,0,5,42,NULL,NULL,'Thank you for reporting Mia Mohamed\'s absence.','Mia Mohamed missed today\'s class. We hope everything is going well.',0,0,1,'2022-10-02 11:05:03'),(825,2,0,8,NULL,NULL,NULL,'Reminder: Submit class report of (Friday, 30 Sep , 12:30 AM)\'s \n            class with student (Eesa Ahmed) before (Wednesday, 3 Oct , 12:30 AM)',NULL,0,0,0,'2022-10-02 15:16:46'),(827,2,0,8,NULL,NULL,NULL,'Reminder: Submit class report of (Friday, 30 Sep , 01:00 PM)\'s \n            class with student (Anu	 KMT) before (Wednesday, 3 Oct , 01:00 PM)',NULL,0,0,0,'2022-10-02 15:16:46'),(830,2,0,7,64,NULL,NULL,'Thank you for reporting Sohail Khan\'s absence.','Sohail Khan missed today\'s class. We hope everything is going well.',0,0,0,'2022-10-02 21:20:18'),(833,2,0,7,NULL,NULL,NULL,'Reminder: Submit class report of (Saturday, 1 Oct , 08:30 AM)\'s \n            class with student (Sohail Khan) before (Thursday, 4 Oct , 08:30 AM)',NULL,0,0,0,'2022-10-03 12:00:59'),(834,2,0,8,NULL,NULL,NULL,'Reminder: Submit class report of (Saturday, 1 Oct , 01:00 PM)\'s \n            class with student (Shahed Ashraf) before (Thursday, 4 Oct , 01:00 PM)',NULL,0,0,0,'2022-10-03 15:18:29'),(839,2,0,11,NULL,NULL,NULL,'Reminder: Submit class report of (Friday, 30 Sep , 04:00 PM)\'s \n            class with student (Fatema Ibrahim) before (Wednesday, 3 Oct , 04:00 PM)',NULL,0,0,0,'2022-10-03 22:16:24'),(841,2,0,11,NULL,NULL,NULL,'Reminder: Submit class report of (Thursday, 29 Sep , 11:00 PM)\'s \n            class with student (Ibrahim Ali) before (Tuesday, 2 Oct , 11:00 PM)',NULL,0,0,0,'2022-10-03 22:16:24'),(842,2,0,11,NULL,NULL,NULL,'Reminder: Submit class report of (Saturday, 1 Oct , 08:00 PM)\'s \n            class with student (Essa Wasif) before (Thursday, 4 Oct , 08:00 PM)',NULL,0,0,0,'2022-10-03 22:16:24'),(843,2,0,11,NULL,NULL,NULL,'Reminder: Submit class report of (Saturday, 1 Oct , 09:00 PM)\'s \n            class with student (Ibrahiem Wasif) before (Thursday, 4 Oct , 09:00 PM)',NULL,0,0,0,'2022-10-03 22:16:24'),(844,2,0,9,NULL,NULL,NULL,'Reminder: Submit class report of (Sunday, 2 Oct , 02:00 PM)\'s \n            class with student (Lila Ahmad-Sommer) before (Friday, 5 Oct , 02:00 PM)',NULL,0,0,0,'2022-10-04 17:18:14'),(846,2,0,8,NULL,NULL,NULL,'Reminder: Submit class report of (Sunday, 2 Oct , 10:30 PM)\'s \n            class with student (Zara Gillan) before (Friday, 5 Oct , 10:30 PM)',NULL,0,0,0,'2022-10-04 21:36:15'),(852,2,0,19,NULL,NULL,NULL,'Reminder: Submit class report of (Saturday, 1 Oct , 07:00 PM)\'s \n            class with student (Haaris Sattar) before (Thursday, 4 Oct , 07:00 PM)',NULL,0,0,0,'2022-10-05 11:36:15'),(853,2,0,19,NULL,NULL,NULL,'Reminder: Submit class report of (Sunday, 2 Oct , 07:00 PM)\'s \n            class with student (Haaris Sattar) before (Friday, 5 Oct , 07:00 PM)',NULL,0,0,0,'2022-10-05 11:36:15'),(854,2,0,19,NULL,NULL,NULL,'Reminder: Submit class report of (Monday, 3 Oct , 01:30 PM)\'s \n            class with student (Sadiuddin Saifuddin) before (Saturday, 6 Oct , 01:30 PM)',NULL,0,0,0,'2022-10-05 11:36:15'),(855,2,0,11,NULL,NULL,NULL,'Reminder: Submit class report of (Sunday, 2 Oct , 08:00 PM)\'s \n            class with student (Essa Wasif) before (Friday, 5 Oct , 08:00 PM)',NULL,0,0,1,'2022-10-05 20:37:03'),(856,2,0,11,NULL,NULL,NULL,'Reminder: Submit class report of (Sunday, 2 Oct , 09:00 PM)\'s \n            class with student (Ibrahiem Wasif) before (Friday, 5 Oct , 09:00 PM)',NULL,0,0,1,'2022-10-05 20:37:03'),(859,2,0,10,NULL,NULL,NULL,'Reminder: Submit class report of (Monday, 3 Oct , 12:00 AM)\'s \n            class with student (Zorayz Nabeel) before (Saturday, 6 Oct , 12:00 AM)',NULL,0,0,0,'2022-10-05 21:21:36'),(861,2,0,8,NULL,NULL,NULL,'Reminder: Submit class report of (Monday, 3 Oct , 07:00 PM)\'s \n            class with student (Shain Patrick) before (Saturday, 6 Oct , 07:00 PM)',NULL,0,0,0,'2022-10-05 22:08:08'),(864,2,0,7,NULL,NULL,NULL,'Reminder: Submit class report of (Tuesday, 4 Oct , 12:15 AM)\'s \n            class with student (Zohan Iftekhar) before (Sunday, 7 Oct , 12:15 AM)',NULL,0,0,0,'2022-10-05 23:07:42'),(865,2,0,7,NULL,NULL,NULL,'Reminder: Submit class report of (Sunday, 2 Oct , 07:00 PM)\'s \n            class with student (Hafeey Shah) before (Friday, 5 Oct , 07:00 PM)',NULL,0,0,1,'2022-10-05 23:07:42'),(869,2,0,5,NULL,NULL,NULL,'Reminder: Submit class report of (Monday, 3 Oct , 08:30 PM)\'s \n            class with student (Nazia Begum) before (Saturday, 6 Oct , 08:30 PM)',NULL,0,0,1,'2022-10-07 09:12:41'),(870,2,0,5,NULL,NULL,NULL,'Reminder: Submit class report of (Tuesday, 4 Oct , 07:00 PM)\'s \n            class with student (Mia Mohamed) before (Sunday, 7 Oct , 07:00 PM)',NULL,0,0,1,'2022-10-07 09:12:41'),(872,2,0,8,NULL,NULL,NULL,'Reminder: Submit class report of (Tuesday, 4 Oct , 11:45 PM)\'s \n            class with student (Zara Gillan) before (Sunday, 7 Oct , 11:45 PM)',NULL,0,0,0,'2022-10-07 12:53:10'),(873,2,0,8,NULL,NULL,NULL,'Reminder: Submit class report of (Tuesday, 4 Oct , 07:00 PM)\'s \n            class with student (Shain Patrick) before (Sunday, 7 Oct , 07:00 PM)',NULL,0,0,0,'2022-10-07 12:53:10'),(878,2,0,8,NULL,NULL,NULL,'Reminder: Submit class report of (Thursday, 6 Oct , 01:00 PM)\'s \n            class with student (Anu	 KMT) before (Tuesday, 9 Oct , 01:00 PM)',NULL,0,0,0,'2022-10-08 11:38:51'),(879,2,0,8,NULL,NULL,NULL,'Reminder: Submit class report of (Thursday, 6 Oct , 12:00 AM)\'s \n            class with student (Asmaa yamani) before (Tuesday, 9 Oct , 12:00 AM)',NULL,0,0,0,'2022-10-08 11:38:51'),(882,2,0,7,NULL,NULL,NULL,'Reminder: Submit class report of (Thursday, 6 Oct , 04:00 PM)\'s \n            class with student (Fawaz Nawaz) before (Tuesday, 9 Oct , 04:00 PM)',NULL,0,0,0,'2022-10-08 19:19:57'),(883,2,0,7,NULL,NULL,NULL,'Reminder: Submit class report of (Thursday, 6 Oct , 04:45 PM)\'s \n            class with student (Faraz Nawaz) before (Tuesday, 9 Oct , 04:45 PM)',NULL,0,0,0,'2022-10-08 19:19:57'),(884,2,0,7,60,NULL,NULL,'Thank you for reporting Faraz Nawaz\'s absence.','Faraz Nawaz missed today\'s class. We hope everything is going well.',0,0,1,'2022-10-08 19:37:12'),(895,2,0,8,NULL,NULL,NULL,'Reminder: Submit class report of (Friday, 7 Oct , 02:00 PM)\'s \n            class with student (Ansar KMT) before (Wednesday, 10 Oct , 02:00 PM)',NULL,0,0,0,'2022-10-09 15:20:41'),(896,2,0,8,NULL,NULL,NULL,'Reminder: Submit class report of (Thursday, 6 Oct , 11:00 PM)\'s \n            class with student (Aadil Ansareen) before (Tuesday, 9 Oct , 11:00 PM)',NULL,0,0,0,'2022-10-09 15:20:41'),(898,2,0,8,NULL,NULL,NULL,'Reminder: Submit class report of (Thursday, 6 Oct , 10:30 PM)\'s \n            class with student (Abdul-Rahaman Ismail) before (Tuesday, 9 Oct , 10:30 PM)',NULL,0,0,0,'2022-10-09 15:20:41'),(899,2,0,8,NULL,NULL,NULL,'Reminder: Submit class report of (Friday, 7 Oct , 10:00 AM)\'s \n            class with student (Abdul-Rahaman Ismail) before (Wednesday, 10 Oct , 10:00 AM)',NULL,0,0,0,'2022-10-09 15:20:41'),(900,2,0,8,NULL,NULL,NULL,'Reminder: Submit class report of (Thursday, 6 Oct , 11:30 PM)\'s \n            class with student (Ziyad Safiullah) before (Tuesday, 9 Oct , 11:30 PM)',NULL,0,0,0,'2022-10-09 15:20:41'),(901,2,0,8,NULL,NULL,NULL,'Reminder: Submit class report of (Friday, 7 Oct , 01:00 PM)\'s \n            class with student (Anu	 KMT) before (Wednesday, 10 Oct , 01:00 PM)',NULL,0,0,0,'2022-10-09 15:20:41'),(902,2,0,8,NULL,NULL,NULL,'Reminder: Submit class report of (Thursday, 6 Oct , 05:15 PM)\'s \n            class with student (Abdullah Waleed) before (Tuesday, 9 Oct , 05:15 PM)',NULL,0,0,0,'2022-10-09 15:20:41'),(915,2,0,19,NULL,NULL,NULL,'Reminder: Submit class report of (Saturday, 8 Oct , 01:30 PM)\'s \n            class with student (Faraz Nomani) before (Thursday, 11 Oct , 01:30 PM)',NULL,0,0,0,'2022-10-10 11:44:21'),(922,3,1,NULL,22,NULL,'Send (Asma uddin) a new invoice. His remaining hours are 0 or less.',NULL,'Your paid hours have been completed.\n                            The due amount: (437.5)\n                            Check your new invoice details for more information about last payment period and the new one. All data are recorded on your billing details page.',1,0,0,'2022-10-11 08:41:35'),(923,2,0,9,43,NULL,NULL,'Thank you for reporting Madinah Mir\'s absence.','Madinah Mir missed today\'s class. We hope everything is going well.',0,0,0,'2022-10-11 17:34:05'),(924,2,0,8,NULL,NULL,NULL,'Reminder: Submit class report of (Sunday, 9 Oct , 10:00 PM)\'s \n            class with student (Zara Gillan) before (Friday, 12 Oct , 10:00 PM)',NULL,0,0,0,'2022-10-11 21:23:19'),(925,2,0,8,NULL,NULL,NULL,'Reminder: Submit class report of (Monday, 10 Oct , 12:00 AM)\'s \n            class with student (Saad Mohamed) before (Saturday, 13 Oct , 12:00 AM)',NULL,0,0,0,'2022-10-11 23:18:01'),(926,2,1,9,22,38,'Admin \"Mohamed Ismail\" has reschedule a class for the student \"Zaynab Ahmed\". <br> Qari program start on Wednesday, 12:00 AM with the teacher \"Samah Khalifa\" according to the following schedule: <br>Wednesday, 12:00 AM<br>Friday, 12:00 AM<br>','Admin \"Mohamed Ismail\" has reschedule a class for you. <br> Qari program start on Wednesday, 12:00 AM with the student \"Zaynab Ahmed\" according to the following schedule: <br>Wednesday, 12:00 AM<br>Friday, 12:00 AM<br>','Admin \"Mohamed Ismail\" has reschedule a class for \"Zaynab Ahmed\". <br> Qari program start on Wednesday, 12:00 AM with the teacher \"Samah Khalifa\" according to the following schedule: <br>Wednesday, 12:00 AM<br>Friday, 12:00 AM<br>',1,0,0,'2022-10-12 08:18:55'),(927,2,1,11,65,60,'Admin \"Mohamed Ismail\" has added a new class for the student \"Ayah Nur\". <br> Pre-reading level start on Thursday, 11:45 PM with the teacher \"Fatema Elshafiey\" according to the following schedule: <br>Thursday, 11:45 PM<br>','Admin \"Mohamed Ismail\" has added a new class for you. <br> Pre-reading level start on Thursday, 11:45 PM with the student \"Ayah Nur\" according to the following schedule: <br>Thursday, 11:45 PM<br>','Admin \"Mohamed Ismail\" has added a new class for \"Ayah Nur\". <br> Pre-reading level start on Thursday, 11:45 PM with the teacher \"Fatema Elshafiey\" according to the following schedule: <br>Thursday, 11:45 PM<br>',1,0,0,'2022-10-12 08:24:36'),(928,2,1,9,89,135,'Admin \"Mohamed Ismail\" has reschedule a class for the student \"Tanaz Ansareen\". <br> Tajweed basics start on Wednesday, 12:00 PM with the teacher \"Samah Khalifa\" according to the following schedule: <br>Wednesday, 12:00 PM<br>','Admin \"Mohamed Ismail\" has reschedule a class for you. <br> Tajweed basics start on Wednesday, 12:00 PM with the student \"Tanaz Ansareen\" according to the following schedule: <br>Wednesday, 12:00 PM<br>','Admin \"Mohamed Ismail\" has reschedule a class for \"Tanaz Ansareen\". <br> Tajweed basics start on Wednesday, 12:00 PM with the teacher \"Samah Khalifa\" according to the following schedule: <br>Wednesday, 12:00 PM<br>',0,0,0,'2022-10-12 12:11:56'),(929,2,0,11,NULL,NULL,NULL,'Reminder: Submit class report of (Monday, 10 Oct , 10:30 PM)\'s \n            class with student (Reza Haroon) before (Saturday, 13 Oct , 10:30 PM)',NULL,0,0,0,'2022-10-12 21:44:51'),(930,2,0,19,NULL,NULL,NULL,'Reminder: Submit class report of (Sunday, 9 Oct , 07:00 PM)\'s \n            class with student (Haaris Sattar) before (Friday, 12 Oct , 07:00 PM)',NULL,0,0,0,'2022-10-12 22:13:20'),(931,2,1,19,NULL,NULL,'Saleh Ahmed missed class report from (Saturday, 8 Oct , 01:30 PM) with student (Faraz Nomani).','Unfortunately, you missed class report of (Saturday, 8 Oct , 01:30 PM)\'s\n              class with student (Faraz Nomani).',NULL,0,0,0,'2022-10-12 22:13:20'),(932,2,1,19,NULL,NULL,'Saleh Ahmed missed class report from (Sunday, 9 Oct , 07:00 PM) with student (Haaris Sattar).','Unfortunately, you missed class report of (Sunday, 9 Oct , 07:00 PM)\'s\n              class with student (Haaris Sattar).',NULL,0,0,0,'2022-10-12 22:13:20'),(933,2,1,8,NULL,NULL,'Abdullah Omar missed class report from (Monday, 10 Oct , 07:00 PM) with student (Shain Patrick).','Unfortunately, you missed class report of (Monday, 10 Oct , 07:00 PM)\'s\n              class with student (Shain Patrick).',NULL,0,0,0,'2022-10-13 21:34:20'),(934,2,1,8,NULL,NULL,'Abdullah Omar missed class report from (Sunday, 9 Oct , 10:00 PM) with student (Zara Gillan).','Unfortunately, you missed class report of (Sunday, 9 Oct , 10:00 PM)\'s\n              class with student (Zara Gillan).',NULL,0,0,0,'2022-10-13 21:34:20'),(935,2,0,8,NULL,NULL,NULL,'Reminder: Submit class report of (Monday, 10 Oct , 07:00 PM)\'s \n            class with student (Shain Patrick) before (Saturday, 13 Oct , 07:00 PM)',NULL,0,0,0,'2022-10-13 21:34:20'),(936,2,0,8,NULL,NULL,NULL,'Reminder: Submit class report of (Tuesday, 11 Oct , 07:00 PM)\'s \n            class with student (Shain Patrick) before (Sunday, 14 Oct , 07:00 PM)',NULL,0,0,0,'2022-10-13 21:34:20');
/*!40000 ALTER TABLE `notifications` ENABLE KEYS */;
UNLOCK TABLES;

--
-- Table structure for table `periodicevaluations`
--

DROP TABLE IF EXISTS `periodicevaluations`;
/*!40101 SET @saved_cs_client     = @@character_set_client */;
/*!50503 SET character_set_client = utf8mb4 */;
CREATE TABLE `periodicevaluations` (
  `id` int NOT NULL AUTO_INCREMENT,
  `meetingDate` timestamp NULL DEFAULT NULL,
  `teacherID` int DEFAULT NULL,
  `studentID` int DEFAULT NULL,
  `teacherPerformance` varchar(255) DEFAULT NULL,
  `studentPerformance` varchar(255) DEFAULT NULL,
  `createdAt` timestamp NOT NULL DEFAULT CURRENT_TIMESTAMP,
  PRIMARY KEY (`id`),
  KEY `esrel` (`teacherID`),
  KEY `essrel` (`studentID`),
  CONSTRAINT `esrel` FOREIGN KEY (`teacherID`) REFERENCES `teachers` (`id`) ON DELETE CASCADE ON UPDATE CASCADE,
  CONSTRAINT `essrel` FOREIGN KEY (`studentID`) REFERENCES `students` (`id`) ON DELETE CASCADE ON UPDATE CASCADE
) ENGINE=InnoDB DEFAULT CHARSET=utf8mb3;
/*!40101 SET character_set_client = @saved_cs_client */;

--
-- Dumping data for table `periodicevaluations`
--

LOCK TABLES `periodicevaluations` WRITE;
/*!40000 ALTER TABLE `periodicevaluations` DISABLE KEYS */;
/*!40000 ALTER TABLE `periodicevaluations` ENABLE KEYS */;
UNLOCK TABLES;

--
-- Table structure for table `reportsubjects`
--

DROP TABLE IF EXISTS `reportsubjects`;
/*!40101 SET @saved_cs_client     = @@character_set_client */;
/*!50503 SET character_set_client = utf8mb4 */;
CREATE TABLE `reportsubjects` (
  `id` int NOT NULL AUTO_INCREMENT,
  `classID` int DEFAULT NULL,
  `reportSubject` varchar(80) DEFAULT NULL,
  `subjectType` varchar(40) DEFAULT NULL,
  `revisedTopics` varchar(100) DEFAULT NULL,
  `grammar` varchar(100) DEFAULT NULL,
  `recentRevision` varchar(100) DEFAULT NULL,
  `oldRevision` varchar(100) DEFAULT NULL,
  `newVerses` varchar(100) DEFAULT NULL,
  `surah` varchar(100) DEFAULT NULL,
  `verse` varchar(100) DEFAULT NULL,
  `lessonProgress` varchar(100) DEFAULT NULL,
  `lessonTopic` varchar(100) DEFAULT NULL,
  `report` tinyint NOT NULL DEFAULT '0' COMMENT '0:Default, 1:report added',
  PRIMARY KEY (`id`),
  KEY `crrel` (`classID`),
  CONSTRAINT `crrel` FOREIGN KEY (`classID`) REFERENCES `classes` (`id`) ON DELETE CASCADE ON UPDATE CASCADE
) ENGINE=InnoDB AUTO_INCREMENT=459 DEFAULT CHARSET=utf8mb3;
/*!40101 SET character_set_client = @saved_cs_client */;

--
-- Dumping data for table `reportsubjects`
--

LOCK TABLES `reportsubjects` WRITE;
/*!40000 ALTER TABLE `reportsubjects` DISABLE KEYS */;
INSERT INTO `reportsubjects` VALUES (46,1093,'Quran recitation','',NULL,NULL,NULL,NULL,NULL,NULL,NULL,NULL,NULL,1),(47,1118,'','',NULL,NULL,NULL,NULL,NULL,NULL,NULL,NULL,NULL,1),(48,1119,'','',NULL,NULL,NULL,NULL,NULL,NULL,NULL,NULL,NULL,1),(49,1120,'','',NULL,NULL,NULL,NULL,NULL,NULL,NULL,NULL,NULL,1),(50,1121,'','',NULL,NULL,NULL,NULL,NULL,NULL,NULL,NULL,NULL,1),(51,1125,'','',NULL,NULL,NULL,NULL,NULL,NULL,NULL,NULL,NULL,1),(52,1126,'','',NULL,NULL,NULL,NULL,NULL,NULL,NULL,NULL,NULL,1),(53,1127,'','',NULL,NULL,NULL,NULL,NULL,NULL,NULL,NULL,NULL,1),(54,1129,'','',NULL,NULL,NULL,NULL,NULL,NULL,NULL,NULL,NULL,1),(55,1128,'','',NULL,NULL,NULL,NULL,NULL,NULL,NULL,NULL,NULL,1),(56,672,'Quran recitation','',NULL,NULL,NULL,NULL,NULL,'Hu\'d','74',NULL,'',1),(57,621,'Quran recitation','',NULL,NULL,NULL,NULL,NULL,'Letters with Dhammah','P.23',NULL,'Letters with Dhammah',1),(58,705,'Quran recitation','',NULL,NULL,NULL,NULL,NULL,'Sukoon','P.46',NULL,'Sukoon',1),(59,630,'Quran recitation','',NULL,NULL,NULL,NULL,NULL,'Hu\'d','74',NULL,'Reciting',1),(60,1181,'Quran recitation','',NULL,NULL,NULL,NULL,NULL,'Al Noor','36',NULL,'Idgham ',1),(61,95,'Quran memorization','',NULL,NULL,NULL,NULL,'ale Imran up to 115',NULL,NULL,NULL,NULL,1),(62,1112,'Quran recitation','',NULL,NULL,NULL,NULL,NULL,NULL,'---',NULL,'----',1),(63,1113,'Quran recitation','',NULL,NULL,NULL,NULL,NULL,NULL,NULL,NULL,NULL,1),(64,28,'Quran memorization','',NULL,NULL,'done',NULL,' hglvsghj 1:6 ',NULL,NULL,NULL,NULL,1),(65,725,'Quran recitation','',NULL,NULL,NULL,NULL,NULL,'-----',' نور البيان ص 15 إلى صئب',NULL,NULL,1),(66,717,'Quran recitation','',NULL,NULL,NULL,NULL,NULL,' نور البيان ','----',NULL,'الحرف المشدد',1),(67,713,'Quran recitation','',NULL,NULL,NULL,NULL,NULL,NULL,'----',NULL,'الحرف المشدد',1),(68,454,'','',NULL,NULL,NULL,NULL,NULL,NULL,NULL,NULL,NULL,1),(69,223,'','',NULL,NULL,NULL,NULL,NULL,NULL,NULL,NULL,NULL,1),(70,32,'Quran memorization','',NULL,NULL,'1:6 المرسلات ',NULL,'المرسلات من 7:10 ',NULL,NULL,NULL,NULL,1),(71,729,'Quran recitation','',NULL,NULL,NULL,NULL,NULL,NULL,'نور البيان ص15',NULL,'الحروف المتحركة بالفتح و الكسر ',1),(72,1186,'Quran recitation','',NULL,NULL,NULL,NULL,NULL,'AL-Fajir','whole',NULL,NULL,1),(73,1187,'Islamic studies','',NULL,NULL,NULL,NULL,NULL,NULL,NULL,'finished','Shahadah',1),(74,1192,'Quran recitation','',NULL,NULL,NULL,NULL,NULL,'Hu\'d','85',NULL,'Recitation of Surah Hu\'d',1),(75,534,'Quran memorization','',NULL,NULL,'تم مراجعة سورة البروج والطارق والأعلى ','تم مراجعة سورة البروج والطارق والأعلى ','سورة عبس من 10 - 15','عبس','10-15',NULL,'مراجعة وحفظ قرآن',1),(76,502,'Arabic language','',NULL,NULL,NULL,NULL,NULL,NULL,NULL,NULL,'من صفحة 219 ',1),(77,308,'Islamic studies','',NULL,NULL,NULL,NULL,NULL,NULL,NULL,'-','قصة جالوت وطالوت - درس دعاء دخول المسجد والخروج منه - درس أركان الإسلام',1),(78,479,'Quran memorization','',NULL,NULL,'سورة الأخلاص والحروف','-','surat الإخلاص - الحروف حتى حرف ال ذ',NULL,NULL,NULL,NULL,1),(79,492,'Quran memorization','',NULL,NULL,'-','بعض السور من الماضى ','سورة عبس حتى الآية 15',NULL,NULL,NULL,NULL,1),(80,733,'','',NULL,NULL,NULL,NULL,NULL,NULL,NULL,NULL,NULL,1),(81,1219,'Quran memorization','',NULL,NULL,'1:7',NULL,' المرسلات من 7:10',NULL,NULL,NULL,NULL,1),(82,524,'Quran memorization','',NULL,NULL,NULL,'بعض السور من الماضى ','سورة المطفيين حتى الآية 27',NULL,NULL,NULL,NULL,1),(83,1107,'Quran memorization','',NULL,NULL,'سورة الفيل والنصر و العصر و الفلق والكافرون','سورة الفجر من أولها','حتى الآية 22',NULL,NULL,NULL,NULL,1),(84,649,'Quran recitation','',NULL,NULL,NULL,NULL,NULL,'an-Nahl','14',NULL,'an-Nahl',1),(85,617,'Quran recitation','',NULL,NULL,NULL,NULL,NULL,'ash-shua\'ra','77',NULL,'ash-shua\'ra',1),(86,659,'Arabic language','',NULL,NULL,NULL,NULL,NULL,NULL,NULL,'قراءة','المستشفى الجديد',1),(87,639,'Islamic studies','',NULL,NULL,NULL,NULL,NULL,NULL,NULL,'Takbeer','Salah',1),(88,1098,'Quran memorization','',NULL,NULL,NULL,NULL,'سورة الفجر ',NULL,NULL,NULL,NULL,1),(89,283,'Quran recitation','',NULL,NULL,NULL,NULL,NULL,'Al Insaan','10',NULL,'Just a review',1),(90,278,'Quran recitation','',NULL,NULL,NULL,NULL,NULL,'Al Insaan','15',NULL,'Just a reviews',1),(91,1172,'Quran recitation','',NULL,NULL,NULL,NULL,NULL,'Al Noor','42',NULL,'Ikhfaa',1),(92,1162,'','',NULL,NULL,NULL,NULL,NULL,NULL,NULL,NULL,NULL,1),(93,1163,'','',NULL,NULL,NULL,NULL,NULL,NULL,NULL,NULL,NULL,1),(94,1164,'','',NULL,NULL,NULL,NULL,NULL,NULL,NULL,NULL,NULL,1),(95,1088,'Islamic studies','',NULL,NULL,NULL,NULL,NULL,NULL,NULL,'Practical and theoritical Sufi scholars','Homeopathy',1),(96,1159,'','',NULL,NULL,NULL,NULL,NULL,NULL,NULL,NULL,NULL,1),(97,1160,'','',NULL,NULL,NULL,NULL,NULL,NULL,NULL,NULL,NULL,1),(98,1158,'','',NULL,NULL,NULL,NULL,NULL,NULL,NULL,NULL,NULL,1),(99,1248,'','',NULL,NULL,NULL,NULL,NULL,NULL,NULL,NULL,NULL,1),(100,1135,'','',NULL,NULL,NULL,NULL,NULL,NULL,NULL,NULL,NULL,1),(101,1133,'','',NULL,NULL,NULL,NULL,NULL,NULL,NULL,NULL,NULL,1),(102,1132,'','',NULL,NULL,NULL,NULL,NULL,NULL,NULL,NULL,NULL,1),(103,1130,'','',NULL,NULL,NULL,NULL,NULL,NULL,NULL,NULL,NULL,1),(104,1131,'','',NULL,NULL,NULL,NULL,NULL,NULL,NULL,NULL,NULL,1),(105,1249,'','',NULL,NULL,NULL,NULL,NULL,NULL,NULL,NULL,NULL,1),(106,1139,'','',NULL,NULL,NULL,NULL,NULL,NULL,NULL,NULL,NULL,1),(107,1138,'','',NULL,NULL,NULL,NULL,NULL,NULL,NULL,NULL,NULL,1),(108,1137,'','',NULL,NULL,NULL,NULL,NULL,NULL,NULL,NULL,NULL,1),(109,1136,'','',NULL,NULL,NULL,NULL,NULL,NULL,NULL,NULL,NULL,1),(110,1154,'','',NULL,NULL,NULL,NULL,NULL,NULL,NULL,NULL,NULL,1),(111,1155,'','',NULL,NULL,NULL,NULL,NULL,NULL,NULL,NULL,NULL,1),(112,1250,'','',NULL,NULL,NULL,NULL,NULL,NULL,NULL,NULL,NULL,1),(113,1141,'','',NULL,NULL,NULL,NULL,NULL,NULL,NULL,NULL,NULL,1),(114,1142,'','',NULL,NULL,NULL,NULL,NULL,NULL,NULL,NULL,NULL,1),(115,1251,'','',NULL,NULL,NULL,NULL,NULL,NULL,NULL,NULL,NULL,1),(116,1252,'','',NULL,NULL,NULL,NULL,NULL,NULL,NULL,NULL,NULL,1),(117,1224,'Quran memorization','',NULL,NULL,'المرسلات 1: 10',NULL,'المرسلات 11: 14 ',NULL,NULL,NULL,NULL,1),(118,100,'Quran memorization','',NULL,NULL,NULL,NULL,'ale Imran 153',NULL,NULL,NULL,NULL,1),(119,626,'Arabic language','',NULL,NULL,NULL,NULL,NULL,NULL,NULL,'Madd letters',NULL,1),(120,677,'Quran memorization','',NULL,NULL,'to alfajir','from alnaas',NULL,NULL,NULL,NULL,NULL,1),(121,654,'Quran recitation','',NULL,NULL,NULL,NULL,NULL,'Ibrahim','40',NULL,NULL,1),(122,698,'Arabic language','',NULL,'المفرد والمثنى والجمع',NULL,NULL,NULL,NULL,NULL,'درس سورة الفاتحة',NULL,1),(123,1167,'','',NULL,NULL,NULL,NULL,NULL,NULL,NULL,NULL,NULL,1),(124,1166,'','',NULL,NULL,NULL,NULL,NULL,NULL,NULL,NULL,NULL,1),(125,1165,'','',NULL,NULL,NULL,NULL,NULL,NULL,NULL,NULL,NULL,1),(126,365,'','',NULL,NULL,NULL,NULL,NULL,NULL,NULL,NULL,NULL,1),(127,356,'Arabic language','',NULL,'المفعول لاجله',NULL,NULL,NULL,NULL,NULL,'مراجعة سورة الزلزلة حتي الاية رقم 4 وحل بعض التدريبات','مفعول لاجله',1),(128,373,'Arabic language','',NULL,NULL,NULL,NULL,NULL,NULL,NULL,'مراجعة اجزاء الجسم قراءة وكتابة','اجزاء الجسم',1),(129,381,'','',NULL,NULL,NULL,NULL,NULL,NULL,NULL,NULL,NULL,1),(130,389,'','',NULL,NULL,NULL,NULL,NULL,NULL,NULL,NULL,NULL,1),(131,405,'Quran recitation','',NULL,NULL,NULL,NULL,NULL,'سورة الطور','the end of the surah',NULL,'قراءة سورة الطور',1),(132,413,'Quran recitation','',NULL,NULL,NULL,NULL,NULL,'surat الطور','finish surat الطور',NULL,'surat الطور',1),(133,1333,'','',NULL,NULL,NULL,NULL,NULL,NULL,NULL,NULL,NULL,1),(134,1332,'','',NULL,NULL,NULL,NULL,NULL,NULL,NULL,NULL,NULL,1),(135,352,'Arabic language','',NULL,'اخر اربعة احرف',NULL,NULL,NULL,NULL,NULL,'اخر اربعة احرف','الحروف العربية',1),(136,369,'Arabic language','',NULL,'اجزاء الجسم',NULL,NULL,NULL,NULL,NULL,'اسماء الحيوانات','اجزاء الجسم',1),(137,377,'','',NULL,NULL,NULL,NULL,NULL,NULL,NULL,NULL,NULL,1),(138,1177,'Quran memorization','',NULL,NULL,'The next six surahs ','The first six surahs','1',NULL,NULL,NULL,NULL,1),(139,385,'','',NULL,NULL,NULL,NULL,NULL,NULL,NULL,NULL,NULL,1),(140,401,'Quran recitation','',NULL,NULL,NULL,NULL,NULL,'reciting surat ق',' finished',NULL,'reciting surat ق',1),(141,397,'Quran memorization','',NULL,NULL,'from الناس to التكاثر','from الناس to التكاثر','no new verses',NULL,NULL,NULL,NULL,1),(142,1114,'Quran recitation','',NULL,NULL,NULL,NULL,NULL,'Surat an-Nisaa ','verse 35',NULL,'',1),(143,393,'Quran memorization','',NULL,NULL,'from surat الناس to surat التكاثر','from surat الناس to surat التكاثر','no new verses',NULL,NULL,NULL,NULL,1),(144,1463,'Arabic language','',NULL,'علامات الاسماء',NULL,NULL,NULL,NULL,NULL,'انتهى','قرية خالد ',1),(145,409,'Quran recitation','',NULL,NULL,NULL,NULL,NULL,'سورة ق',NULL,NULL,'سورة ق',1),(146,569,'','',NULL,NULL,NULL,NULL,NULL,NULL,NULL,NULL,NULL,1),(147,565,'','',NULL,NULL,NULL,NULL,NULL,NULL,NULL,NULL,NULL,1),(148,155,'Arabic language','',NULL,NULL,NULL,NULL,NULL,NULL,NULL,'انتهى','قصة معن بن زائدة',1),(149,1541,'Arabic language','',NULL,NULL,NULL,NULL,NULL,NULL,NULL,NULL,'درس اللسان',1),(150,1623,'Quran recitation','',NULL,NULL,NULL,NULL,NULL,NULL,NULL,NULL,NULL,1),(151,1511,'Quran recitation','',NULL,NULL,NULL,NULL,NULL,'-----','نور البيان ص 70 إلى نهايتها ',NULL,' الحرف المشدد',1),(152,1207,'Revision / Test','','الربع الاول و الاخير في جزء عم',NULL,NULL,NULL,NULL,NULL,NULL,NULL,NULL,1),(153,1475,'Quran recitation','',NULL,NULL,NULL,NULL,NULL,NULL,NULL,NULL,NULL,1),(154,1094,'Quran memorization','',NULL,NULL,'الفجر من 1:7',NULL,'الفجر من 8:14',NULL,NULL,NULL,NULL,1),(155,694,'Arabic language','',NULL,NULL,NULL,NULL,NULL,NULL,NULL,'Exercises ','Al-faitaha Tafser',1),(156,609,'Quran memorization','',NULL,NULL,NULL,'Ash-Shauraa',NULL,NULL,NULL,NULL,NULL,1),(157,686,'Islamic studies','',NULL,NULL,NULL,NULL,NULL,NULL,NULL,'Niyyah and importance pf Salah','Salah',1),(158,1188,'Quran recitation','',NULL,NULL,NULL,NULL,NULL,'Hu\'d',NULL,NULL,NULL,1),(159,1444,'Islamic studies','',NULL,NULL,NULL,NULL,NULL,NULL,NULL,'Niyyah and importance of Salah','Salah',1),(160,702,'Arabic language','',NULL,NULL,NULL,NULL,NULL,NULL,NULL,'Sukun exercises',NULL,1),(161,445,'','',NULL,NULL,NULL,NULL,NULL,NULL,NULL,NULL,NULL,1),(162,431,'','',NULL,NULL,NULL,NULL,NULL,NULL,NULL,NULL,NULL,1),(163,1308,'Arabic language','',NULL,NULL,NULL,NULL,NULL,NULL,NULL,'المفعول به','نحو',1),(164,1520,'Quran recitation','',NULL,NULL,NULL,NULL,NULL,NULL,'نور البيان ص71',NULL,' الحرف المشدد',1),(165,450,'','',NULL,NULL,NULL,NULL,NULL,NULL,NULL,NULL,NULL,1),(166,1484,'Quran recitation','',NULL,NULL,NULL,NULL,NULL,NULL,NULL,NULL,' نور البيان ',1),(167,1211,'Quran memorization','',NULL,NULL,'1: 14 ',NULL,'15:19 المرسلات ',NULL,NULL,NULL,NULL,1),(168,1685,'Arabic language','',NULL,NULL,NULL,NULL,NULL,NULL,NULL,'Surat alfatiha','Arabic lessons form Quran',1),(169,613,'Quran recitation','',NULL,NULL,NULL,NULL,NULL,'al_Furqan','24',NULL,'Recitiation',1),(170,622,'Arabic language','',NULL,NULL,NULL,NULL,NULL,NULL,NULL,'alif Madd','Madd letters',1),(171,455,'','',NULL,NULL,NULL,NULL,NULL,NULL,NULL,NULL,NULL,1),(172,436,'','',NULL,NULL,NULL,NULL,NULL,NULL,NULL,NULL,NULL,1),(173,1168,'Quran recitation','',NULL,NULL,NULL,NULL,NULL,'Al Noor','55',NULL,'Recite suret Al Noor',1),(174,1493,'Quran recitation','',NULL,NULL,NULL,NULL,NULL,NULL,'---',NULL,' نور البيان',1),(175,1529,'Quran recitation','',NULL,NULL,NULL,NULL,NULL,NULL,NULL,NULL,'--------',1),(176,1215,'Quran memorization','',NULL,NULL,'16: 19',NULL,'المرسلات من 20 : 24',NULL,NULL,NULL,NULL,1),(177,1614,'Islamic studies','',NULL,NULL,NULL,NULL,NULL,NULL,NULL,NULL,'سورة الناس والفلق ',1),(178,1352,'Quran memorization','',NULL,NULL,NULL,'سورة المطففين والبلد والعلق والانشقاق','آية 29 - 30 -31 ',NULL,NULL,NULL,NULL,1),(179,1378,'Quran memorization','',NULL,NULL,'سورة التكوير - ومراجعة عشر كلمات باللغة العربية ',NULL,'سورة عبس حتى الآية 15',NULL,NULL,NULL,NULL,1),(180,299,'Quran memorization','',NULL,NULL,NULL,NULL,'مراجعة سورة عم وقراءة سورة الانشقاق ',NULL,NULL,NULL,NULL,1),(181,1259,'Quran memorization','',NULL,NULL,NULL,NULL,'سورة الفجر حتى الآية 24',NULL,NULL,NULL,NULL,1),(182,1374,'Quran memorization','',NULL,NULL,NULL,NULL,'أخذنا بعض الأفعال وكيف ت',NULL,NULL,NULL,NULL,1),(183,1382,'Quran memorization','',NULL,NULL,NULL,'سورة التكوير ','سورة عبس حتى الآية 15',NULL,NULL,NULL,NULL,1),(184,1344,'Arabic language','',NULL,NULL,NULL,NULL,NULL,NULL,NULL,'مراجعة على سورة المطففين','الأفعال مع المذكر والمؤنث والمتكلم',1),(185,1173,'Quran recitation','',NULL,NULL,NULL,NULL,NULL,'Al Noor','the end',NULL,'Ikhfaa',1),(186,279,'Quran recitation','',NULL,NULL,NULL,NULL,NULL,'Al Insaan','till the end',NULL,'Meem Sakinah',1),(187,284,'Quran recitation','',NULL,NULL,NULL,NULL,NULL,'Al Ensaan','Till the end',NULL,'Meem Sakinah',1),(188,1264,'Quran memorization','',NULL,NULL,NULL,'سورة الفجر','الانتهاء من سورة الفجر',NULL,NULL,NULL,NULL,1),(189,150,'Arabic language','',NULL,NULL,NULL,NULL,NULL,NULL,NULL,NULL,'تحدثنا عن اهم الخطوات التي تعليم على الحديث بالفصحى',1),(190,145,'','',NULL,NULL,NULL,NULL,NULL,NULL,NULL,NULL,NULL,1),(191,1193,'Quran recitation','',NULL,NULL,NULL,NULL,NULL,'Yunus','20',NULL,NULL,1),(192,1274,'Quran recitation','',NULL,NULL,NULL,NULL,NULL,'an-Nahal','32',NULL,NULL,1),(193,618,'Quran recitation','',NULL,NULL,NULL,NULL,NULL,'al-Furqan','77',NULL,NULL,1),(194,1650,'Arabic language','',NULL,'أنواع الجمع',NULL,NULL,NULL,NULL,NULL,'المستشفى الجديد','أنواع الجمع',1),(195,1269,'Quran recitation','',NULL,NULL,NULL,NULL,NULL,'تجويد',NULL,NULL,'التجويد الميسر',1),(196,627,'Quran recitation','',NULL,NULL,NULL,NULL,NULL,NULL,NULL,NULL,'Small alif Madd',1),(197,645,'Islamic studies','',NULL,NULL,NULL,NULL,NULL,NULL,NULL,'Pillars of Salah','Pillars of Salah',1),(198,640,'Islamic studies','',NULL,NULL,NULL,NULL,NULL,NULL,NULL,'Pillars of Salah','Pillars of Salah',1),(199,673,'Quran memorization','',NULL,NULL,'al-Fajir','Frim an-Nass','al-Fajir',NULL,NULL,NULL,NULL,1),(200,1659,'Arabic language','',NULL,'أنواع الجمل',NULL,NULL,NULL,NULL,NULL,'خريطة الإعراب','خريطة الإعراب',1),(201,1278,'Quran recitation','',NULL,NULL,NULL,NULL,NULL,'an-Nahl','54',NULL,NULL,1),(202,1099,'','',NULL,NULL,NULL,NULL,NULL,NULL,NULL,NULL,NULL,1),(203,1502,'','',NULL,NULL,NULL,NULL,NULL,NULL,NULL,NULL,NULL,1),(204,1220,'','',NULL,NULL,NULL,NULL,NULL,NULL,NULL,NULL,NULL,1),(205,1225,'Quran recitation','',NULL,NULL,NULL,NULL,NULL,'المرسلات ',NULL,NULL,' سورة المرسلات ',1),(206,441,'','',NULL,NULL,NULL,NULL,NULL,NULL,NULL,NULL,NULL,1),(207,1317,'Arabic language','',NULL,'قراءن و مراجعة النحو',NULL,NULL,NULL,NULL,NULL,'قراءن و مراجعة النحو','قراءن و مراجعة النحو',1),(208,1436,'Arabic language','',NULL,'الحروف العربية',NULL,NULL,NULL,NULL,NULL,'الحروف العربية','الحروف العربية',1),(209,374,'Arabic language','',NULL,'الحروف',NULL,NULL,NULL,NULL,NULL,'الحروف','الحروف',1),(210,390,'Quran recitation','',NULL,NULL,NULL,NULL,NULL,'سورة الفتح','حتي الاية رقم 27',NULL,'سورة الفتح',1),(211,382,'Quran recitation','',NULL,NULL,NULL,NULL,NULL,'سورة الاسراء','حتي الاية 31',NULL,'سورة الاسراء',1),(212,1763,'','',NULL,NULL,NULL,NULL,NULL,NULL,NULL,NULL,NULL,1),(213,406,'Quran recitation','',NULL,NULL,NULL,NULL,NULL,'سورة فاطر',NULL,NULL,'سورة فاطر',1),(214,414,'Quran recitation','',NULL,NULL,NULL,NULL,NULL,'سورة فاطر',NULL,NULL,'سورة فاطر',1),(215,1122,'','',NULL,NULL,NULL,NULL,NULL,NULL,NULL,NULL,NULL,1),(216,1123,'','',NULL,NULL,NULL,NULL,NULL,NULL,NULL,NULL,NULL,1),(217,1124,'','',NULL,NULL,NULL,NULL,NULL,NULL,NULL,NULL,NULL,1),(218,1143,'','',NULL,NULL,NULL,NULL,NULL,NULL,NULL,NULL,NULL,1),(219,1144,'','',NULL,NULL,NULL,NULL,NULL,NULL,NULL,NULL,NULL,1),(220,1147,'','',NULL,NULL,NULL,NULL,NULL,NULL,NULL,NULL,NULL,1),(221,1152,'','',NULL,NULL,NULL,NULL,NULL,NULL,NULL,NULL,NULL,1),(222,1153,'','',NULL,NULL,NULL,NULL,NULL,NULL,NULL,NULL,NULL,1),(223,1161,'','',NULL,NULL,NULL,NULL,NULL,NULL,NULL,NULL,NULL,1),(224,1089,'','',NULL,NULL,NULL,NULL,NULL,NULL,NULL,NULL,NULL,1),(225,1769,'Quran memorization','',NULL,NULL,NULL,'بعض السور من الماضى ','سورة عبس حتى الآية ١٥ ',NULL,NULL,NULL,NULL,1),(226,1770,'Quran memorization','',NULL,NULL,NULL,'بعض السور من الماضى','سورة المطففين حتى الآية ٣٢',NULL,NULL,NULL,NULL,1),(227,1775,'Arabic language','',NULL,NULL,NULL,NULL,NULL,NULL,NULL,NULL,'سورة الإخلاص والحروف حتى حرف ال د',1),(228,1768,'Quran memorization','',NULL,NULL,NULL,'راجعنا المأخوذ سابقا من السورة ','أنهينا سورة الفجر ',NULL,NULL,NULL,NULL,1),(229,1356,'Arabic language','',NULL,NULL,NULL,NULL,NULL,NULL,NULL,'تكوين جمل بها أفعال ','أخذنا بعض الأفعال ',1),(230,1386,'Arabic language','',NULL,NULL,NULL,NULL,NULL,NULL,NULL,'تكوين جمل بها أفعال ','كتابة بعض الأفعال ',1),(231,1676,'Arabic language','',NULL,NULL,NULL,NULL,NULL,NULL,NULL,'التمارين','درس الفاتحة/ دروس اللغة العربية',1),(232,1668,'Arabic language','',NULL,NULL,NULL,NULL,NULL,NULL,NULL,'الكلمات','سورة العصر/دروس اللغة العربية',1),(233,1428,'Arabic language','',NULL,'الحروف و كلمة شمس',NULL,NULL,NULL,NULL,NULL,'الحروف و كلمة شمس','الحروف',1),(234,610,'Quran recitation','',NULL,NULL,NULL,NULL,NULL,'An-Nour','27',NULL,NULL,1),(235,370,'Arabic language','',NULL,'اجزاء الجسم',NULL,NULL,NULL,NULL,NULL,'اجزاء الجسم','اجزاء الجسم',1),(236,378,'','',NULL,NULL,NULL,NULL,NULL,NULL,NULL,NULL,NULL,1),(237,386,'','',NULL,NULL,NULL,NULL,NULL,NULL,NULL,NULL,NULL,1),(238,394,'Quran memorization','',NULL,NULL,'مراجة','مراجة','مراجة',NULL,NULL,NULL,NULL,1),(239,398,'Quran memorization','',NULL,NULL,'مراجة','مراجة','مراجة',NULL,NULL,NULL,NULL,1),(240,1115,'Quran recitation','',NULL,NULL,NULL,NULL,NULL,NULL,NULL,NULL,'سورة النساء 30',1),(241,1455,'Arabic language','',NULL,NULL,NULL,NULL,NULL,'',NULL,'قراءة رسالة إلى أبي وحل تمارين 38','اتممنا درس قرية خالد',1),(242,402,'Quran recitation','',NULL,NULL,NULL,NULL,NULL,'سورة فاطر','سورة فاطر',NULL,'سورة فاطر',1),(243,410,'Quran recitation','',NULL,NULL,NULL,NULL,NULL,'سورة فاطر','سورة فاطر',NULL,'سورة فاطر',1),(244,566,'Quran recitation','',NULL,NULL,NULL,NULL,NULL,'Al Kaferoon ','till the end ',NULL,'Izhaar Halqi ',1),(245,570,'Quran recitation','',NULL,NULL,NULL,NULL,NULL,'Al Ma\'oon ','till the end ',NULL,'Iqlaab rule ',1),(246,1178,'Quran recitation','',NULL,NULL,NULL,NULL,NULL,'Al Fajr ','till the end ',NULL,'Memorize suret Al Fajr up to 20',1),(247,1512,'Quran recitation','',NULL,NULL,NULL,NULL,NULL,NULL,NULL,NULL,'تمرينات على الحرف المشدد',1),(248,295,'Arabic language','',NULL,NULL,NULL,NULL,NULL,NULL,NULL,'المستوى الثالث الدرس الأول ','مراجعة نص مكتوب من قبل الطالبة ',1),(249,1370,'Quran memorization','',NULL,NULL,NULL,' قراءة درسين من دروس المحادثة و كتابة بعض الجمل والاستماع إلى فيديو ','سورة عبس حتى الآية ٢٠',NULL,NULL,NULL,NULL,1),(250,1365,'Quran memorization','',NULL,NULL,'كتابة بعض الأفعال والصفات ','مراجعة بعض السور من الماضى ','سورة عبس حتى الآية ٢٠  ',NULL,NULL,NULL,NULL,1),(251,1335,'Arabic language','',NULL,NULL,NULL,NULL,NULL,NULL,NULL,NULL,'كتابة بعض الجمل وقراءة درسين محادثة ',1),(252,1390,'Arabic language','',NULL,NULL,NULL,NULL,NULL,NULL,NULL,NULL,'قراءة درسين محادثة ودراسة بعض الجمل ',1),(253,1360,'Quran memorization','',NULL,NULL,NULL,'سورة الانشقاق ','سورة المطففين ',NULL,NULL,NULL,NULL,1),(254,1208,'Revision / Test','',NULL,NULL,NULL,NULL,NULL,NULL,NULL,NULL,NULL,1),(255,1340,'Quran memorization','',NULL,NULL,NULL,'سورة الانشقاق','سورة المطففين كاملة ',NULL,NULL,NULL,NULL,1),(256,1260,'Quran recitation','',NULL,NULL,NULL,NULL,NULL,'مراجعة سورة الفجر ',NULL,NULL,'قراءة حتى آيه ٣٣ سورة البقرة ',1),(257,1476,'Quran recitation','',NULL,NULL,NULL,NULL,NULL,NULL,NULL,NULL,'نور البيان',1),(258,1095,'Quran memorization','',NULL,NULL,'1: 14 الفجر ',NULL,'15: 20 الفجر',NULL,NULL,NULL,NULL,1),(259,1521,'Quran recitation','',NULL,NULL,NULL,NULL,NULL,NULL,NULL,NULL,'تدريبات ',1),(260,1309,'Arabic language','',NULL,' مراجعة الجملة الفعلية والاسمية',NULL,NULL,NULL,NULL,NULL,'مراجعة','مراجعة',1),(261,432,'','',NULL,NULL,NULL,NULL,NULL,NULL,NULL,NULL,NULL,1),(262,1485,'Quran recitation','',NULL,NULL,NULL,NULL,NULL,NULL,NULL,NULL,'حركة الضم - نور البيان ',1),(263,1212,'Quran memorization','',NULL,NULL,'20:28 المرسلات ',NULL,'29:31',NULL,NULL,NULL,NULL,1),(264,151,'Arabic language','',NULL,NULL,NULL,NULL,NULL,NULL,NULL,NULL,'مهارات التحدث بالفصحة',1),(265,1530,'Quran recitation','',NULL,NULL,NULL,NULL,NULL,NULL,NULL,NULL,'تدريبات ',1),(266,476,'Arabic language','',NULL,NULL,NULL,NULL,NULL,NULL,NULL,NULL,'من حرف ال أ حتى حرف ال د',1),(267,1375,'Quran memorization','',NULL,NULL,NULL,'مراجعة سورة التكوير والانشقاق ','سورة عبس حتى الآية ٢٠',NULL,NULL,NULL,NULL,1),(268,1345,'Quran memorization','',NULL,NULL,NULL,'مراجعة سورة التكوير ','سورة المطففين حتى آخرها ',NULL,NULL,NULL,NULL,1),(269,1216,'Quran memorization','',NULL,NULL,'29:31 المرسلات ','','المرسلات32:34',NULL,NULL,NULL,NULL,1),(270,1902,'Arabic language','',NULL,NULL,NULL,NULL,NULL,NULL,NULL,'letters with Fattha and surah الكوثر','letters with Fattha',1),(271,1494,'Quran recitation','',NULL,NULL,NULL,NULL,NULL,NULL,NULL,NULL,'نور البيان حركة الضم ',1),(272,703,'Quran recitation','',NULL,NULL,NULL,NULL,NULL,NULL,NULL,NULL,'Tanween al_fath',1),(273,614,'Quran recitation','',NULL,NULL,NULL,NULL,NULL,'an_Nour','53',NULL,'Recitation',1),(274,1794,'Quran recitation','',NULL,NULL,NULL,NULL,NULL,'Surah an-Nas',NULL,NULL,'Madd-letters/ Surah an-Nas',1),(275,1221,'Quran memorization','',NULL,NULL,NULL,NULL,' المرسلات ',NULL,NULL,NULL,NULL,1),(276,1503,'Quran recitation','',NULL,NULL,NULL,NULL,NULL,NULL,NULL,NULL,'حركةالضم ',1),(277,1100,'','',NULL,NULL,NULL,NULL,NULL,NULL,NULL,NULL,NULL,1),(278,1174,'Quran recitation','',NULL,NULL,NULL,NULL,NULL,'Al Forqan','10',NULL,'Ikhfaa',1),(279,280,'Quran recitation','',NULL,NULL,NULL,NULL,NULL,'Al Qiyamah ','Till the end ',NULL,'Rules of Meem Sakinah ',1),(280,285,'Quran recitation','',NULL,NULL,NULL,NULL,NULL,'Al Qiyamah ','Till the end ',NULL,'Prophet\' story',1),(281,1194,'Quran recitation','',NULL,NULL,NULL,NULL,NULL,'at_Tawbah','36',NULL,NULL,1),(282,1275,'Quran recitation','',NULL,NULL,NULL,NULL,NULL,'an_Nahl','42',NULL,NULL,1),(283,1651,'Arabic language','',NULL,NULL,NULL,NULL,NULL,NULL,NULL,'الصفة والحال','إعراب',1),(284,1270,'Quran recitation','',NULL,NULL,NULL,NULL,NULL,'التجويد اللازم والصناعي',NULL,NULL,'التجويد الميسر',1),(285,628,'Quran recitation','',NULL,NULL,NULL,NULL,NULL,NULL,NULL,NULL,'Yaa Madd',1),(286,641,'Islamic studies','',NULL,NULL,NULL,NULL,NULL,NULL,NULL,'Importance of Salah and Qiyam','Salah',1),(287,646,'Islamic studies','',NULL,NULL,NULL,NULL,NULL,NULL,NULL,'Importance of Salah and Qiyam','Salah',1),(288,674,'Quran memorization','',NULL,NULL,NULL,'pervious Surah in the Juza','Surat alFajir',NULL,NULL,NULL,NULL,1),(289,1660,'Arabic language','',NULL,NULL,NULL,NULL,NULL,NULL,NULL,'درس سورة الناس - الكلمات الجديدة','دروس اللغة العربية من القرآن',1),(290,1803,'Quran recitation','',NULL,NULL,NULL,NULL,NULL,'an-Nass-al_Falaq',NULL,NULL,'Yaa Madd/an-Nass',1),(291,1226,'Revision / Test','','المرسلات ',NULL,NULL,NULL,NULL,NULL,NULL,NULL,NULL,1),(292,1607,'Quran memorization','',NULL,NULL,NULL,NULL,NULL,NULL,NULL,NULL,NULL,1),(293,1677,'Arabic language','',NULL,NULL,NULL,NULL,NULL,NULL,NULL,NULL,'مراجعة على المفرد والمثنى والجمع',1),(294,1318,'','',NULL,NULL,NULL,NULL,NULL,NULL,NULL,NULL,NULL,1),(295,1265,'Quran recitation','',NULL,NULL,NULL,NULL,NULL,'تسميع سورة الفجر',NULL,NULL,'Until Ayah 48 surat البقرة ',1),(296,1771,'Quran memorization','',NULL,NULL,NULL,NULL,'سورة النبأ مراجعة وقراءة سورةالانفطار وسورة الغاشية ',NULL,NULL,NULL,NULL,1),(297,1615,'Islamic studies','',NULL,NULL,NULL,NULL,NULL,NULL,NULL,NULL,'الجزء الأول من قصة سيدنا يوسف ودعاء الخروج من المنزل ودعاء \" بسم الله الذى لا يضر\"',1),(298,1597,'Quran recitation','',NULL,NULL,NULL,NULL,NULL,NULL,NULL,NULL,NULL,1),(299,2467,'','',NULL,NULL,NULL,NULL,NULL,NULL,NULL,NULL,NULL,1),(300,2431,'Arabic language','',NULL,'انواع الخضار',NULL,NULL,NULL,NULL,NULL,'انواع الخضار','انواع الخضار',1),(301,2449,'','',NULL,NULL,NULL,NULL,NULL,NULL,NULL,NULL,NULL,1),(302,2413,'Quran recitation','',NULL,NULL,NULL,NULL,NULL,'surat الاسراء','47',NULL,'recitation',1),(303,2395,'Quran recitation','',NULL,NULL,NULL,NULL,NULL,'الحجرات','7',NULL,'recitation',1),(304,1764,'','',NULL,NULL,NULL,NULL,NULL,NULL,NULL,NULL,NULL,1),(305,2359,'Quran recitation','',NULL,NULL,NULL,NULL,NULL,'الحجرات','47',NULL,'recitation',1),(306,2341,'Quran recitation','',NULL,NULL,NULL,NULL,NULL,'الحجرات','47',NULL,'recitation',1),(307,2746,'Quran memorization','',NULL,NULL,NULL,NULL,'Ale imran',NULL,NULL,NULL,NULL,1),(308,2728,'Quran memorization','',NULL,NULL,NULL,NULL,'Ale Imran',NULL,NULL,NULL,NULL,1),(309,2458,'Arabic language','',NULL,'الحروف المتشابهه',NULL,NULL,NULL,NULL,NULL,'الحروف المتشابهه','الحروف المتشابهه',1),(310,2422,'Arabic language','',NULL,'الخضار',NULL,NULL,NULL,NULL,NULL,'الخضار','الخضار',1),(311,146,'','',NULL,NULL,NULL,NULL,NULL,NULL,NULL,NULL,NULL,1),(312,2259,'Quran recitation','',NULL,NULL,NULL,NULL,NULL,NULL,NULL,NULL,'المد الطبيعي ',1),(313,2404,'Quran recitation','',NULL,NULL,NULL,NULL,NULL,'الاسراء','58',NULL,'recitation',1),(314,2386,'Quran recitation','',NULL,NULL,NULL,NULL,NULL,'ق','7',NULL,'recitation',1),(315,2377,'Quran memorization','',NULL,NULL,'مراجعة','مراجعة','مراجعة',NULL,NULL,NULL,NULL,1),(316,2268,'Quran recitation','',NULL,NULL,NULL,NULL,NULL,NULL,NULL,NULL,'مراجعة على حروف المد',1),(317,2250,'Quran recitation','',NULL,NULL,NULL,NULL,NULL,NULL,NULL,NULL,'مراجعة الحروف الى ش',1),(318,2368,'Quran memorization','',NULL,NULL,'مراجعة','مراجعة','مراجعة',NULL,NULL,NULL,NULL,1),(319,2350,'Quran recitation','',NULL,NULL,NULL,NULL,NULL,'ق','36',NULL,'قراءة',1),(320,2332,'Quran recitation','',NULL,NULL,NULL,NULL,NULL,' Surah ق ',' Verse 36',NULL,' قراءة',1),(321,2628,'Quran memorization','',NULL,NULL,'Memorize suret Al Fajr up to the end and From Quraysh to Al Asr','Memorize suret Al Fajr up to 25','the last three lines of suret Al Fajr',NULL,NULL,NULL,NULL,1),(322,2700,'','',NULL,NULL,NULL,NULL,NULL,NULL,NULL,NULL,NULL,1),(323,2655,'Quran recitation','',NULL,NULL,NULL,NULL,NULL,'From Al Feel to Al Houmaza ',NULL,NULL,'Revise rules of Izhaar and recite from Al Nass to Al Kaferoon ',1),(324,2897,'Quran memorization','',NULL,NULL,'سورة الكوثر','من الناس حتى الكافرون',NULL,NULL,NULL,NULL,NULL,1),(325,2214,'Arabic language','',NULL,NULL,NULL,NULL,NULL,NULL,NULL,'سورة الكوثر كاملة',NULL,1),(326,1884,'Quran memorization','',NULL,NULL,NULL,'سورة عبس و الانشقاق','سورة عبس حتى الآية ٢٨',NULL,NULL,NULL,NULL,1),(327,1892,'Quran memorization','',NULL,NULL,NULL,'سورة الانشقاق','سورة الانفطار أول ٧ آيات ',NULL,NULL,NULL,NULL,1),(328,2503,'Quran recitation','',NULL,NULL,NULL,NULL,NULL,'سورة البقرة ','حتى الآية ٨٣',NULL,'تسميع سورة الفجر',1),(329,2557,'Arabic language','',NULL,NULL,NULL,NULL,NULL,NULL,NULL,'ترديد حتى حرف ال ش','كتابة حتى حرف ال ش',1),(330,2040,'Arabic language','',NULL,NULL,NULL,NULL,NULL,NULL,NULL,NULL,'الرفع والنصب',1),(331,2187,'Quran recitation','',NULL,NULL,NULL,NULL,NULL,'an_Nour','64',NULL,NULL,1),(332,2152,'Quran recitation','',NULL,NULL,NULL,NULL,NULL,'64',NULL,NULL,NULL,1),(333,1988,'Quran memorization','',NULL,NULL,NULL,NULL,'an_nass, al-Falaq/ Waw Madd',NULL,NULL,NULL,NULL,1),(334,2058,'Quran memorization','',NULL,NULL,NULL,'from al-A\'dyaat to al fajir','al-Ghashiya',NULL,NULL,NULL,NULL,1),(335,2836,'','',NULL,NULL,NULL,NULL,NULL,NULL,NULL,NULL,NULL,1),(336,2800,'','',NULL,NULL,NULL,NULL,NULL,NULL,NULL,NULL,NULL,1),(337,2782,'Quran recitation','',NULL,NULL,NULL,NULL,NULL,NULL,NULL,NULL,'الشدة مع التنوين ',1),(338,2941,'Quran recitation','',NULL,NULL,NULL,NULL,NULL,NULL,NULL,NULL,'نور البيان ',1),(339,2853,'','',NULL,NULL,NULL,NULL,NULL,NULL,NULL,NULL,NULL,1),(340,2773,'','',NULL,NULL,NULL,NULL,NULL,NULL,NULL,NULL,NULL,1),(341,2862,'Quran memorization','',NULL,NULL,'29:34',NULL,'35:40 المرسلات',NULL,NULL,NULL,NULL,1),(342,2924,'','',NULL,NULL,NULL,NULL,NULL,NULL,NULL,NULL,NULL,1),(343,2809,'Quran recitation','',NULL,NULL,NULL,NULL,NULL,NULL,NULL,NULL,'تدريبات ',1),(344,2942,'Quran recitation','',NULL,NULL,NULL,NULL,NULL,NULL,NULL,NULL,'نور البيان ص 7',1),(345,2737,'Quran memorization','',NULL,NULL,NULL,NULL,'al Baqara first Juz\'',NULL,NULL,NULL,NULL,1),(346,3059,'Quran memorization','',NULL,NULL,NULL,NULL,'Baqara second Juz\'',NULL,NULL,NULL,NULL,1),(347,2791,'Quran recitation','',NULL,NULL,NULL,NULL,NULL,NULL,NULL,NULL,'تدريبات على الشدة مع التنوين ',1),(348,2871,'Revision / Test','','6 ارباع من جزء عم',NULL,NULL,NULL,NULL,NULL,NULL,NULL,NULL,1),(349,2223,'Arabic language','',NULL,NULL,NULL,NULL,NULL,NULL,NULL,'practice reading words',NULL,1),(350,2818,'Quran recitation','',NULL,NULL,NULL,NULL,NULL,NULL,NULL,NULL,'نور البيان ',1),(351,2619,'Quran recitation','',NULL,NULL,NULL,NULL,NULL,'Al Forqan','23',NULL,'Ikhfaa ',1),(352,2196,'Quran recitation','',NULL,NULL,NULL,NULL,NULL,'Almoumunon','27',NULL,NULL,1),(353,2170,'Quran recitation','',NULL,NULL,NULL,NULL,NULL,NULL,NULL,NULL,'Madd letters revis',1),(354,2161,'Quran recitation','',NULL,NULL,NULL,NULL,NULL,'Attawbah','99',NULL,NULL,1),(355,1997,'Quran recitation','',NULL,NULL,NULL,NULL,NULL,NULL,NULL,NULL,'Madd letters revision with memorization of annas, alfalaq, alike,las ',1),(356,2067,'Quran memorization','',NULL,NULL,NULL,'From annas','Alaala',NULL,NULL,NULL,NULL,1),(357,2610,'Quran memorization','',NULL,NULL,NULL,'The last four lines of suret Al Fajr','',NULL,NULL,NULL,NULL,1),(358,2880,'Revision / Test','',NULL,NULL,NULL,NULL,NULL,NULL,NULL,NULL,NULL,1),(359,2827,'Quran recitation','',NULL,NULL,NULL,NULL,NULL,NULL,NULL,NULL,'تدريبات نور البيان',1),(360,2845,'Quran memorization','',NULL,NULL,' الفجر من 1: 20 ',NULL,'---',NULL,NULL,NULL,NULL,1),(361,2440,'Arabic language','',NULL,'مراجعة',NULL,NULL,NULL,NULL,NULL,'مراجعة','مراجعة',1),(362,2323,'','',NULL,NULL,NULL,NULL,NULL,NULL,NULL,NULL,NULL,1),(363,2287,'Arabic language','',NULL,'حركة الضم',NULL,NULL,NULL,NULL,NULL,'حركة الضم','حركة الضم',1),(364,2305,'','',NULL,NULL,NULL,NULL,NULL,NULL,NULL,NULL,NULL,1),(365,2494,'Arabic language','',NULL,NULL,NULL,NULL,NULL,NULL,NULL,NULL,'مراجعة حتى حرف ال ظ',1),(366,2512,'Quran recitation','',NULL,NULL,NULL,NULL,NULL,NULL,NULL,NULL,'قراءة حتى الآية ٨٣ سورة البقرة ',1),(367,2575,'Islamic studies','',NULL,NULL,NULL,NULL,NULL,NULL,NULL,NULL,'بقية قصة سيدنا يوسف ومراجعة على الدروس المأخوذة سابقا ',1),(368,2889,'Revision / Test','','مراجعة عامة للتجويد',NULL,NULL,NULL,NULL,NULL,NULL,NULL,NULL,1),(369,2592,'Quran recitation','',NULL,NULL,NULL,NULL,NULL,'قراءة سورة البروج',NULL,NULL,'مراجعة سورة النبأ',1),(370,2566,'Arabic language','',NULL,NULL,NULL,NULL,NULL,NULL,NULL,NULL,'كتاب حتى حرف ال ر',1),(371,1116,'Quran recitation','',NULL,NULL,NULL,NULL,NULL,NULL,NULL,NULL,NULL,1),(372,2450,'Arabic language','',NULL,'مراجعة',NULL,NULL,NULL,NULL,NULL,'مراجعة','مراجعة',1),(373,2468,'Arabic language','',NULL,'heavy and light letters',NULL,NULL,NULL,NULL,NULL,'heavy and light letters','heavy and light letters',1),(374,2432,'Arabic language','',NULL,'كلمات',NULL,NULL,NULL,NULL,NULL,'كلمات','كلمات',1),(375,2933,'Quran recitation','',NULL,NULL,NULL,NULL,NULL,NULL,NULL,NULL,' نور البيان ',1),(376,2414,'Quran recitation','',NULL,NULL,NULL,NULL,NULL,'الاسراء','71',NULL,'recitation',1),(377,2396,'Quran recitation','',NULL,NULL,NULL,NULL,NULL,'ق','34',NULL,'recitation',1),(378,2297,'','',NULL,NULL,NULL,NULL,NULL,NULL,NULL,NULL,NULL,1),(379,2360,'Quran recitation','',NULL,NULL,NULL,NULL,NULL,'الفتح','23',NULL,'recitation',1),(380,2342,'Quran recitation','',NULL,NULL,NULL,NULL,NULL,'الفتح','23',NULL,'recitation',1),(381,2710,'Quran recitation','',NULL,NULL,NULL,NULL,NULL,'Al Qiyaamah','19',NULL,'Just a rewiew',1),(382,2629,'Quran recitation','',NULL,NULL,NULL,NULL,NULL,'Al Forqan','40',NULL,'Ikhfaa',1),(383,2664,'','',NULL,NULL,NULL,NULL,NULL,NULL,NULL,NULL,NULL,1),(384,2673,'Quran recitation','',NULL,NULL,NULL,NULL,NULL,'Al Muddather','Till the end',NULL,'Revise rules of Madd',1),(385,2729,'Quran memorization','',NULL,NULL,NULL,NULL,'the rest of  surah al Baqara',NULL,NULL,NULL,NULL,1),(386,2906,'Quran recitation','',NULL,NULL,NULL,NULL,NULL,'and surah al Fatihah and al Ikhlas and Mu\'awizatain',NULL,NULL,'heavy letters ',1),(387,2076,'Arabic language','',NULL,NULL,NULL,NULL,NULL,NULL,NULL,'شرح معاني الكلمات ','درس سورة الناس',1),(388,2179,'Quran recitation','',NULL,NULL,NULL,NULL,NULL,NULL,NULL,NULL,'Sukun',1),(389,2084,'Arabic language','',NULL,NULL,NULL,NULL,NULL,NULL,NULL,'التدريبات','درس سورة الناس',1),(390,2101,'Quran recitation','',NULL,NULL,NULL,NULL,NULL,NULL,'54',NULL,'Annahl',1),(391,2006,'Quran memorization','',NULL,NULL,NULL,'From annas to almasd','An_nasr/ Sukun',NULL,NULL,NULL,NULL,1),(392,2459,'','',NULL,NULL,NULL,NULL,NULL,NULL,NULL,NULL,NULL,1),(393,2423,'Arabic language','',NULL,'كلمات',NULL,NULL,NULL,NULL,NULL,'كلمات','كلمات',1),(394,2050,'Arabic language','',NULL,NULL,NULL,NULL,NULL,NULL,NULL,NULL,'المفرد المنصوب',1),(395,2041,'Arabic language','',NULL,NULL,NULL,NULL,NULL,NULL,NULL,NULL,'المفرد المجرور',1),(396,2188,'Quran recitation','',NULL,NULL,NULL,NULL,NULL,'Almumonoun','80',NULL,NULL,1),(397,2014,'Quran recitation','',NULL,NULL,NULL,NULL,NULL,'مخارج الحروف ',NULL,NULL,'التجويد الميسر',1),(398,2387,'Quran recitation','',NULL,NULL,NULL,NULL,NULL,'الذاريات','17',NULL,'recitation',1),(399,2405,'Quran recitation','',NULL,NULL,NULL,NULL,NULL,'الاسراء','88',NULL,'recitation',1),(400,2378,'Quran memorization','',NULL,NULL,'مراجعة','مراجعة','مراجعة',NULL,NULL,NULL,NULL,1),(401,2369,'Quran memorization','',NULL,NULL,'مراجعة','مراجعة','مراجعة',NULL,NULL,NULL,NULL,1),(402,1544,'Arabic language','',NULL,'لا يوجد',NULL,NULL,NULL,NULL,NULL,'استماع وقراءة','الارقام',1),(405,3213,'Arabic language','',NULL,NULL,NULL,NULL,NULL,NULL,NULL,NULL,NULL,1),(406,2531,'Quran memorization','',NULL,NULL,'مراجعة على بعض الكلمات فى اللغة العربية ','مراجعة على بعض السور من الماضى ','سورة الانفطار أول خمس آيات ',NULL,NULL,NULL,NULL,1),(407,2549,'Quran memorization','',NULL,NULL,'مراجعة بعض الكلمات فى اللغة العربية ','مراجعة على بعض السور من الماضى ','سورة عبس أول ٢٠ آية ',NULL,NULL,NULL,NULL,1),(408,2251,'','',NULL,NULL,NULL,NULL,NULL,NULL,NULL,NULL,NULL,1),(409,2269,'','',NULL,NULL,NULL,NULL,NULL,NULL,NULL,NULL,NULL,1),(410,2260,'','',NULL,NULL,NULL,NULL,NULL,NULL,NULL,NULL,NULL,1),(411,3032,'Revision / Test','',NULL,NULL,NULL,NULL,NULL,NULL,NULL,NULL,NULL,1),(412,3005,'Revision / Test','','مراجعة الحروف ',NULL,NULL,NULL,NULL,NULL,NULL,NULL,NULL,1),(413,2351,'','',NULL,NULL,NULL,NULL,NULL,NULL,NULL,NULL,NULL,1),(414,2333,'','',NULL,NULL,NULL,NULL,NULL,NULL,NULL,NULL,NULL,1),(415,2720,'Quran memorization','',NULL,NULL,NULL,NULL,'surah al Baqara 11,12',NULL,NULL,NULL,NULL,1),(416,2774,'Revision / Test','',NULL,NULL,NULL,NULL,NULL,NULL,NULL,NULL,NULL,1),(417,2854,'Revision / Test','',NULL,NULL,'34: 40  المرسلات ',NULL,'41:43   المرسلات ',NULL,NULL,NULL,NULL,1),(418,2801,'Quran recitation','',NULL,NULL,NULL,NULL,NULL,NULL,NULL,NULL,'تدريبات نور البيان',1),(419,3306,'Quran recitation','',NULL,NULL,NULL,NULL,NULL,NULL,NULL,NULL,'الحروف الهجائية',1),(420,2522,'Arabic language','',NULL,'مراجعة على سورة المطففين ',NULL,NULL,NULL,NULL,NULL,'سورة الانفطار حتى الآية 9','مراجعة على بعض كلمات اللغة العربية ',1),(421,2540,'Arabic language','',NULL,'مراجعة سورة المطففين ',NULL,NULL,NULL,NULL,NULL,'سورة عبس حتى الآية 32','مراجعة على بعض كلمات اللغة العربية ',1),(422,2558,'Arabic language','',NULL,'مراجعة سريعة على سورة الإخلاص ',NULL,NULL,NULL,NULL,NULL,'كتابة الحروف فى الحصة ','حتى حرف ال غ',1),(423,2783,'','',NULL,NULL,NULL,NULL,NULL,NULL,NULL,NULL,NULL,1),(424,2441,'Quran memorization','',NULL,NULL,'مراجعة','مراجعة','سورة الفاتحة',NULL,NULL,NULL,NULL,1),(425,3270,'','',NULL,NULL,NULL,NULL,NULL,NULL,NULL,NULL,NULL,1),(426,2863,'Quran memorization','',NULL,NULL,'----',NULL,'المرسلات 41:45',NULL,NULL,NULL,NULL,1),(427,2810,'Quran recitation','',NULL,NULL,NULL,NULL,NULL,NULL,NULL,NULL,'تدريبات نور البيان',1),(428,2153,'Quran recitation','',NULL,NULL,NULL,NULL,NULL,'Alanfal','16',NULL,NULL,1),(429,1989,'Quran recitation','',NULL,NULL,NULL,NULL,NULL,'Alkafirun',NULL,NULL,'Sukun exercises ',1),(430,2059,'Quran memorization','',NULL,NULL,'Altariq','From annas',NULL,NULL,NULL,NULL,NULL,1),(431,2197,'Quran recitation','',NULL,NULL,NULL,NULL,NULL,'Alhaj','5',NULL,NULL,1),(432,3288,'Quran recitation','',NULL,NULL,NULL,NULL,NULL,NULL,NULL,NULL,'Harakat revision ',1),(433,2171,'Quran recitation','',NULL,NULL,NULL,NULL,NULL,NULL,NULL,NULL,'Sukun excersis/45e ',1),(434,2962,'Quran recitation','',NULL,NULL,NULL,NULL,NULL,NULL,NULL,NULL,'Small alif madd',1),(435,3223,'Quran recitation','',NULL,NULL,NULL,NULL,NULL,'N',NULL,NULL,'Alif madd',1),(436,3343,'Quran memorization','',NULL,NULL,NULL,NULL,' سورة الفجر21: 23',NULL,NULL,NULL,NULL,1),(437,2943,'Quran recitation','',NULL,NULL,NULL,NULL,NULL,NULL,NULL,NULL,' مقدمه في علم التجويد',1),(438,1117,'Quran recitation','',NULL,NULL,NULL,NULL,NULL,NULL,NULL,NULL,NULL,1),(439,1832,'Arabic language','',NULL,'الأزمنة',NULL,NULL,NULL,NULL,NULL,'النص والكلمات الجديدة','إلى أبي',1),(440,2477,'Arabic language','',NULL,NULL,NULL,NULL,NULL,NULL,NULL,NULL,'اللقاء الأول من كتاب تحدث بالعربية',1),(441,1998,'Quran memorization','',NULL,NULL,NULL,'From annas','Alkawthar/ Page 46 Sukun',NULL,NULL,NULL,NULL,1),(442,3241,'Quran recitation','',NULL,NULL,NULL,NULL,NULL,'Almuomnon',NULL,NULL,'Sukun',1),(443,2792,'Quran recitation','',NULL,NULL,NULL,NULL,NULL,NULL,NULL,NULL,'القاعدة النرانية ',1),(444,2215,'','',NULL,NULL,NULL,NULL,NULL,NULL,NULL,NULL,NULL,1),(445,2872,'Quran memorization','',NULL,NULL,'41: 45',NULL,' المرسلات إلى نهاية السورة',NULL,NULL,NULL,NULL,1),(446,2224,'Arabic language','',NULL,NULL,NULL,NULL,NULL,NULL,NULL,'أ حتى ح','practice letters',1),(447,2567,'Quran recitation','',NULL,NULL,NULL,NULL,NULL,'البقرة ',NULL,NULL,'قراءة حتى الآية ١٠٥',1),(448,2504,'Quran recitation','',NULL,NULL,NULL,NULL,NULL,NULL,NULL,NULL,'قراءة حتى سورة البقرة آية ١٠٥',1),(449,2915,'Quran recitation','',NULL,NULL,NULL,NULL,NULL,'from al Masad to Quraish',NULL,NULL,NULL,1),(450,2819,'Quran recitation','',NULL,NULL,NULL,NULL,NULL,NULL,NULL,NULL,'المد بالالف ',1),(451,2881,'Quran memorization','',NULL,NULL,NULL,'38:45  المرسلات','تسميع خواتيم المرسلات ',NULL,NULL,NULL,NULL,1),(452,2828,'','',NULL,NULL,NULL,NULL,NULL,NULL,NULL,NULL,NULL,1),(453,2486,'','',NULL,NULL,NULL,NULL,NULL,NULL,NULL,NULL,NULL,1),(454,3014,'','',NULL,NULL,NULL,NULL,NULL,NULL,NULL,NULL,NULL,1),(455,3041,'','',NULL,NULL,NULL,NULL,NULL,NULL,NULL,NULL,NULL,1),(456,3023,'Quran recitation','',NULL,NULL,NULL,NULL,NULL,NULL,NULL,NULL,'The letters of Alphapet',1),(457,3050,'Quran recitation','',NULL,NULL,NULL,NULL,NULL,'From An-Nas to Al-Masad',NULL,NULL,NULL,1),(458,3352,'Quran memorization','',NULL,NULL,' الفجر21:23 - البلد',NULL,' من 24 إلى نهاية الفجر',NULL,NULL,NULL,NULL,1);
/*!40000 ALTER TABLE `reportsubjects` ENABLE KEYS */;
UNLOCK TABLES;

--
-- Table structure for table `scheduledclasses`
--

DROP TABLE IF EXISTS `scheduledclasses`;
/*!40101 SET @saved_cs_client     = @@character_set_client */;
/*!50503 SET character_set_client = utf8mb4 */;
CREATE TABLE `scheduledclasses` (
  `id` int NOT NULL AUTO_INCREMENT,
  `guardianID` int DEFAULT NULL,
  `studentID` int NOT NULL,
  `teacherID` int NOT NULL,
  `subject` varchar(100) CHARACTER SET utf8mb4 COLLATE utf8mb4_unicode_ci DEFAULT NULL,
  `classTitle` varchar(100) CHARACTER SET utf8mb4 COLLATE utf8mb4_unicode_ci DEFAULT NULL,
  `duration` int DEFAULT NULL,
  `guests` varchar(255) CHARACTER SET utf8mb4 COLLATE utf8mb4_unicode_ci DEFAULT NULL,
  `description` varchar(255) CHARACTER SET utf8mb4 COLLATE utf8mb4_unicode_ci DEFAULT NULL,
  `timeZone` varchar(255) CHARACTER SET utf8mb4 COLLATE utf8mb4_unicode_ci DEFAULT NULL,
  `countForTeacher` tinyint(1) DEFAULT NULL,
  `countForStudent` tinyint(1) DEFAULT NULL,
  `payEvery` int DEFAULT NULL,
  `Sun` timestamp NULL DEFAULT NULL,
  `Mon` timestamp NULL DEFAULT NULL,
  `Tue` timestamp NULL DEFAULT NULL,
  `Wed` timestamp NULL DEFAULT NULL,
  `Thu` timestamp NULL DEFAULT NULL,
  `Fri` timestamp NULL DEFAULT NULL,
  `Sat` timestamp NULL DEFAULT NULL,
  `createdAt` timestamp NOT NULL DEFAULT CURRENT_TIMESTAMP,
  PRIMARY KEY (`id`),
  KEY `gssrel` (`guardianID`),
  CONSTRAINT `gssrel` FOREIGN KEY (`guardianID`) REFERENCES `guardians` (`id`) ON UPDATE CASCADE
) ENGINE=InnoDB AUTO_INCREMENT=120 DEFAULT CHARSET=utf8mb4 COLLATE=utf8mb4_unicode_ci;
/*!40101 SET character_set_client = @saved_cs_client */;

--
-- Dumping data for table `scheduledclasses`
--

LOCK TABLES `scheduledclasses` WRITE;
/*!40000 ALTER TABLE `scheduledclasses` DISABLE KEYS */;
INSERT INTO `scheduledclasses` VALUES (3,15,22,9,'Foundation level','Class',30,'','','Africa/Cairo',1,1,2,NULL,'2022-10-01 20:30:00','2022-10-01 20:30:00','2022-10-01 20:30:00','2022-10-01 20:30:00','2022-10-01 20:30:00',NULL,'2022-08-27 09:21:20'),(4,22,38,9,'Qari program','Class',60,'','','Africa/Cairo',1,1,2,NULL,NULL,NULL,'2022-10-11 22:00:00',NULL,'2022-10-11 22:00:00',NULL,'2022-08-27 09:23:12'),(5,19,30,9,'Foundation level','Class',30,'','','Africa/Cairo',1,1,2,NULL,'2022-10-01 21:00:00','2022-10-01 21:00:00','2022-10-01 21:00:00','2022-10-01 21:00:00',NULL,NULL,'2022-08-27 09:26:56'),(6,43,91,9,'Foundation level','Class',30,'','','Africa/Cairo',1,1,2,NULL,'2022-10-01 17:30:00','2022-10-01 17:30:00','2022-10-01 17:30:00',NULL,NULL,NULL,'2022-08-27 09:27:52'),(7,30,53,9,NULL,NULL,NULL,NULL,NULL,'Africa/Cairo',1,1,1,NULL,NULL,NULL,NULL,NULL,NULL,NULL,'2022-08-27 09:28:56'),(8,85,120,19,'Ljazah program','Class',60,'','','Africa/Cairo',1,1,2,'2022-10-01 11:30:00',NULL,NULL,'2022-10-01 11:30:00',NULL,NULL,'2022-10-01 11:30:00','2022-08-27 10:07:35'),(9,68,44,2,'Tajweed basics','Class',60,'','','Africa/Cairo',1,1,1,'2022-09-14 18:00:00',NULL,NULL,NULL,NULL,NULL,NULL,'2022-08-27 10:14:52'),(10,86,121,2,'Intermediate arabic','Class',60,'','','Africa/Cairo',1,1,1,NULL,NULL,NULL,'2022-09-13 18:00:00',NULL,NULL,NULL,'2022-08-27 10:54:38'),(11,27,48,2,NULL,NULL,NULL,NULL,NULL,'Africa/Cairo',1,1,3,NULL,NULL,NULL,NULL,NULL,NULL,NULL,'2022-08-27 10:57:59'),(13,23,41,4,'Intermediate arabic','Class',60,'','','Africa/Cairo',1,1,2,NULL,NULL,NULL,NULL,'2022-10-01 16:30:00',NULL,NULL,'2022-08-28 16:19:58'),(14,55,102,4,'Upper-intermediate arabic','Class',60,'','','Africa/Cairo',1,1,2,NULL,NULL,NULL,'2022-10-01 14:00:00',NULL,NULL,NULL,'2022-08-28 16:21:39'),(15,41,87,6,'Intermediate arabic','Class',60,'','','Africa/Cairo',1,1,2,'2022-10-09 16:00:00',NULL,NULL,NULL,NULL,NULL,NULL,'2022-08-28 16:42:43'),(16,52,125,6,NULL,NULL,NULL,NULL,NULL,'Africa/Cairo',1,1,2,NULL,NULL,NULL,NULL,NULL,NULL,NULL,'2022-08-28 16:54:47'),(17,52,123,6,NULL,NULL,NULL,NULL,NULL,'Africa/Cairo',1,1,2,NULL,NULL,NULL,NULL,NULL,NULL,NULL,'2022-08-28 16:57:58'),(18,52,124,6,NULL,NULL,NULL,NULL,NULL,'Africa/Cairo',1,1,2,NULL,NULL,NULL,NULL,NULL,NULL,NULL,'2022-08-28 16:58:42'),(19,55,104,10,'Foundation level','Class',30,'','','Africa/Cairo',1,1,2,NULL,'2022-10-01 21:00:00',NULL,'2022-10-01 21:00:00',NULL,NULL,NULL,'2022-08-28 17:09:14'),(20,56,97,10,NULL,NULL,NULL,NULL,NULL,'Africa/Cairo',1,1,1,NULL,NULL,NULL,NULL,NULL,NULL,NULL,'2022-08-28 17:10:34'),(21,56,98,10,NULL,NULL,NULL,NULL,NULL,'Africa/Cairo',1,1,1,NULL,NULL,NULL,NULL,NULL,NULL,NULL,'2022-08-28 17:11:00'),(22,72,27,10,NULL,NULL,NULL,NULL,NULL,'Africa/Cairo',1,1,1,NULL,NULL,NULL,NULL,NULL,NULL,NULL,'2022-08-28 17:12:28'),(23,72,28,10,NULL,NULL,NULL,NULL,NULL,'Africa/Cairo',1,1,1,NULL,NULL,NULL,NULL,NULL,NULL,NULL,'2022-08-28 17:13:02'),(24,64,63,7,'Tajweed basics','Class',60,'','','Africa/Cairo',1,1,2,'2022-10-01 06:30:00',NULL,NULL,NULL,NULL,NULL,'2022-10-01 06:30:00','2022-08-28 17:15:27'),(25,60,78,7,NULL,NULL,NULL,NULL,NULL,'Africa/Cairo',1,1,1,NULL,NULL,NULL,NULL,NULL,NULL,NULL,'2022-08-28 17:16:20'),(26,60,17,7,'Tajweed basics','Class',45,'','','Africa/Cairo',1,1,2,NULL,NULL,NULL,NULL,'2022-10-01 14:00:00',NULL,NULL,'2022-08-28 17:17:50'),(27,60,16,7,'Tajweed basics','Class',45,'','','Africa/Cairo',1,1,2,NULL,NULL,NULL,NULL,'2022-10-01 14:45:00',NULL,NULL,'2022-08-28 17:18:21'),(28,16,23,7,'Tajweed basics','Class',60,'','','Africa/Cairo',1,1,2,'2022-10-01 20:30:00',NULL,NULL,NULL,NULL,NULL,NULL,'2022-08-28 17:19:30'),(29,54,106,11,'Intermediate arabic','Class',60,'','','Africa/Cairo',1,1,2,'2022-10-01 18:00:00',NULL,NULL,NULL,NULL,NULL,NULL,'2022-08-28 17:25:58'),(30,55,102,11,'Intermediate arabic','Class',30,'','','Africa/Cairo',1,1,2,NULL,NULL,NULL,'2022-10-01 18:00:00',NULL,NULL,NULL,'2022-08-28 17:26:47'),(31,24,42,11,'Pre-reading level','Class',60,'','','Africa/Cairo',1,1,2,NULL,NULL,NULL,NULL,NULL,'2022-10-01 14:00:00',NULL,'2022-08-28 17:27:45'),(32,20,32,11,'Pre-reading level','Class',60,'','','Africa/Cairo',1,1,2,NULL,NULL,NULL,NULL,'2022-10-01 11:00:00',NULL,NULL,'2022-08-28 17:29:53'),(34,52,125,6,'Intermediate arabic','Class',60,'','','Africa/Cairo',1,1,3,NULL,NULL,'2022-10-08 22:00:00',NULL,NULL,NULL,NULL,'2022-08-30 08:00:59'),(35,77,114,5,'Foundation level','Class',30,'','','Africa/Cairo',1,1,2,'2022-10-01 14:30:00',NULL,NULL,NULL,NULL,NULL,'2022-10-01 14:30:00','2022-08-30 08:18:42'),(36,42,88,5,'Intermediate arabic','Class',30,'','','Africa/Cairo',1,1,2,NULL,NULL,'2022-10-01 17:00:00',NULL,NULL,NULL,'2022-10-01 09:00:00','2022-08-30 08:20:33'),(37,70,36,5,'Intermediate arabic','Class',30,'','','Africa/Cairo',1,1,2,'2022-10-01 15:30:00',NULL,NULL,NULL,NULL,NULL,'2022-10-01 15:30:00','2022-08-30 08:22:16'),(38,39,82,5,'Intermediate arabic','Class',45,'','','Africa/Cairo',1,1,2,'2022-10-01 16:00:00',NULL,NULL,NULL,NULL,NULL,'2022-10-01 16:00:00','2022-08-30 08:23:19'),(39,39,83,5,'Intermediate arabic','Class',45,'','','Africa/Cairo',1,1,2,'2022-10-01 16:45:00',NULL,NULL,NULL,NULL,NULL,'2022-10-01 16:45:00','2022-08-30 08:24:00'),(40,62,70,5,'Intermediate arabic','Class',30,'','','Africa/Cairo',1,1,2,'2022-10-01 17:30:00',NULL,NULL,NULL,NULL,NULL,NULL,'2022-08-30 08:25:43'),(41,62,72,5,'Intermediate arabic','Class',30,'','','Africa/Cairo',1,1,2,'2022-10-01 18:00:00',NULL,NULL,NULL,NULL,NULL,NULL,'2022-08-30 08:26:12'),(42,68,45,5,'Tajweed basics','Class',30,'','','Africa/Cairo',1,1,2,'2022-10-01 18:30:00',NULL,NULL,NULL,NULL,NULL,'2022-10-01 18:30:00','2022-08-30 08:27:40'),(43,68,46,5,'Tajweed basics','Class',30,'','','Africa/Cairo',1,1,2,'2022-10-01 19:00:00',NULL,NULL,NULL,NULL,NULL,'2022-10-01 19:00:00','2022-08-30 08:29:09'),(44,11,18,11,NULL,NULL,NULL,NULL,NULL,'Africa/Cairo',1,1,1,NULL,NULL,NULL,NULL,NULL,NULL,NULL,'2022-08-30 08:30:50'),(45,46,93,5,NULL,NULL,NULL,NULL,NULL,'Africa/Cairo',1,1,2,NULL,NULL,NULL,NULL,NULL,NULL,NULL,'2022-08-30 08:32:18'),(46,18,29,5,NULL,NULL,NULL,NULL,NULL,'Africa/Cairo',1,1,2,NULL,NULL,NULL,NULL,NULL,NULL,NULL,'2022-08-30 08:33:19'),(47,11,18,5,'Foundation level','Class',60,'','','Africa/Cairo',1,1,2,NULL,NULL,NULL,'2022-10-01 15:00:00',NULL,NULL,'2022-10-01 17:30:00','2022-08-30 08:35:50'),(48,28,49,19,'Intermediate','Class',30,'','','Africa/Cairo',1,1,2,'2022-10-01 17:00:00',NULL,NULL,NULL,NULL,NULL,'2022-10-01 17:00:00','2022-08-30 08:43:18'),(49,59,84,19,'Intermediate','Class',45,'','','Africa/Cairo',1,1,2,NULL,'2022-10-01 11:30:00',NULL,NULL,NULL,NULL,NULL,'2022-08-30 08:43:59'),(50,22,126,11,'Foundation level','Class',30,'','','Africa/Cairo',1,1,2,'2022-10-01 21:30:00',NULL,NULL,'2022-10-01 21:30:00',NULL,NULL,NULL,'2022-08-30 09:08:18'),(51,33,65,11,'Basic arabic','Class',60,'','','Africa/Cairo',1,1,2,'2022-10-01 18:00:00',NULL,NULL,NULL,NULL,NULL,'2022-10-01 18:00:00','2022-08-30 09:12:29'),(52,33,64,11,'Basic arabic','Class',60,'','','Africa/Cairo',1,1,2,'2022-10-01 19:00:00',NULL,NULL,NULL,NULL,NULL,'2022-10-01 19:00:00','2022-08-30 09:13:12'),(53,32,62,11,NULL,NULL,NULL,NULL,NULL,'Africa/Cairo',1,1,1,NULL,NULL,NULL,NULL,NULL,NULL,NULL,'2022-08-30 09:14:36'),(54,60,78,7,'Indiputable facts of religion','Class',45,'','','Africa/Cairo',1,1,2,'2022-10-01 17:00:00',NULL,NULL,NULL,NULL,NULL,NULL,'2022-08-30 09:30:40'),(57,5,8,8,'Tajweed basics','Class',45,'','','Africa/Cairo',1,1,2,'2022-10-01 15:15:00',NULL,'2022-10-01 15:15:00',NULL,'2022-10-01 15:15:00',NULL,NULL,'2022-08-31 07:20:47'),(58,86,122,8,'Tajweed basics','Class',30,'','','Africa/Cairo',1,1,2,NULL,NULL,'2022-10-01 21:30:00',NULL,'2022-10-01 21:30:00',NULL,NULL,'2022-08-31 07:22:38'),(59,58,85,8,'Tajweed basics','Class',45,'','','Africa/Cairo',1,1,2,NULL,'2022-09-30 22:00:00',NULL,'2022-09-30 22:00:00',NULL,NULL,NULL,'2022-08-31 07:27:13'),(60,11,18,8,'Indiputable facts of religion','Group A2',30,'','','Africa/Cairo',1,1,2,NULL,NULL,NULL,NULL,'2022-09-30 22:00:00',NULL,NULL,'2022-08-31 07:28:58'),(61,55,104,8,'Indiputable facts of religion','Group A2',30,'','','Africa/Cairo',1,1,2,NULL,NULL,NULL,NULL,'2022-09-30 22:00:00',NULL,NULL,'2022-08-31 07:30:11'),(62,12,19,8,'Tajweed basics','Class',45,'','','Africa/Cairo',1,1,2,NULL,NULL,NULL,NULL,'2022-10-01 11:00:00','2022-10-01 11:00:00',NULL,'2022-08-31 07:32:26'),(63,4,7,8,'Intermediate arabic','Class',60,'','','Africa/Cairo',1,1,2,NULL,NULL,NULL,NULL,'2022-10-01 20:30:00','2022-10-01 08:00:00',NULL,'2022-08-31 07:34:15'),(64,22,127,8,'Intermediate','Class',60,'','','Africa/Cairo',1,1,2,NULL,NULL,'2022-09-30 22:30:00',NULL,'2022-09-30 22:30:00',NULL,NULL,'2022-08-31 07:35:40'),(65,77,114,8,NULL,NULL,NULL,NULL,NULL,'Africa/Cairo',1,1,2,NULL,NULL,NULL,NULL,NULL,NULL,NULL,'2022-08-31 07:36:52'),(66,68,45,8,NULL,NULL,NULL,NULL,NULL,'Africa/Cairo',1,1,1,NULL,NULL,NULL,NULL,NULL,NULL,NULL,'2022-08-31 07:47:02'),(67,87,129,8,'Basic arabic','Class',90,'','','Africa/Cairo',1,1,2,'2022-10-01 11:00:00',NULL,NULL,NULL,NULL,NULL,'2022-10-01 11:00:00','2022-08-31 07:58:58'),(68,88,128,8,'Basic arabic','Class',60,'','','Africa/Cairo',1,1,2,NULL,'2022-10-01 17:00:00','2022-10-01 17:00:00',NULL,NULL,NULL,NULL,'2022-08-31 07:59:57'),(85,78,116,12,NULL,NULL,NULL,NULL,NULL,'Africa/Cairo',1,1,1,NULL,NULL,NULL,NULL,NULL,NULL,NULL,'2022-09-09 08:49:12'),(86,78,116,12,NULL,NULL,NULL,NULL,NULL,'Africa/Cairo',1,1,1,NULL,NULL,NULL,NULL,NULL,NULL,NULL,'2022-09-09 09:35:16'),(87,78,116,12,NULL,NULL,NULL,NULL,NULL,'Africa/Cairo',1,1,1,NULL,NULL,NULL,NULL,NULL,NULL,NULL,'2022-09-09 09:36:33'),(88,78,116,12,NULL,NULL,NULL,NULL,NULL,'Africa/Cairo',1,1,1,NULL,NULL,NULL,NULL,NULL,NULL,NULL,'2022-09-09 13:31:21'),(89,78,116,12,NULL,NULL,NULL,NULL,NULL,'Africa/Cairo',1,1,1,NULL,NULL,NULL,NULL,NULL,NULL,NULL,'2022-09-09 17:11:08'),(90,78,116,12,NULL,NULL,NULL,NULL,NULL,'Africa/Cairo',1,1,1,NULL,NULL,NULL,NULL,NULL,NULL,NULL,'2022-09-11 15:00:58'),(91,78,116,12,NULL,NULL,NULL,NULL,NULL,'Africa/Cairo',1,1,2,NULL,NULL,NULL,NULL,NULL,NULL,NULL,'2022-09-12 16:16:28'),(92,78,116,12,NULL,NULL,NULL,NULL,NULL,'Africa/Cairo',1,1,1,NULL,NULL,NULL,NULL,NULL,NULL,NULL,'2022-09-12 19:53:19'),(93,30,53,11,'Foundation level','Class',30,'','','Africa/Cairo',1,1,2,NULL,'2022-10-01 20:30:00',NULL,NULL,'2022-10-01 20:30:00',NULL,NULL,'2022-09-14 04:06:59'),(94,71,31,7,'Intermediate','Class',30,'','','Africa/Cairo',1,1,2,NULL,NULL,'2022-09-30 22:15:00',NULL,'2022-09-30 22:15:00',NULL,'2022-09-30 22:15:00','2022-09-14 07:33:16'),(95,89,130,8,'Intermediate arabic','Class',60,'','','Africa/Cairo',1,1,2,NULL,NULL,NULL,NULL,'2022-10-01 21:00:00',NULL,NULL,'2022-09-18 08:36:34'),(96,59,84,2,'Intermediate arabic','Class',90,'','','Africa/Cairo',1,1,2,'2022-09-25 11:30:00',NULL,NULL,NULL,NULL,NULL,NULL,'2022-09-18 19:09:15'),(97,65,59,11,'Pre-reading level','Class',45,'','','Africa/Cairo',1,1,2,NULL,NULL,NULL,NULL,'2022-10-01 21:00:00',NULL,NULL,'2022-09-24 10:20:30'),(98,12,133,8,'Pre-reading level','Class',45,'','','Africa/Cairo',1,1,2,NULL,'2022-10-01 15:15:00',NULL,'2022-10-01 15:15:00',NULL,'2022-10-01 12:00:00',NULL,'2022-09-24 14:13:10'),(99,72,28,10,NULL,NULL,NULL,NULL,NULL,'Africa/Cairo',1,1,2,NULL,NULL,NULL,NULL,NULL,NULL,NULL,'2022-09-28 19:27:49'),(100,72,27,10,NULL,NULL,NULL,NULL,NULL,'Africa/Cairo',1,1,2,NULL,NULL,NULL,NULL,NULL,NULL,NULL,'2022-09-28 19:30:07'),(101,17,24,4,'Pre-reading level','Class',45,'','','Africa/Cairo',1,1,2,'2022-10-01 16:00:00',NULL,NULL,NULL,NULL,NULL,NULL,'2022-10-01 20:12:50'),(102,17,25,4,'Pre-reading level','Class',45,'','','Africa/Cairo',1,1,2,'2022-10-01 16:45:00',NULL,NULL,NULL,NULL,NULL,NULL,'2022-10-01 20:13:16'),(103,17,26,4,'Foundation level','Class',30,'','','Africa/Cairo',1,1,2,'2022-10-01 17:30:00',NULL,NULL,NULL,NULL,NULL,NULL,'2022-10-01 20:14:38'),(104,43,90,9,'Intermediate','Class',30,'','','Africa/Cairo',1,1,2,NULL,NULL,NULL,NULL,'2022-10-01 17:00:00',NULL,NULL,'2022-10-01 20:42:12'),(105,94,136,19,'Tajweed basics','Class',45,'','','Africa/Cairo',1,1,2,'2022-10-02 10:30:00',NULL,NULL,'2022-10-02 10:30:00',NULL,NULL,NULL,'2022-10-02 11:30:09'),(106,92,134,9,'Foundation level','Class',30,'','','Africa/Cairo',1,1,2,NULL,'2022-10-10 21:30:00',NULL,NULL,NULL,NULL,'2022-10-10 15:00:00','2022-10-02 11:46:33'),(107,89,135,9,'Tajweed basics','Class',60,'','','Africa/Cairo',1,1,2,NULL,NULL,NULL,'2022-10-12 10:00:00',NULL,NULL,NULL,'2022-10-02 12:17:13'),(108,91,132,8,'Tajweed basics','Class',45,'','','Africa/Cairo',1,1,2,'2022-10-02 20:00:00',NULL,'2022-10-02 21:45:00',NULL,NULL,NULL,NULL,'2022-10-02 12:25:08'),(109,72,28,4,'Foundation level','Class',30,'','','Africa/Cairo',1,1,2,'2022-10-05 14:00:00',NULL,NULL,NULL,'2022-10-04 22:00:00','2022-10-04 22:00:00',NULL,'2022-10-05 09:53:32'),(110,72,27,4,'Tajweed basics','Class',30,'','','Africa/Cairo',1,1,2,'2022-10-05 14:30:00',NULL,NULL,NULL,'2022-10-04 22:30:00','2022-10-04 22:30:00',NULL,'2022-10-05 09:54:10'),(111,3,6,7,'Tajweed basics','Class',45,'','','Africa/Cairo',1,1,2,'2022-10-09 17:15:00',NULL,NULL,NULL,NULL,NULL,'2022-10-09 17:15:00','2022-10-09 06:43:54'),(112,3,5,7,'Tajweed basics','Class',45,'','','Africa/Cairo',1,1,2,'2022-10-09 18:00:00',NULL,NULL,NULL,NULL,NULL,'2022-10-09 18:00:00','2022-10-09 06:44:24'),(113,95,137,6,'Intermediate arabic','Class',60,'','','Africa/Cairo',1,1,3,NULL,NULL,NULL,NULL,NULL,NULL,'2022-10-09 18:00:00','2022-10-09 08:51:29'),(114,95,138,6,'Intermediate arabic','Class',60,'','','Africa/Cairo',1,1,3,'2022-10-09 19:00:00',NULL,NULL,NULL,NULL,NULL,NULL,'2022-10-09 08:53:55'),(115,71,33,8,'Tajweed basics','Class',30,'','','Africa/Cairo',1,1,2,NULL,NULL,NULL,'2022-10-08 23:00:00',NULL,'2022-10-08 23:00:00',NULL,'2022-10-09 20:33:23'),(116,71,34,8,'Tajweed basics','Class',30,'','','Africa/Cairo',1,1,2,NULL,NULL,NULL,'2022-10-08 23:30:00',NULL,'2022-10-08 23:30:00',NULL,'2022-10-09 20:33:54'),(117,96,140,5,'Pre-reading level','Class',30,'','','Africa/Cairo',1,1,2,NULL,NULL,'2022-10-10 18:00:00',NULL,NULL,NULL,'2022-10-10 09:00:00','2022-10-10 18:14:33'),(118,96,139,8,'Pre-reading level','Class',45,'','','Africa/Cairo',1,1,2,NULL,NULL,'2022-10-10 16:00:00',NULL,NULL,NULL,'2022-10-10 16:00:00','2022-10-10 18:16:57'),(119,65,60,11,'Pre-reading level','Class',45,'','','Africa/Cairo',1,1,2,NULL,NULL,NULL,NULL,'2022-10-12 21:45:00',NULL,NULL,'2022-10-12 08:24:36');
/*!40000 ALTER TABLE `scheduledclasses` ENABLE KEYS */;
UNLOCK TABLES;

--
-- Table structure for table `students`
--

DROP TABLE IF EXISTS `students`;
/*!40101 SET @saved_cs_client     = @@character_set_client */;
/*!50503 SET character_set_client = utf8mb4 */;
CREATE TABLE `students` (
  `id` int NOT NULL AUTO_INCREMENT,
  `guardianID` int DEFAULT NULL,
  `picture` varchar(100) DEFAULT NULL,
  `name` varchar(100) DEFAULT NULL,
  `attendedHours` int DEFAULT '0',
  `email` varchar(100) NOT NULL,
  `birthday` date DEFAULT NULL,
  `language` varchar(50) DEFAULT NULL,
  `phone` varchar(50) DEFAULT NULL,
  `address` varchar(100) DEFAULT NULL,
  `timeZone` varchar(100) DEFAULT NULL,
  `initialAssessment` varchar(255) DEFAULT NULL,
  `startingDate` date DEFAULT NULL,
  `status` tinyint(1) NOT NULL DEFAULT '2' COMMENT '1: Active 2: Inactive 3:Vacation',
  `token` int DEFAULT NULL,
  `createdAt` timestamp NOT NULL DEFAULT CURRENT_TIMESTAMP,
  PRIMARY KEY (`id`),
  KEY `gsrel` (`guardianID`),
  CONSTRAINT `gsrel` FOREIGN KEY (`guardianID`) REFERENCES `guardians` (`id`) ON DELETE CASCADE ON UPDATE CASCADE
) ENGINE=InnoDB AUTO_INCREMENT=141 DEFAULT CHARSET=utf8mb3;
/*!40101 SET character_set_client = @saved_cs_client */;

--
-- Dumping data for table `students`
--

LOCK TABLES `students` WRITE;
/*!40000 ALTER TABLE `students` DISABLE KEYS */;
INSERT INTO `students` VALUES (5,3,NULL,'Aatif Hasan',0,'faheem.hasan@gmail.com','2022-04-13','English','+13473318323','','America/New_York','null',NULL,1,NULL,'2022-04-13 11:32:15'),(6,3,NULL,'Ealhan Hasan',0,' faheem.hasan@gmail.com','2022-04-13','English','+13473318323','','America/New_York','null',NULL,1,NULL,'2022-04-13 11:34:32'),(7,4,NULL,'Abdul-Rahaman Ismail',600,'khomol@hotmail.com','2022-04-13','English','+447832345464','khomol@hotmail.com','Europe/London','null',NULL,1,NULL,'2022-04-13 11:38:16'),(8,5,NULL,'Abdullah Waleed',720,'hellowaleed@hotmail.com','2022-04-13','English','+971507635105','','Asia/Dubai','null',NULL,1,NULL,'2022-04-13 11:40:52'),(9,6,NULL,'Aiza Khan',-18,'sehrishimdad@hotmail.com','2022-04-13','English','+447469944950','','Europe/London','null',NULL,2,NULL,'2022-04-13 11:42:36'),(10,6,NULL,'Zayyan Khan',0,'sehrishimdad@hotmail.com','2022-04-13','English','+447469944950','','Europe/London','null',NULL,2,NULL,'2022-04-13 11:43:11'),(11,7,NULL,'Ala Mostafavi',120,'smostafavi@gmail.com','2022-04-13','English','+15106843068','','America/New_York','null',NULL,1,NULL,'2022-04-13 11:47:07'),(12,7,NULL,'Lena Mostafavi',0,' smostafavi@gmail.com','2022-04-13','English','+15106843068','','America/New_York','null',NULL,1,NULL,'2022-04-13 11:47:33'),(13,8,NULL,'Alejandro Beck-Sosa',-780,'alejandrobecksosa@gmail.com	','2022-04-13','English','+1 703 268 6117',' United States','America/Los_Angeles','null',NULL,2,NULL,'2022-04-13 11:55:28'),(14,9,NULL,'Ali Rizvi	',0,' s_rizvi@sbcglobal.net','2022-04-13','English',' 4056309536','United States','America/Chicago','null',NULL,2,NULL,'2022-04-13 12:01:11'),(15,10,NULL,'Ammon Winder',-720,' askchairmenkapow@gmail.com','2022-04-13','English','+1804 914 0739','United States','America/New_York','null',NULL,2,NULL,'2022-04-13 12:05:03'),(16,60,NULL,'Faraz Nawaz',300,'Ameenlala@yahoo.com','2022-04-13','English','+91 60056 06780','Afghanistan','Asia/Kolkata','null',NULL,1,NULL,'2022-04-13 12:09:22'),(17,60,NULL,'Fawaz Nawaz',300,'Ameenlala@yahoo.com','2022-04-12','English','+91 60056 06780','Afghanistan','Asia/Kolkata','null',NULL,1,NULL,'2022-04-13 12:10:41'),(18,11,NULL,'Asmaa yamani',240,' anisa@alumni.stanford.edu','2009-01-01','English','+1 626 782 3083',' United States','America/Los_Angeles','null',NULL,1,NULL,'2022-04-13 12:16:16'),(19,12,NULL,'Anu	 KMT',270,'Anukemet@hotmail.com','2022-04-13','English','+13018065122','United States','America/Chicago','null',NULL,1,NULL,'2022-04-13 12:19:12'),(20,13,NULL,'Asad   Sultan',0,'zwamiq@gmail.com','2007-09-25','English','+16102097146','United States','America/New_York',NULL,NULL,2,NULL,'2022-04-13 12:21:34'),(21,14,NULL,'Awais  Khan',0,'mrawaisalikhan2006@gmail.com','2022-04-13','English','+4407365063606','United Kingdom','Europe/London',NULL,NULL,2,NULL,'2022-04-13 12:23:51'),(22,15,NULL,'Ayaan Ahmed',780,'sumzali2003@yahoo.com','2007-07-25','English','+14845881768','United States','America/New_York','null',NULL,1,NULL,'2022-04-13 12:26:20'),(23,16,NULL,'Ayaan Malik',180,' nyapt@hotmail.com','2022-04-13','English','+12149846066','United States','America/Chicago','null',NULL,1,NULL,'2022-04-13 12:28:15'),(24,17,NULL,'Ayla Mostafa',0,'mkabadaya@gmail.com','2022-04-13','English','+19253214790',' United States','America/Los_Angeles','null',NULL,1,NULL,'2022-04-13 12:30:42'),(25,17,NULL,'Tulay Mostafa',0,'mkabadaya@gmail.com','2022-04-13','English','+19253214790',' United States','America/Los_Angeles','null',NULL,1,NULL,'2022-04-13 12:31:15'),(26,17,NULL,'Laila Mostafa',-30,'mkabadaya@gmail.com','2022-04-13','English','+19253214790',' United States','America/Los_Angeles','null',NULL,1,NULL,'2022-04-13 12:31:36'),(27,72,NULL,'Zoya Nabeel',150,'nabeelhk@gmail.com','2022-04-13','English','+15126329990','','America/Chicago','null',NULL,1,NULL,'2022-04-13 12:33:08'),(28,72,NULL,'Zorayz Nabeel',120,' nabeelhk@gmail.com','2022-04-13','English','+15126329990','','America/Chicago','null',NULL,1,NULL,'2022-04-13 12:33:30'),(29,18,NULL,'Barra Ibrahim',-150,' bibrahim914@gmail.com','1997-09-14','English','2679180012','United States','America/New_York','null',NULL,2,NULL,'2022-04-13 12:34:43'),(30,19,NULL,'Celine Alhaj',450,'wai2894@gmail.com','2016-10-28','English',' 2672315867',' United States','America/New_York','null',NULL,1,NULL,'2022-04-13 12:38:00'),(31,71,NULL,'Zohan Iftekhar',570,'firdoszohan@yahoo.com	','2022-04-13','English','+14846866841','','America/New_York','null',NULL,1,NULL,'2022-04-13 12:38:51'),(32,20,NULL,'Dash Hamza',240,' ayuabdullah@gmail.com','2022-04-13','English','+60173453814','Singapore','Asia/Singapore','null',NULL,1,NULL,'2022-04-13 12:39:54'),(33,71,NULL,'Aayaan Rizwan',30,'rinzyyy@gmail.com','2022-04-13','English','+17326924131','','America/New_York','null',NULL,1,NULL,'2022-04-13 12:40:24'),(34,71,NULL,'Zain Rizwan',30,' rinzyyy@gmail.com','2022-04-13','English','+17326924131','','America/New_York','null',NULL,1,NULL,'2022-04-13 12:41:24'),(35,21,NULL,'Noman Haider',-75,'haider.syedn@gmail.com','2022-04-13','English','+1 (901) 832-8220','United States','America/Chicago','null',NULL,2,NULL,'2022-04-13 12:43:30'),(36,70,NULL,'Zahra Markwith',240,'rand_abbas@yahoo.ca','2022-04-13','English','+15593609357','','America/Los_Angeles','null',NULL,1,NULL,'2022-04-13 12:45:14'),(38,22,NULL,'Zaynab Ahmed',630,' asmauddin@gmail.com','2022-04-13','English','+13054849926','United States','America/New_York','null',NULL,1,NULL,'2022-04-13 12:46:42'),(39,69,NULL,'Yaseen Farag',-135,'sarah.khorshed@gmail.com','2011-02-16','English','+13106581093','','America/Los_Angeles','null',NULL,2,NULL,'2022-04-13 12:48:39'),(40,23,NULL,'Danial Farooq',0,'danialf64@gmail.com','2022-04-13','English','+44 7576 725527','United Kingdom','Europe/London','null',NULL,2,NULL,'2022-04-13 12:49:53'),(41,23,NULL,'Fatimah Farooq',0,'danialf64@gmail.com','2022-04-13','English','+44 7576 725527','United Kingdom','Europe/London','null',NULL,1,NULL,'2022-04-13 12:51:11'),(42,24,NULL,'Fatema Ibrahim',90,' liatris318@gmail.com','1995-11-03','English','484-358-9612','United States','America/New_York','null',NULL,1,NULL,'2022-04-13 12:54:05'),(43,25,NULL,'Fatima Kaukab',-60,'ssomalya@gmail.com','2014-12-30','English','856-625-6363',' United States','America/Los_Angeles','null',NULL,2,NULL,'2022-04-13 12:56:19'),(44,68,NULL,'Waseem Butt',240,'suuper7@gmail.com','2022-04-13','English','+19513128633','','America/Los_Angeles','null',NULL,1,NULL,'2022-04-13 12:57:09'),(45,68,NULL,'Farah Waseem',270,'suuper7@gmail.com','2022-04-13','English','+19513128633','','America/Los_Angeles','null',NULL,1,NULL,'2022-04-13 12:58:25'),(46,68,NULL,'Danial Waseem',210,'suuper7@gmail.com','2022-04-13','English','+19513128633','','America/Los_Angeles','null',NULL,1,NULL,'2022-04-13 12:58:41'),(47,26,NULL,'Fouad  Freude',0,'mariofreude75@gmail.com','2022-04-13','English','+525545679357','United States','America/New_York',NULL,NULL,2,NULL,'2022-04-13 12:59:12'),(48,27,NULL,'Gretchen Head',-660,'gretchen.head@yale-nus.edu.sg','2022-04-13','English','+6590262443',' Singapore','Asia/Singapore','null',NULL,2,NULL,'2022-04-13 13:00:55'),(49,28,NULL,'Haaris Sattar',30,'drtariqsattar@gmail.com','2022-04-13','English',' +14053145072','United States','America/Chicago','null',NULL,1,NULL,'2022-04-13 13:07:51'),(50,29,NULL,'Hadiya Majid',-450,'Khanmajid246@yahoo.co.Uk','2022-04-13','English','0447808857620','United Kingdom','Europe/London','null',NULL,2,NULL,'2022-04-13 13:11:08'),(51,67,NULL,'Tasneef Mahammad',-180,'tasneefm@gmail.com','2022-04-13','English','+447896273337','','Europe/London','null',NULL,2,NULL,'2022-04-13 13:11:59'),(52,30,NULL,'Marya Haroon',0,'Moghul@gmail.com','2022-04-13','English','+15135687241','United States','America/Los_Angeles','null',NULL,2,NULL,'2022-04-13 13:12:57'),(53,30,NULL,'Reza Haroon',240,' Moghul@gmail.com','2022-04-13','English','+15135687241','United States','America/Los_Angeles','null',NULL,1,NULL,'2022-04-13 13:13:22'),(54,30,NULL,'Haroon Moghul',0,' Moghul@gmail.com','2022-04-13','English','+15135687241','United States','America/Los_Angeles','null',NULL,2,NULL,'2022-04-13 13:14:13'),(55,66,NULL,'Tameema Mostafa',0,'habib.mostafa@gmail.com','2022-04-13','English','+15853548115','','America/New_York','null',NULL,2,NULL,'2022-04-13 13:14:27'),(56,30,NULL,'Safa Haroon',0,' Moghul@gmail.com','2022-04-13','English','+15135687241','United States','America/Los_Angeles','null',NULL,2,NULL,'2022-04-13 13:14:42'),(57,31,NULL,'Hina Guezmir',0,' lymphnode@live.com','2022-04-13','English','+15044447832',' United States','America/Los_Angeles','null',NULL,2,NULL,'2022-04-13 13:17:46'),(58,31,NULL,'Marwa Noman',0,' lymphnode@live.com','2022-04-13','English','+15044447832',' United States','America/Los_Angeles','null',NULL,2,NULL,'2022-04-13 13:18:43'),(59,65,NULL,'Ibrahim Ali',15,'homayra@gmail.com','2022-04-13','English','+1571 594 3298','','America/New_York','null',NULL,1,NULL,'2022-04-13 13:18:49'),(60,65,NULL,'Ayah Nur',-45,' homayra@gmail.com','2022-04-13','English','+1571 594 3298','','America/New_York','null',NULL,1,NULL,'2022-04-13 13:19:28'),(61,32,NULL,'Huda Almarashi',0,' huda.almarashi@gmail.com','2022-04-13','English',' +19519666126','United States','America/Los_Angeles','null',NULL,2,NULL,'2022-04-13 13:20:53'),(62,32,NULL,'Kareem Jaffer',60,'huda.almarashi@gmail.com','2022-04-13','English',' +19519666126','United States','America/Los_Angeles','null',NULL,1,NULL,'2022-04-13 13:21:43'),(63,64,NULL,'Sohail Khan',120,'sakhan31@hotmail.com','2022-04-13','English','+4407745 957 575','','Europe/London','null',NULL,1,NULL,'2022-04-13 13:21:54'),(64,33,NULL,'Ibrahiem Wasif',720,'wasifkhan786@hotmail.com','2022-04-13','English',' +44 7930 363826',' London, United Kingdom','Europe/London','null',NULL,1,NULL,'2022-04-13 13:23:55'),(65,33,NULL,'Essa Wasif',780,'wasifkhan786@hotmail.com','2022-04-13','English',' +44 7930 363826',' London, United Kingdom','Europe/London','null',NULL,1,NULL,'2022-04-13 13:24:32'),(66,63,NULL,'Soaad Elbahwati',-135,'selbahwati@gmail.com','2022-04-13','English','+14847921276‬','','America/New_York','null',NULL,2,NULL,'2022-04-13 13:25:47'),(67,34,NULL,'Ilyas A',-75,'zineb3@gmail.com','2022-04-13','English',' 410765932151','Adliswil, Switzerland','Europe/Istanbul','null',NULL,2,NULL,'2022-04-13 13:27:18'),(68,34,NULL,'Zayd A',-60,' zineb3@gmail.com','2022-04-13','English',' 410765932151','Adliswil, Switzerland','Europe/Istanbul','null',NULL,2,NULL,'2022-04-13 13:27:44'),(69,35,NULL,'Jahan Nadeem',-30,'sofianalikhan@gmail.com','2022-04-13','English','+12892595089','Canada','Canada/Eastern','null',NULL,2,NULL,'2022-04-13 13:30:58'),(70,62,NULL,'Sinan Ahmed',120,'dahlia_jaffer@yahoo.com','2022-04-13','English','+19515006084','','America/Los_Angeles','null',NULL,1,NULL,'2022-04-13 13:31:00'),(71,35,NULL,'Isa Nadeem',-30,'sofianalikhan@gmail.com','2022-04-13','English','+12892595089','Canada','Canada/Eastern','null',NULL,2,NULL,'2022-04-13 13:31:30'),(72,62,NULL,'Sundus Ahmed',120,'dahlia_jaffer@yahoo.com','2022-04-13','English','+19515006084','','America/Los_Angeles','null',NULL,1,NULL,'2022-04-13 13:31:48'),(73,36,NULL,'Jake Brancatella',-360,'jakebrancatella128@gmail.com','1991-01-28','English','+12013106534',' United States','America/New_York','null',NULL,2,NULL,'2022-04-13 13:35:01'),(74,61,NULL,'Sharif Randhawa',-180,'msharif124@gmail.com','2022-04-13','English','+16073828329','','America/New_York','null',NULL,2,NULL,'2022-04-13 13:36:13'),(75,37,NULL,'Amira Ali',45,' Akenyele@gmail.com','2022-04-13','English','9375033135','United States','America/New_York','null',NULL,1,NULL,'2022-04-13 13:36:40'),(76,37,NULL,'Omar Ali',45,'Akenyele@gmail.com','2022-04-13','English','9375033135','United States','America/New_York','null',NULL,1,NULL,'2022-04-13 13:36:58'),(77,37,NULL,'Jebril Ali',45,'Akenyele@gmail.com','2022-04-13','English','9375033135','United States','America/New_York','null',NULL,1,NULL,'2022-04-13 13:37:20'),(78,60,NULL,'Hafeey Shah',120,'Taniamun654@gmail.com','2022-04-13','English','+15736736309	','','America/North_Dakota/Center','null',NULL,1,NULL,'2022-04-13 13:38:20'),(79,38,NULL,'Kamal Southall',180,'Southallgroup@gmail.com','2022-04-13','English','+15135466267','United States','America/Chicago','null',NULL,1,NULL,'2022-04-13 13:39:06'),(80,60,NULL,'Zayyan Shah',0,' Taniamun654@gmail.com','2022-04-13','English','+15736736309	','','America/North_Dakota/Center','null',NULL,2,NULL,'2022-04-13 13:39:53'),(81,60,NULL,'Mohamed Amin',0,' Taniamun654@gmail.com','2022-04-13','English','+15736736309	','','Asia/Kolkata','null',NULL,2,NULL,'2022-04-13 13:42:16'),(82,39,NULL,'Leya Qureshi',315,'drjamshed@gmail.com','2022-04-13','English','+12025960902',' Illinois, United States','America/Chicago','null',NULL,1,NULL,'2022-04-13 13:42:38'),(83,39,NULL,'Manahil Qureshi',270,' drjamshed@gmail.com','2022-04-13','English','+12025960902',' Illinois, United States','America/Chicago','null',NULL,1,NULL,'2022-04-13 13:43:03'),(84,59,NULL,'Sadiuddin Saifuddin',255,'sadiuddin@hotmail.com','2022-04-13','English','+61424852462','','Australia/Sydney','null',NULL,1,NULL,'2022-04-13 13:44:40'),(85,58,NULL,'Saad Mohamed',270,'fahadasad1@gmail.com','2022-04-13','English','+13099897155','fahadasad1@gmail.com','America/New_York','null',NULL,1,NULL,'2022-04-13 13:47:48'),(86,40,NULL,'Mahdi  Jamshaid',0,'jimshaid@hotmail.com','2007-05-25','English','+923361448590','Pakistan','Asia/Karachi',NULL,NULL,2,NULL,'2022-04-13 13:48:33'),(87,41,NULL,'Marwan Ahmed',300,'mariamhamdyz@gmail.com','2013-04-20','English','+1 (408) 439-9432',' United States','America/Los_Angeles','null',NULL,1,NULL,'2022-04-13 13:51:16'),(88,42,NULL,'Mia Mohamed',585,'hams83@gmail.com','2022-04-13','Arabic','+20165516987','Cairo Egypt','Africa/Cairo','null',NULL,1,NULL,'2022-04-13 13:53:04'),(89,43,NULL,'Omar Mir',0,'mariajqureshi@yahoo.com','2022-04-13','English','+19095681412','United States','America/Los_Angeles','null',NULL,2,NULL,'2022-04-13 13:54:53'),(90,43,NULL,'Maria Mir',0,'mariajqureshi@yahoo.com','2022-04-13','English','+19095681412','United States','America/Los_Angeles','null',NULL,1,NULL,'2022-04-13 13:55:21'),(91,43,NULL,'Madinah Mir',510,'mariajqureshi@yahoo.com','2022-04-13','English','+19095681412','United States','America/Los_Angeles','null',NULL,1,NULL,'2022-04-13 13:55:46'),(92,44,NULL,'Zehraa Hassan',0,'zehrapaa@gmail.com','2022-04-13','English','+19173259642','United States','America/New_York','null',NULL,2,NULL,'2022-04-13 13:57:22'),(93,46,NULL,'Nazia Begum',0,'Naz__17__@hotmail.com','2022-04-13','English','+447972837510','United Kingdom','Europe/London','null',NULL,2,NULL,'2022-04-13 14:00:06'),(94,57,NULL,'Rumi Randy',0,'ayesha_mattu@yahoo.com','2022-04-13','English','+14157224420','','America/Anchorage','null',NULL,2,NULL,'2022-04-13 14:01:04'),(95,45,NULL,'Muhammad  Allan',0,' zakiyyahjones1@gmail.com','2022-04-13','English','+12027469840','United States','America/New_York',NULL,NULL,2,NULL,'2022-04-13 14:01:48'),(96,47,NULL,'Nick Orzech',0,'nickorzech1@gmail.com','2022-04-13','English','+15129192529','United States','America/North_Dakota/Center','null',NULL,2,NULL,'2022-04-13 14:07:25'),(97,56,NULL,'Rayyaan Mohiuddin',0,'sanam805@gmail.com','2022-04-13','English','+17175801211','','America/New_York','null',NULL,2,NULL,'2022-04-13 14:08:26'),(98,56,NULL,'Inaya Mohiuddin',0,'sanam805@gmail.com','2022-04-13','English','+17175801211','','America/New_York','null',NULL,2,NULL,'2022-04-13 14:09:05'),(99,48,NULL,'Noah Ali',90,'drsaniajamshed@hmail.com','2016-10-31','English',' +44 7794 202125','United Kingdom','Europe/London','null',NULL,1,NULL,'2022-04-13 14:10:18'),(100,49,NULL,'Nourane Ismail',45,'nouism97@hotmail.fr','1997-09-28','English','+33634627301','France','Europe/Paris','null',NULL,1,NULL,'2022-04-13 14:12:19'),(101,50,NULL,'Nuh Mecci',-90,'worldbusinessstudios@gmail.com','2022-04-13','English',' +13143097127','United States','America/Chicago','null',NULL,2,NULL,'2022-04-13 14:13:56'),(102,55,NULL,'Rawan Ibrahim',360,'rawan.ibrahim001@gmail.com','1994-10-25','English','+12676943829','','America/New_York','null',NULL,1,NULL,'2022-04-13 14:14:22'),(103,51,NULL,'Omar Farooq',-450,'omar@eotd.xyz','1990-08-13','English','+16469208978','United States','America/Los_Angeles','null',NULL,2,NULL,'2022-04-13 14:15:37'),(104,55,NULL,'Noah Mohamed',210,'rawan.ibrahim001@gmail.com','2022-04-13','English','+12676943829','','America/New_York','null',NULL,1,NULL,'2022-04-13 14:15:49'),(105,52,NULL,'Omar Hamoda',0,'omarrocks922@gmail.com','2022-04-13','English','+1 (857) 269-6915','United States','America/Chicago','null',NULL,2,NULL,'2022-04-13 14:17:12'),(106,54,NULL,'Rahma Anjum',60,'rahmaanjum@gmail.com','2022-04-13','English','+1 4198198796','','America/New_York','null',NULL,1,NULL,'2022-04-13 14:19:48'),(107,54,NULL,'Ahmed Anjum',0,'oganjum@gmail.com','2022-04-13','English','+1 4198198796','','America/New_York','null',NULL,2,NULL,'2022-04-13 14:20:08'),(108,53,NULL,'Hadi Mahmood',-270,'omar3000@gmail.com','2022-04-13','English','+14808622211','','Asia/Karachi','null',NULL,2,NULL,'2022-04-13 14:22:54'),(109,53,NULL,'Ibrahim Mahmood',-270,' omar3000@gmail.com','2022-04-13','English','+14808622211','','Asia/Karachi','null',NULL,2,NULL,'2022-04-13 14:23:15'),(110,73,NULL,'Bilal Ansari',0,'bilal.w.ansari@gmail.com','2022-04-14','English','+18609678250','New York','America/New_York',NULL,NULL,2,NULL,'2022-04-14 10:08:31'),(111,74,NULL,'Deen Ali',0,'deen5719@outlook.com','2022-04-14','English','+447599652624','London, United Kingdom','Europe/London',NULL,NULL,2,NULL,'2022-04-14 10:15:08'),(113,76,NULL,'Nadia Begum',60,'nadiabegum1999@icloud.com','1999-03-09','English','+44 7564 919001',' Sheffield, South Yorkshire, United Kingdom','Europe/London','null',NULL,1,NULL,'2022-05-08 10:18:56'),(114,77,NULL,'Jena A',330,'sabbas011@gmail.com','2014-01-16','English','+19143464555','Harrison, New York, United States','America/New_York','null',NULL,1,NULL,'2022-05-08 19:37:46'),(116,78,'https://res.cloudinary.com/djhd6qba5/image/upload/v1661554430/Waraqa/onu3whumg3wqio6g8mto.jpg','Student Test',0,'s@gmail.com','2022-05-15','Arabic','999292002','test','Africa/Algiers','null',NULL,1,NULL,'2022-05-15 17:22:39'),(120,85,NULL,'Faraz Nomani',420,'faraz.n.amin@gmail.com','2022-08-27','English','+61431785232','Australia/Sydney','Australia/Sydney','null',NULL,1,NULL,'2022-08-27 10:01:13'),(121,86,NULL,'Ambereen Safiullah',420,'amber.es@hotmail.com','1989-06-22','English','2819125649','City: houston State: TX Country: United States','America/Chicago','null',NULL,1,NULL,'2022-08-27 10:25:36'),(122,86,NULL,'Ziyad Safiullah',510,'amber.es@hotmail.com','2012-04-29','English','2819125649','City: houston State: TX Country: United States','America/Chicago','null',NULL,1,NULL,'2022-08-27 10:52:20'),(125,52,NULL,'Ali Hisham',0,'omarrocks922@gmail.com','2011-04-08','Arabic and English','+1 (857) 269-6915','Canada','America/Los_Angeles','null',NULL,1,NULL,'2022-08-28 16:51:11'),(126,22,NULL,'Mikael Ahmed',315,'asmauddin@gmail.com','2022-08-30','English','+13054849926','City: 201 first street State: Maryland Country: United States','America/New_York','null',NULL,1,NULL,'2022-08-30 09:01:42'),(127,22,NULL,'Eesa Ahmed',540,'asmauddin@gmail.com','2022-08-30','English','+13054849926','City: 201 first street State: Maryland Country: United States','America/New_York','null',NULL,1,NULL,'2022-08-30 09:02:14'),(128,88,NULL,'Shain Patrick',120,'shainpatrick36@gmail.com','1973-04-01','English','+12067792550','City: Snohomish State: Washington Country: United States','America/Los_Angeles','null',NULL,1,NULL,'2022-08-31 07:52:57'),(129,87,NULL,'Shahed Ashraf',660,'rupumia@gmail.com','1982-08-09','English','+12622697612','City: Oconomowoc State: WI Country: United States','America/Chicago','null',NULL,1,NULL,'2022-08-31 07:56:36'),(130,89,NULL,'Aadil Ansareen',240,'aadilansareen@gmail.com','2022-09-13','English','+61424370026','Austalia, Sydney','Australia/Sydney','null',NULL,1,NULL,'2022-09-13 08:44:25'),(131,90,NULL,'Saif Alam',0,'sxxaif@gmail.com','2022-09-14','English','+917992417787','Asia/Kolkata','Asia/Kolkata',NULL,NULL,2,NULL,'2022-09-14 04:35:13'),(132,91,NULL,'Zara Gillan',75,'mmgillan@yahoo.com','2011-04-22','English','4055705870','16809 Kierland Ct, Edmond, OK 73012','America/Chicago',NULL,NULL,1,NULL,'2022-09-20 14:58:36'),(133,12,NULL,'Ansar KMT',315,'anukemet@hotmail.com','2008-02-24','English','+13018065122','City: Bowie State: Maryland Country: United States','America/New_York',NULL,NULL,1,NULL,'2022-09-24 14:11:01'),(134,92,NULL,'Lila Ahmad-Sommer',90,'amnaia@gmail.com','2014-09-09','English','1-718-908-9086','City: Brooklyn State: New York Country: United States','America/New_York','null',NULL,1,NULL,'2022-09-28 10:54:53'),(135,89,NULL,'Tanaz Ansareen',90,'tanazsaiyed_28@hotmail.com','1995-09-28','English','0422886911','City: Sydney State: NSW Country: Australia','Australia/Sydney',NULL,NULL,1,NULL,'2022-09-28 10:58:13'),(136,94,NULL,'Rashid  Ahmed',90,'abujawad1@gmail.com','1958-01-04','English','+61423350395','City: AUBURN State: NSW Country: Australia','Australia/Sydney',NULL,NULL,1,NULL,'2022-10-02 11:22:03'),(137,95,NULL,'Maryam Soliman',0,'monamoda@yahoo.com','2012-01-06','Arabic, English','16042090522','Canada','America/Los_Angeles',NULL,NULL,1,NULL,'2022-10-09 08:46:26'),(138,95,NULL,'Yousef Soliman',0,'monamoda@yahoo.com','2009-06-29','Arabic, English','16042090522','Canada','America/Los_Angeles',NULL,NULL,1,NULL,'2022-10-09 08:47:00'),(139,96,NULL,'Ali Amr',45,'saratarshouby@gmail.com','2011-04-08','Arabic','+201061555339','City: Akoya compound , cairo Egypt Country: Egypt','Africa/Cairo',NULL,NULL,1,NULL,'2022-10-10 18:11:03'),(140,96,NULL,'Layla Amr',0,'saratarshouby@gmail.com','2012-08-28','Arabic','+201061555339','City: Akoya compound , cairo Egypt Country: Egypt','Africa/Cairo',NULL,NULL,1,NULL,'2022-10-10 18:12:10');
/*!40000 ALTER TABLE `students` ENABLE KEYS */;
UNLOCK TABLES;

--
-- Table structure for table `teacherinvoices`
--

DROP TABLE IF EXISTS `teacherinvoices`;
/*!40101 SET @saved_cs_client     = @@character_set_client */;
/*!50503 SET character_set_client = utf8mb4 */;
CREATE TABLE `teacherinvoices` (
  `id` int NOT NULL AUTO_INCREMENT,
  `teacherID` int DEFAULT NULL,
  `invoiceNumber` int DEFAULT NULL,
  `cancelationReq` int DEFAULT NULL,
  `bonus` int DEFAULT NULL,
  `paidHours` int DEFAULT NULL,
  `teachingHours` int DEFAULT NULL,
  `paymentMethod` varchar(20) DEFAULT NULL,
  `totalAmountPaid` int DEFAULT NULL,
  `paymentDate` timestamp NULL DEFAULT NULL,
  `paid` tinyint(1) NOT NULL DEFAULT '2' COMMENT '1:Piad 2:Unpaid',
  `active` tinyint NOT NULL DEFAULT '0',
  `activatedAt` timestamp(1) NULL DEFAULT NULL,
  `createdAt` timestamp NOT NULL DEFAULT CURRENT_TIMESTAMP,
  PRIMARY KEY (`id`),
  KEY `tirel` (`teacherID`),
  CONSTRAINT `tirel` FOREIGN KEY (`teacherID`) REFERENCES `teachers` (`id`) ON DELETE CASCADE ON UPDATE CASCADE
) ENGINE=InnoDB AUTO_INCREMENT=118 DEFAULT CHARSET=utf8mb3;
/*!40101 SET character_set_client = @saved_cs_client */;

--
-- Dumping data for table `teacherinvoices`
--

LOCK TABLES `teacherinvoices` WRITE;
/*!40000 ALTER TABLE `teacherinvoices` DISABLE KEYS */;
INSERT INTO `teacherinvoices` VALUES (1,12,NULL,NULL,NULL,NULL,NULL,NULL,NULL,NULL,2,0,NULL,'2022-08-26 21:10:19'),(2,2,NULL,NULL,NULL,NULL,600,NULL,NULL,NULL,2,1,'2022-10-01 06:12:09.5','2022-08-26 22:56:50'),(3,9,NULL,NULL,NULL,NULL,NULL,NULL,NULL,NULL,2,0,NULL,'2022-08-27 09:21:20'),(4,9,NULL,NULL,NULL,NULL,NULL,NULL,NULL,NULL,2,0,NULL,'2022-08-27 09:23:12'),(5,9,NULL,NULL,NULL,NULL,NULL,NULL,NULL,NULL,2,0,NULL,'2022-08-27 09:26:56'),(6,9,NULL,NULL,NULL,NULL,NULL,NULL,NULL,NULL,2,0,NULL,'2022-08-27 09:27:52'),(7,9,NULL,NULL,NULL,NULL,NULL,NULL,NULL,NULL,2,0,NULL,'2022-08-27 09:28:56'),(8,19,NULL,NULL,NULL,NULL,NULL,NULL,NULL,NULL,2,0,NULL,'2022-08-27 10:07:35'),(10,10,NULL,NULL,NULL,NULL,195,NULL,NULL,NULL,2,1,'2022-10-01 06:12:09.6','2022-08-28 17:09:14'),(11,11,NULL,NULL,NULL,NULL,1215,NULL,NULL,NULL,2,1,'2022-10-01 06:10:46.7','2022-08-28 17:25:58'),(12,19,NULL,NULL,NULL,NULL,NULL,NULL,NULL,NULL,2,0,NULL,'2022-08-30 08:43:18'),(13,19,NULL,NULL,NULL,NULL,630,NULL,NULL,NULL,2,1,'2022-10-01 06:12:09.0','2022-08-30 08:43:59'),(14,12,NULL,NULL,NULL,NULL,570,NULL,NULL,NULL,2,1,'2022-10-01 06:12:09.5','2022-09-01 07:47:36'),(15,9,NULL,NULL,NULL,NULL,NULL,NULL,NULL,NULL,2,0,NULL,'2022-09-14 04:16:29'),(16,9,NULL,NULL,NULL,NULL,NULL,NULL,NULL,NULL,2,0,NULL,'2022-09-14 04:16:43'),(17,9,NULL,NULL,NULL,NULL,1230,NULL,NULL,NULL,2,1,'2022-10-01 06:12:09.7','2022-09-16 04:27:42'),(18,11,NULL,NULL,NULL,NULL,NULL,NULL,NULL,NULL,2,0,NULL,'2022-10-01 06:10:46'),(19,19,NULL,NULL,NULL,NULL,NULL,NULL,NULL,NULL,2,0,NULL,'2022-10-01 06:12:09'),(20,12,NULL,NULL,NULL,NULL,NULL,NULL,NULL,NULL,2,0,NULL,'2022-10-01 06:12:09'),(21,2,NULL,NULL,NULL,NULL,NULL,NULL,NULL,NULL,2,0,NULL,'2022-10-01 06:12:09'),(22,2,NULL,NULL,NULL,NULL,NULL,NULL,NULL,NULL,2,0,NULL,'2022-10-01 06:12:09'),(23,12,NULL,NULL,NULL,NULL,NULL,NULL,NULL,NULL,2,0,NULL,'2022-10-01 06:12:09'),(24,12,NULL,NULL,NULL,NULL,NULL,NULL,NULL,NULL,2,0,NULL,'2022-10-01 06:12:09'),(25,12,NULL,NULL,NULL,NULL,NULL,NULL,NULL,NULL,2,0,NULL,'2022-10-01 06:12:09'),(26,12,NULL,NULL,NULL,NULL,NULL,NULL,NULL,NULL,2,0,NULL,'2022-10-01 06:12:09'),(27,12,NULL,NULL,NULL,NULL,NULL,NULL,NULL,NULL,2,0,NULL,'2022-10-01 06:12:09'),(28,12,NULL,NULL,NULL,NULL,NULL,NULL,NULL,NULL,2,0,NULL,'2022-10-01 06:12:09'),(29,12,NULL,NULL,NULL,NULL,NULL,NULL,NULL,NULL,2,0,NULL,'2022-10-01 06:12:09'),(30,12,NULL,NULL,NULL,NULL,NULL,NULL,NULL,NULL,2,0,NULL,'2022-10-01 06:12:09'),(31,12,NULL,NULL,NULL,NULL,NULL,NULL,NULL,NULL,2,0,NULL,'2022-10-01 06:12:09'),(32,19,NULL,NULL,NULL,NULL,NULL,NULL,NULL,NULL,2,0,NULL,'2022-10-01 06:12:09'),(33,12,NULL,NULL,NULL,NULL,NULL,NULL,NULL,NULL,2,0,NULL,'2022-10-01 06:12:09'),(34,12,NULL,NULL,NULL,NULL,NULL,NULL,NULL,NULL,2,0,NULL,'2022-10-01 06:12:09'),(35,12,NULL,NULL,NULL,NULL,NULL,NULL,NULL,NULL,2,0,NULL,'2022-10-01 06:12:09'),(36,2,NULL,NULL,NULL,NULL,NULL,NULL,NULL,NULL,2,0,NULL,'2022-10-01 06:12:09'),(37,12,NULL,NULL,NULL,NULL,NULL,NULL,NULL,NULL,2,0,NULL,'2022-10-01 06:12:09'),(38,12,NULL,NULL,NULL,NULL,NULL,NULL,NULL,NULL,2,0,NULL,'2022-10-01 06:12:09'),(39,9,NULL,NULL,NULL,NULL,NULL,NULL,NULL,NULL,2,0,NULL,'2022-10-01 06:12:09'),(40,12,NULL,NULL,NULL,NULL,NULL,NULL,NULL,NULL,2,0,NULL,'2022-10-01 06:12:09'),(41,9,NULL,NULL,NULL,NULL,NULL,NULL,NULL,NULL,2,0,NULL,'2022-10-01 06:12:09'),(42,12,NULL,NULL,NULL,NULL,NULL,NULL,NULL,NULL,2,0,NULL,'2022-10-01 06:12:09'),(43,12,NULL,NULL,NULL,NULL,NULL,NULL,NULL,NULL,2,0,NULL,'2022-10-01 06:12:09'),(44,2,NULL,NULL,NULL,NULL,NULL,NULL,NULL,NULL,2,0,NULL,'2022-10-01 06:12:09'),(45,9,NULL,NULL,NULL,NULL,NULL,NULL,NULL,NULL,2,0,NULL,'2022-10-01 06:12:09'),(46,9,NULL,NULL,NULL,NULL,NULL,NULL,NULL,NULL,2,0,NULL,'2022-10-01 06:12:09'),(47,2,NULL,NULL,NULL,NULL,NULL,NULL,NULL,NULL,2,0,NULL,'2022-10-01 06:12:09'),(48,12,NULL,NULL,NULL,NULL,NULL,NULL,NULL,NULL,2,0,NULL,'2022-10-01 06:12:09'),(49,12,NULL,NULL,NULL,NULL,NULL,NULL,NULL,NULL,2,0,NULL,'2022-10-01 06:12:09'),(50,12,NULL,NULL,NULL,NULL,NULL,NULL,NULL,NULL,2,0,NULL,'2022-10-01 06:12:09'),(51,9,NULL,NULL,NULL,NULL,NULL,NULL,NULL,NULL,2,0,NULL,'2022-10-01 06:12:09'),(52,12,NULL,NULL,NULL,NULL,NULL,NULL,NULL,NULL,2,0,NULL,'2022-10-01 06:12:09'),(53,12,NULL,NULL,NULL,NULL,NULL,NULL,NULL,NULL,2,0,NULL,'2022-10-01 06:12:09'),(54,9,NULL,NULL,NULL,NULL,NULL,NULL,NULL,NULL,2,0,NULL,'2022-10-01 06:12:09'),(55,9,NULL,NULL,NULL,NULL,NULL,NULL,NULL,NULL,2,0,NULL,'2022-10-01 06:12:09'),(56,12,NULL,NULL,NULL,NULL,NULL,NULL,NULL,NULL,2,0,NULL,'2022-10-01 06:12:09'),(57,12,NULL,NULL,NULL,NULL,NULL,NULL,NULL,NULL,2,0,NULL,'2022-10-01 06:12:09'),(58,12,NULL,NULL,NULL,NULL,NULL,NULL,NULL,NULL,2,0,NULL,'2022-10-01 06:12:09'),(59,9,NULL,NULL,NULL,NULL,NULL,NULL,NULL,NULL,2,0,NULL,'2022-10-01 06:12:09'),(60,2,NULL,NULL,NULL,NULL,NULL,NULL,NULL,NULL,2,0,NULL,'2022-10-01 06:12:09'),(61,9,NULL,NULL,NULL,NULL,NULL,NULL,NULL,NULL,2,0,NULL,'2022-10-01 06:12:09'),(62,9,NULL,NULL,NULL,NULL,NULL,NULL,NULL,NULL,2,0,NULL,'2022-10-01 06:12:09'),(63,12,NULL,NULL,NULL,NULL,NULL,NULL,NULL,NULL,2,0,NULL,'2022-10-01 06:12:09'),(64,9,NULL,NULL,NULL,NULL,NULL,NULL,NULL,NULL,2,0,NULL,'2022-10-01 06:12:09'),(65,2,NULL,NULL,NULL,NULL,NULL,NULL,NULL,NULL,2,0,NULL,'2022-10-01 06:12:09'),(66,9,NULL,NULL,NULL,NULL,NULL,NULL,NULL,NULL,2,0,NULL,'2022-10-01 06:12:09'),(67,9,NULL,NULL,NULL,NULL,NULL,NULL,NULL,NULL,2,0,NULL,'2022-10-01 06:12:09'),(68,9,NULL,NULL,NULL,NULL,NULL,NULL,NULL,NULL,2,0,NULL,'2022-10-01 06:12:09'),(69,12,NULL,NULL,NULL,NULL,NULL,NULL,NULL,NULL,2,0,NULL,'2022-10-01 06:12:09'),(70,2,NULL,NULL,NULL,NULL,NULL,NULL,NULL,NULL,2,0,NULL,'2022-10-01 06:12:09'),(71,9,NULL,NULL,NULL,NULL,NULL,NULL,NULL,NULL,2,0,NULL,'2022-10-01 06:12:09'),(72,9,NULL,NULL,NULL,NULL,NULL,NULL,NULL,NULL,2,0,NULL,'2022-10-01 06:12:09'),(73,9,NULL,NULL,NULL,NULL,NULL,NULL,NULL,NULL,2,0,NULL,'2022-10-01 06:12:09'),(74,12,NULL,NULL,NULL,NULL,NULL,NULL,NULL,NULL,2,0,NULL,'2022-10-01 06:12:09'),(75,10,NULL,NULL,NULL,NULL,NULL,NULL,NULL,NULL,2,0,NULL,'2022-10-01 06:12:09'),(76,12,NULL,NULL,NULL,NULL,NULL,NULL,NULL,NULL,2,0,NULL,'2022-10-01 06:12:09'),(77,9,NULL,NULL,NULL,NULL,NULL,NULL,NULL,NULL,2,0,NULL,'2022-10-01 06:12:09'),(78,9,NULL,NULL,NULL,NULL,NULL,NULL,NULL,NULL,2,0,NULL,'2022-10-01 06:12:09'),(79,9,NULL,NULL,NULL,NULL,NULL,NULL,NULL,NULL,2,0,NULL,'2022-10-01 06:12:09'),(80,9,NULL,NULL,NULL,NULL,NULL,NULL,NULL,NULL,2,0,NULL,'2022-10-01 06:12:09'),(81,12,NULL,NULL,NULL,NULL,NULL,NULL,NULL,NULL,2,0,NULL,'2022-10-01 06:12:09'),(82,9,NULL,NULL,NULL,NULL,NULL,NULL,NULL,NULL,2,0,NULL,'2022-10-01 06:12:09'),(83,12,NULL,NULL,NULL,NULL,NULL,NULL,NULL,NULL,2,0,NULL,'2022-10-01 06:12:09'),(84,12,NULL,NULL,NULL,NULL,NULL,NULL,NULL,NULL,2,0,NULL,'2022-10-01 06:12:09'),(85,9,NULL,NULL,NULL,NULL,NULL,NULL,NULL,NULL,2,0,NULL,'2022-10-01 06:12:09'),(86,12,NULL,NULL,NULL,NULL,NULL,NULL,NULL,NULL,2,0,NULL,'2022-10-01 06:12:09'),(87,9,NULL,NULL,NULL,NULL,NULL,NULL,NULL,NULL,2,0,NULL,'2022-10-01 06:12:09'),(88,12,NULL,NULL,NULL,NULL,NULL,NULL,NULL,NULL,2,0,NULL,'2022-10-01 06:12:09'),(89,9,NULL,NULL,NULL,NULL,NULL,NULL,NULL,NULL,2,0,NULL,'2022-10-01 06:12:09'),(90,12,NULL,NULL,NULL,NULL,NULL,NULL,NULL,NULL,2,0,NULL,'2022-10-01 06:12:09'),(91,9,NULL,NULL,NULL,NULL,NULL,NULL,NULL,NULL,2,0,NULL,'2022-10-01 06:12:09'),(92,9,NULL,NULL,NULL,NULL,NULL,NULL,NULL,NULL,2,0,NULL,'2022-10-01 06:12:09'),(93,12,NULL,NULL,NULL,NULL,NULL,NULL,NULL,NULL,2,0,NULL,'2022-10-01 06:12:09'),(94,12,NULL,NULL,NULL,NULL,NULL,NULL,NULL,NULL,2,0,NULL,'2022-10-01 06:12:09'),(95,12,NULL,NULL,NULL,NULL,NULL,NULL,NULL,NULL,2,0,NULL,'2022-10-01 06:12:09'),(96,9,NULL,NULL,NULL,NULL,NULL,NULL,NULL,NULL,2,0,NULL,'2022-10-01 06:12:09'),(97,9,NULL,NULL,NULL,NULL,NULL,NULL,NULL,NULL,2,0,NULL,'2022-10-01 06:12:09'),(98,9,NULL,NULL,NULL,NULL,NULL,NULL,NULL,NULL,2,0,NULL,'2022-10-01 06:12:09'),(99,9,NULL,NULL,NULL,NULL,NULL,NULL,NULL,NULL,2,0,NULL,'2022-10-01 06:12:09'),(100,9,NULL,NULL,NULL,NULL,NULL,NULL,NULL,NULL,2,0,NULL,'2022-10-01 06:12:09'),(101,9,NULL,NULL,NULL,NULL,NULL,NULL,NULL,NULL,2,0,NULL,'2022-10-01 06:12:09'),(102,9,NULL,NULL,NULL,NULL,NULL,NULL,NULL,NULL,2,0,NULL,'2022-10-01 06:12:09'),(103,9,NULL,NULL,NULL,NULL,NULL,NULL,NULL,NULL,2,0,NULL,'2022-10-01 06:12:09'),(104,9,NULL,NULL,NULL,NULL,NULL,NULL,NULL,NULL,2,0,NULL,'2022-10-01 06:12:09'),(105,12,NULL,NULL,NULL,NULL,NULL,NULL,NULL,NULL,2,0,NULL,'2022-10-01 06:12:09'),(106,9,NULL,NULL,NULL,NULL,NULL,NULL,NULL,NULL,2,0,NULL,'2022-10-01 06:12:09'),(107,12,NULL,NULL,NULL,NULL,NULL,NULL,NULL,NULL,2,0,NULL,'2022-10-01 06:12:09'),(108,12,NULL,NULL,NULL,NULL,NULL,NULL,NULL,NULL,2,0,NULL,'2022-10-01 06:12:09'),(109,12,NULL,NULL,NULL,NULL,NULL,NULL,NULL,NULL,2,0,NULL,'2022-10-01 06:12:09'),(110,12,NULL,NULL,NULL,NULL,NULL,NULL,NULL,NULL,2,0,NULL,'2022-10-01 06:12:09'),(111,12,NULL,NULL,NULL,NULL,NULL,NULL,NULL,NULL,2,0,NULL,'2022-10-01 06:12:09'),(112,12,NULL,NULL,NULL,NULL,NULL,NULL,NULL,NULL,2,0,NULL,'2022-10-01 06:12:09'),(113,9,NULL,NULL,NULL,NULL,NULL,NULL,NULL,NULL,2,0,NULL,'2022-10-01 20:41:34'),(114,9,NULL,NULL,NULL,NULL,NULL,NULL,NULL,NULL,2,0,NULL,'2022-10-01 20:42:12'),(115,9,NULL,NULL,NULL,NULL,NULL,NULL,NULL,NULL,2,0,NULL,'2022-10-02 11:46:33'),(116,9,NULL,NULL,NULL,NULL,NULL,NULL,NULL,NULL,2,0,NULL,'2022-10-02 11:47:21'),(117,9,NULL,NULL,NULL,NULL,NULL,NULL,NULL,NULL,2,0,NULL,'2022-10-02 12:17:13');
/*!40000 ALTER TABLE `teacherinvoices` ENABLE KEYS */;
UNLOCK TABLES;

--
-- Table structure for table `teachers`
--

DROP TABLE IF EXISTS `teachers`;
/*!40101 SET @saved_cs_client     = @@character_set_client */;
/*!50503 SET character_set_client = utf8mb4 */;
CREATE TABLE `teachers` (
  `id` int NOT NULL AUTO_INCREMENT,
  `picture` varchar(100) DEFAULT NULL,
  `name` varchar(100) DEFAULT NULL,
  `hours` int DEFAULT '0',
  `birthday` date DEFAULT NULL,
  `email` varchar(100) NOT NULL,
  `password` varchar(255) NOT NULL,
  `language` varchar(20) DEFAULT NULL,
  `phone` varchar(50) DEFAULT NULL,
  `address` varchar(100) DEFAULT NULL,
  `timeZone` varchar(100) DEFAULT NULL,
  `description` varchar(255) DEFAULT NULL,
  `classLink` varchar(100) DEFAULT NULL,
  `bonus` int DEFAULT NULL,
  `paymentMethod` varchar(50) DEFAULT NULL,
  `beneficiaryCountry` varchar(80) CHARACTER SET utf8mb3 COLLATE utf8mb3_general_ci DEFAULT NULL,
  `accountCurrency` varchar(5) DEFAULT NULL,
  `swiftCode` varchar(100) DEFAULT NULL,
  `branchName` varchar(80) DEFAULT NULL,
  `bankName` varchar(80) DEFAULT NULL,
  `iban` varchar(80) DEFAULT NULL,
  `accountNumber` int DEFAULT NULL,
  `status` tinyint(1) NOT NULL DEFAULT '2' COMMENT '1: Active 2: Inactive 3:Vacation',
  `token` int DEFAULT NULL,
  `createdAt` timestamp NULL DEFAULT NULL,
  PRIMARY KEY (`id`)
) ENGINE=InnoDB AUTO_INCREMENT=20 DEFAULT CHARSET=utf8mb3;
/*!40101 SET character_set_client = @saved_cs_client */;

--
-- Dumping data for table `teachers`
--

LOCK TABLES `teachers` WRITE;
/*!40000 ALTER TABLE `teachers` DISABLE KEYS */;
INSERT INTO `teachers` VALUES (2,'https://res.cloudinary.com/djhd6qba5/image/upload/v1661547371/Waraqa/ocl66vcutudsguptszsf.jpg','Mohamed Ismail',180,'1994-10-30','mo7amed2225@gmail.com','$2a$10$6BlCUjeAzAQs2Z3k2virUu.0BhNlisM.GDWsLRhVqZnzXZGjQpRC.','English','01030663326','Alexandria, Egypt','Africa/Cairo','test1','https://us04web.zoom.us/j/7874054018?pwd=UDJzdFpZVWlUYWxGa2ZmeDE3WHp0UT09',0,'Bank account','Egypt','EGP','0','0','United Bank -Egypt','0',0,1,NULL,NULL),(3,'https://res.cloudinary.com/djhd6qba5/image/upload/v1661704698/Waraqa/h7zpujmed6pf4dbl10xs.jpg','Mohamed Foda',0,'2022-04-13','fodafoda34@gmail.com','$2a$10$mCmkgwSlrU447vhmARSlluVdu93R03YMn25WQJOlUWvV4M30v.rbW','null','01011539544','Nasr City, Cairo','Africa/Cairo','null','null',NULL,'Bank Account','null','null','null','null','null','null',NULL,3,NULL,NULL),(4,'https://res.cloudinary.com/djhd6qba5/image/upload/v1664661785/Waraqa/mj8wp72j2afuwlifxjv1.jpg','Asmaa Ouda',390,'2022-04-13','xtra6006@gmail.com','$2a$10$s2lkTLyM5qpbkOfClJfBS.ZAASwHIQY1V19OwYbLKekafRLtfaZxO','null','01100882630','22222222','Africa/Cairo','description','null',NULL,'Bank Transfer','null','null','null','null','null','null',NULL,1,NULL,NULL),(5,'https://res.cloudinary.com/djhd6qba5/image/upload/v1663179726/Waraqa/boqs8g3uo3c5ducy7sxy.jpg','Lamiaa Ali',1020,'1997-09-14','lamiaaali1997@gmail.com','$2a$10$WuVHp4ZXQQS4asJLOueoX.KMNaXddXVz3.EzuEf3nQTScWuiK1xMa','null','01203211908','Alexandria, Egypt','Africa/Cairo','null','https://us05web.zoom.us/j/2914082514?pwd=K09GVmcrcVdVQWtjM255UThBaWNsZz09',NULL,'Cash','null','null','null','null','null','null',NULL,1,NULL,NULL),(6,'https://res.cloudinary.com/djhd6qba5/image/upload/v1661705217/Waraqa/yov5rquihkw92ahad4wk.jpg','Ahmed Ismail',420,'1991-02-26','a7med0122@gmail.com','$2a$10$Yw7TMQOHMjR8zDhA4M/HW.K0yvRQ.6TkOr64kHiw01D.CMZUHIKXK','null','01011209655','Alex','Africa/Cairo','null','null',NULL,'Bank Transfer','null','null','null','null','null','null',NULL,1,6861855,NULL),(7,'https://res.cloudinary.com/djhd6qba5/image/upload/v1661704635/Waraqa/insvcffqkvhaqhk4jpyq.jpg','Mostafa Emad',390,'2022-04-13','mostafa3235644@gmail.com','$2a$10$awkOlsQeY2Opy.YHe41Vg.h84teBvWFz2JHTyumOg8Vfj.OHJilTG','null','01124583499','Egypt, Dakahlia, Mansoura city ','Africa/Cairo','null','null',NULL,'Bank Transfer','null','null','null','null','null','null',NULL,1,734734,NULL),(8,'https://res.cloudinary.com/djhd6qba5/image/upload/v1661703949/Waraqa/fp52dtabgwecc6gqoztv.jpg','Abdullah Omar',1695,'2022-04-15','abdullahomar2011@gmail.com','$2a$10$4DjKmWW.na8zcHk751iHGO7cuEGLXwFHWnqaGXzvYOF.zHoaWkTfm','Arabic, English','01008214371','Anfast_Allahun road','Africa/Cairo','Description','null',NULL,'Bank Transfer','null','null','null','null','null','null',NULL,1,NULL,NULL),(9,'https://res.cloudinary.com/djhd6qba5/image/upload/v1664968058/Waraqa/cjcohftc3holiz5t5q3i.jpg','Samah Khalifa',900,'2022-04-16','samahkhalifa@hotmail.com','$2a$10$R9Jk.8nQu3jAP5COzkSnGOCCvciqAZmakuTqNG8trLbM6f7WfzCPm','null','01551521684','الفيوم - المسلة - ش جمال عبدالناصر','Africa/Cairo','null','  https://us02web.zoom.us/j/9243437874?pwd=M0VVVzh5QkdITWw3NzBTSHJraG1TQT09  ',NULL,'Bank Transfer','null','null','null','null','null','null',NULL,1,NULL,NULL),(10,'https://res.cloudinary.com/djhd6qba5/image/upload/v1661704481/Waraqa/r4huu4j2jjkvlcmqnndo.jpg','Asmaa Ibrahem',90,'2022-04-19','asmaaibrahem449@gmail.com','$2a$10$NDY7TA/DPmxOejGgAkvk0usRD8qJHF3VQ2Xfmm8uHWzxwg9.SnO42','null','01225854156','PortSaid, Egypt','Africa/Cairo','null','https://us04web.zoom.us/j/9251468107?pwd=NVpQN0owUmVQNHhoeklEdmlOVW9aUT09',NULL,'Bank transfer','null','null','null','null','null','null',NULL,1,3652649,NULL),(11,'https://res.cloudinary.com/djhd6qba5/image/upload/v1661704082/Waraqa/waovdjz0xoudk2fkfm6i.jpg','Fatema Elshafiey',825,'2022-04-19','fatemaelshafiey@yahoo.com','$2a$10$nCid9qwLbm1Dh5Mx/BCT/eXEJUhoHpVQQPDcGqm8n/aUse8GjtG/q','null','01010074049','Al-merag city - Al-esraa street','Africa/Cairo','null','null',NULL,'Bank Transfer','null','null','null','null','null','null',NULL,1,NULL,NULL),(12,'https://res.cloudinary.com/djhd6qba5/image/upload/v1661547453/Waraqa/xhmehwbb4oc7vkhxzsjb.jpg','Billing Team',0,'2022-05-09','test@gmail.com','$2a$10$rjrkyErr71XsLyz3q62OOeXzgo9YMdZzhhz8Pmiz2h5WUVGwd1fna','null','9292920','test','Africa/Cairo','null','null',NULL,'Paypal','Åland Islands','EGP','00','null','Blom Bank','null',0,3,1592591,NULL),(19,'https://res.cloudinary.com/djhd6qba5/image/upload/v1661704565/Waraqa/ildchl4khbf9r7asyrpl.jpg','Saleh Ahmed',495,'2022-08-27','saleh_ef@yahoo.com','$2a$10$rjf8XEZBZclEn/WkyB4Pa.loXPLAgYptBGVV.WrO4H7xyByaP1eXa','null','+201115734146','Cairo, Egypt','Africa/Cairo','null','https://us05web.zoom.us/j/2320923569?pwd=YVVQVk56c3k3K1dYc283Q2JGSmVodz09',NULL,'Bank Transfer','null','null','null','null','null','null',NULL,1,3170167,NULL);
/*!40000 ALTER TABLE `teachers` ENABLE KEYS */;
UNLOCK TABLES;

--
-- Table structure for table `waitlist`
--

DROP TABLE IF EXISTS `waitlist`;
/*!40101 SET @saved_cs_client     = @@character_set_client */;
/*!50503 SET character_set_client = utf8mb4 */;
CREATE TABLE `waitlist` (
  `id` int NOT NULL AUTO_INCREMENT,
  `responsible` varchar(20) DEFAULT NULL,
  `name` varchar(20) DEFAULT NULL,
  `contactMethod` varchar(20) DEFAULT NULL,
  `contactInfo` varchar(20) DEFAULT NULL,
  `contactDate` timestamp NULL DEFAULT NULL,
  `notes` varchar(255) DEFAULT NULL,
  `createdAt` timestamp NOT NULL DEFAULT CURRENT_TIMESTAMP,
  PRIMARY KEY (`id`)
) ENGINE=InnoDB AUTO_INCREMENT=12 DEFAULT CHARSET=utf8mb3;
/*!40101 SET character_set_client = @saved_cs_client */;

--
-- Dumping data for table `waitlist`
--

LOCK TABLES `waitlist` WRITE;
/*!40000 ALTER TABLE `waitlist` DISABLE KEYS */;
INSERT INTO `waitlist` VALUES (1,'Admin','Roderick McClary El','Messenger','','2022-04-14 12:18:00','','2022-04-14 10:18:48'),(5,'Admin','Monem Gillan','Whatsapp','+1 (405) 570-5870','2022-09-14 22:00:00','Tariq Sattar','2022-09-14 17:18:12'),(6,'Admin','Amna Ahmad','Email','amnaia@gmail.com','2022-09-14 22:00:00','Sofia Ali-Khan','2022-09-14 17:19:07'),(7,'Admin','Tanaz','Whatsapp','+61 422 886 911','2022-09-14 22:00:00','Adil Ansarin\'s wife','2022-09-14 17:20:39'),(8,'Admin','Nadia Niazi','Messenger','','2022-09-14 22:00:00','Scheduled a meeting and cancelled it in the last minute.','2022-09-14 17:21:51'),(9,'Admin','Sima Yacoob','Whatsapp','','2022-09-19 22:00:00','','2022-09-19 08:02:35'),(10,'Admin','Qari Jawad Ahmed','Whatsapp / Faraz','+61 432 245 910','2022-09-19 22:00:00','Faraz Nomani','2022-09-19 10:44:04'),(11,'Admin','Zienab abou Salama','','','2022-10-22 22:00:00','','2022-09-28 15:50:53');
/*!40000 ALTER TABLE `waitlist` ENABLE KEYS */;
UNLOCK TABLES;
/*!40103 SET TIME_ZONE=@OLD_TIME_ZONE */;

/*!40101 SET SQL_MODE=@OLD_SQL_MODE */;
/*!40014 SET FOREIGN_KEY_CHECKS=@OLD_FOREIGN_KEY_CHECKS */;
/*!40014 SET UNIQUE_CHECKS=@OLD_UNIQUE_CHECKS */;
/*!40101 SET CHARACTER_SET_CLIENT=@OLD_CHARACTER_SET_CLIENT */;
/*!40101 SET CHARACTER_SET_RESULTS=@OLD_CHARACTER_SET_RESULTS */;
/*!40101 SET COLLATION_CONNECTION=@OLD_COLLATION_CONNECTION */;
/*!40111 SET SQL_NOTES=@OLD_SQL_NOTES */;

-- Dump completed on 2022-10-14  7:46:36
